Building Docker image for Geryon Linux tests...
DEPRECATED: The legacy builder is deprecated and will be removed in a future release.
            Install the buildx component to build images with BuildKit:
            https://docs.docker.com/go/buildx/

Sending build context to Docker daemon  159.7MB
Step 1/6 : FROM ubuntu:24.04
 ---> 4fbb8e6a8395
Step 2/6 : RUN apt-get update && apt-get install -y     build-essential     cmake     git     wget     curl     pkg-config     libboost-system-dev     libboost-thread-dev     libboost-program-options-dev     libboost-test-dev     gdb
 ---> Using cache
 ---> 4caa702ced8d
Step 3/6 : WORKDIR /app
 ---> Using cache
 ---> 0e0bd87b4009
Step 4/6 : COPY . /app
 ---> 3f65c688fe66
Step 5/6 : RUN mkdir -p build-linux && cd build-linux &&     cmake .. -DCMAKE_BUILD_TYPE=Release &&     make -j$(nproc)
 ---> Running in 98343a338a11
-- The CXX compiler identification is GNU 13.3.0
-- Detecting CXX compiler ABI info
-- Detecting CXX compiler ABI info - done
-- Check for working CXX compiler: /usr/bin/c++ - skipped
-- Detecting CXX compile features
-- Detecting CXX compile features - done
-- Found Boost: /usr/lib/aarch64-linux-gnu/cmake/Boost-1.83.0/BoostConfig.cmake (found version "1.83.0")  
-- The C compiler identification is GNU 13.3.0
-- Detecting C compiler ABI info
-- Detecting C compiler ABI info - done
-- Check for working C compiler: /usr/bin/cc - skipped
-- Detecting C compile features
-- Detecting C compile features - done
-- Could NOT find Python3 (missing: Python3_EXECUTABLE Interpreter) 
-- Performing Test CMAKE_HAVE_LIBC_PTHREAD
-- Performing Test CMAKE_HAVE_LIBC_PTHREAD - Success
-- Found Threads: TRUE  
-- Found Git: /usr/bin/git (found version "2.43.0") 
-- git version: v1.8.3 normalized to 1.8.3
-- Google Benchmark version: 1.8.3
-- Looking for shm_open in rt
-- Looking for shm_open in rt - found
-- Performing Test HAVE_CXX_FLAG_WALL
-- Performing Test HAVE_CXX_FLAG_WALL - Success
-- Performing Test HAVE_CXX_FLAG_WEXTRA
-- Performing Test HAVE_CXX_FLAG_WEXTRA - Success
-- Performing Test HAVE_CXX_FLAG_WSHADOW
-- Performing Test HAVE_CXX_FLAG_WSHADOW - Success
-- Performing Test HAVE_CXX_FLAG_WFLOAT_EQUAL
-- Performing Test HAVE_CXX_FLAG_WFLOAT_EQUAL - Success
-- Performing Test HAVE_CXX_FLAG_WOLD_STYLE_CAST
-- Performing Test HAVE_CXX_FLAG_WOLD_STYLE_CAST - Success
-- Performing Test HAVE_CXX_FLAG_WERROR
-- Performing Test HAVE_CXX_FLAG_WERROR - Success
-- Performing Test HAVE_CXX_FLAG_WSUGGEST_OVERRIDE
-- Performing Test HAVE_CXX_FLAG_WSUGGEST_OVERRIDE - Success
-- Performing Test HAVE_CXX_FLAG_PEDANTIC
-- Performing Test HAVE_CXX_FLAG_PEDANTIC - Success
-- Performing Test HAVE_CXX_FLAG_PEDANTIC_ERRORS
-- Performing Test HAVE_CXX_FLAG_PEDANTIC_ERRORS - Success
-- Performing Test HAVE_CXX_FLAG_WSHORTEN_64_TO_32
-- Performing Test HAVE_CXX_FLAG_WSHORTEN_64_TO_32 - Failed
-- Performing Test HAVE_CXX_FLAG_FSTRICT_ALIASING
-- Performing Test HAVE_CXX_FLAG_FSTRICT_ALIASING - Success
-- Performing Test HAVE_CXX_FLAG_WNO_DEPRECATED_DECLARATIONS
-- Performing Test HAVE_CXX_FLAG_WNO_DEPRECATED_DECLARATIONS - Success
-- Performing Test HAVE_CXX_FLAG_WNO_DEPRECATED
-- Performing Test HAVE_CXX_FLAG_WNO_DEPRECATED - Success
-- Performing Test HAVE_CXX_FLAG_WSTRICT_ALIASING
-- Performing Test HAVE_CXX_FLAG_WSTRICT_ALIASING - Success
-- Performing Test HAVE_CXX_FLAG_WD654
-- Performing Test HAVE_CXX_FLAG_WD654 - Failed
-- Performing Test HAVE_CXX_FLAG_WTHREAD_SAFETY
-- Performing Test HAVE_CXX_FLAG_WTHREAD_SAFETY - Failed
-- Performing Test HAVE_CXX_FLAG_COVERAGE
-- Performing Test HAVE_CXX_FLAG_COVERAGE - Success
-- Compiling and running to test HAVE_STD_REGEX
-- Performing Test HAVE_STD_REGEX -- success
-- Compiling and running to test HAVE_GNU_POSIX_REGEX
-- Performing Test HAVE_GNU_POSIX_REGEX -- failed to compile
-- Compiling and running to test HAVE_POSIX_REGEX
-- Performing Test HAVE_POSIX_REGEX -- success
-- Compiling and running to test HAVE_STEADY_CLOCK
-- Performing Test HAVE_STEADY_CLOCK -- success
-- Compiling and running to test HAVE_PTHREAD_AFFINITY
-- Performing Test HAVE_PTHREAD_AFFINITY -- success
-- Configuring done (8.0s)
-- Generating done (0.0s)
-- Build files have been written to: /app/build-linux
[  4%] Building CXX object CMakeFiles/geryon.dir/src/memory_region.cpp.o
[  2%] Building CXX object _deps/googletest-build/googletest/CMakeFiles/gtest.dir/src/gtest-all.cc.o
[  6%] Building CXX object CMakeFiles/geryon.dir/src/fault_handler.cpp.o
[91m/app/src/fault_handler.cpp: In member function 'bool geryon::GlobalFaultHandler::handle_fault_from_signal(void*)':
/app/src/fault_handler.cpp:230:18: warning: ignoring return value of 'ssize_t write(int, const void*, size_t)' declared with attribute 'warn_unused_result' [-Wunused-result]
  230 |             write(STDERR_FILENO, errmsg, len);
      |             ~~~~~^~~~~~~~~~~~~~~~~~~~~~~~~~~~
[0m[91m/app/src/fault_handler.cpp:234:22: warning: ignoring return value of 'ssize_t write(int, const void*, size_t)' declared with attribute 'warn_unused_result' [-Wunused-result]
  234 |                 write(STDERR_FILENO, errmsg, len);
      |                 ~~~~~^~~~~~~~~~~~~~~~~~~~~~~~~~~~
/app/src/fault_handler.cpp:236:18: warning: ignoring return value of 'ssize_t write(int, const void*, size_t)' declared with attribute 'warn_unused_result' [-Wunused-result]
  236 |             write(STDERR_FILENO, "\n", 1);
      |             ~~~~~^~~~~~~~~~~~~~~~~~~~~~~~
/app/src/fault_handler.cpp:259:22: warning: ignoring return value of 'ssize_t write(int, const void*, size_t)' declared with attribute 'warn_unused_result' [-Wunused-result]
  259 |                 write(STDERR_FILENO, errmsg, sizeof(errmsg) - 1);
      |                 ~~~~~^~~~~~~~~~~~~~~~~~~~~~~~~~~~~~~~~~~~~~~~~~~
[0m[  8%] Building CXX object CMakeFiles/geryon.dir/src/network_node.cpp.o
[ 10%] Linking CXX static library libgeryon.a
[ 10%] Built target geryon
[ 12%] Building CXX object _deps/benchmark-build/src/CMakeFiles/benchmark.dir/benchmark.cc.o
[ 14%] Linking CXX static library ../../../lib/libgtest.a
[ 14%] Built target gtest
[ 17%] Building CXX object _deps/benchmark-build/src/CMakeFiles/benchmark.dir/benchmark_api_internal.cc.o
[ 19%] Building CXX object _deps/googletest-build/googlemock/CMakeFiles/gmock.dir/src/gmock-all.cc.o
[ 21%] Building CXX object _deps/benchmark-build/src/CMakeFiles/benchmark.dir/benchmark_name.cc.o
[ 23%] Building CXX object _deps/benchmark-build/src/CMakeFiles/benchmark.dir/benchmark_register.cc.o
[ 25%] Linking CXX static library ../../../lib/libgmock.a
[ 25%] Built target gmock
[ 27%] Building CXX object _deps/benchmark-build/src/CMakeFiles/benchmark.dir/benchmark_runner.cc.o
[ 29%] Building CXX object _deps/benchmark-build/src/CMakeFiles/benchmark.dir/check.cc.o
[ 31%] Building CXX object _deps/googletest-build/googletest/CMakeFiles/gtest_main.dir/src/gtest_main.cc.o
[ 34%] Building CXX object _deps/benchmark-build/src/CMakeFiles/benchmark.dir/colorprint.cc.o
[ 36%] Building CXX object _deps/benchmark-build/src/CMakeFiles/benchmark.dir/commandlineflags.cc.o
[ 38%] Linking CXX static library ../../../lib/libgtest_main.a
[ 38%] Built target gtest_main
[ 40%] Building CXX object _deps/benchmark-build/src/CMakeFiles/benchmark.dir/complexity.cc.o
[ 42%] Building CXX object _deps/googletest-build/googlemock/CMakeFiles/gmock_main.dir/src/gmock_main.cc.o
[ 44%] Building CXX object _deps/benchmark-build/src/CMakeFiles/benchmark.dir/console_reporter.cc.o
[ 46%] Linking CXX static library ../../../lib/libgmock_main.a
[ 46%] Built target gmock_main
[ 48%] Building CXX object _deps/benchmark-build/src/CMakeFiles/benchmark.dir/counter.cc.o
[ 51%] Building CXX object _deps/benchmark-build/src/CMakeFiles/benchmark.dir/csv_reporter.cc.o
[ 53%] Building CXX object tests/CMakeFiles/geryon_tests.dir/test_memory_region.cpp.o
[ 55%] Building CXX object _deps/benchmark-build/src/CMakeFiles/benchmark.dir/json_reporter.cc.o
[ 57%] Building CXX object _deps/benchmark-build/src/CMakeFiles/benchmark.dir/perf_counters.cc.o
[ 59%] Building CXX object _deps/benchmark-build/src/CMakeFiles/benchmark.dir/reporter.cc.o
[ 61%] Building CXX object tests/CMakeFiles/geryon_tests.dir/test_fault_handler.cpp.o
[ 63%] Building CXX object _deps/benchmark-build/src/CMakeFiles/benchmark.dir/statistics.cc.o
[ 65%] Building CXX object tests/CMakeFiles/geryon_tests.dir/test_network_sync.cpp.o
[ 68%] Building CXX object _deps/benchmark-build/src/CMakeFiles/benchmark.dir/string_util.cc.o
[ 70%] Building CXX object _deps/benchmark-build/src/CMakeFiles/benchmark.dir/sysinfo.cc.o
[ 72%] Building CXX object _deps/benchmark-build/src/CMakeFiles/benchmark.dir/timers.cc.o
[ 74%] Linking CXX static library libbenchmark.a
[ 74%] Built target benchmark
[ 76%] Building CXX object _deps/benchmark-build/src/CMakeFiles/benchmark_main.dir/benchmark_main.cc.o
[ 78%] Linking CXX static library libbenchmark_main.a
[ 78%] Built target benchmark_main
[ 80%] Building CXX object benchmarks/CMakeFiles/benchmark_page_transfer.dir/benchmark_page_transfer.cpp.o
[ 82%] Building CXX object tests/CMakeFiles/geryon_tests.dir/test_multi_client.cpp.o
[ 85%] Linking CXX executable benchmark_page_transfer
[ 85%] Built target benchmark_page_transfer
[ 87%] Building CXX object tests/CMakeFiles/geryon_tests.dir/test_synchronization.cpp.o
[ 89%] Building CXX object tests/CMakeFiles/geryon_tests.dir/test_interprocess.cpp.o
[ 91%] Building CXX object tests/CMakeFiles/geryon_tests.dir/test_memnon_integration.cpp.o
[ 93%] Building CXX object tests/CMakeFiles/geryon_tests.dir/test_consistency.cpp.o
[ 95%] Building CXX object tests/CMakeFiles/geryon_tests.dir/test_correctness.cpp.o
[ 97%] Building CXX object tests/CMakeFiles/geryon_tests.dir/test_distributed_sort.cpp.o
[91m/app/tests/test_distributed_sort.cpp: In lambda function:
/app/tests/test_distributed_sort.cpp:152:24: warning: ignoring return value of 'int system(const char*)' declared with attribute 'warn_unused_result' [-Wunused-result]
  152 |             std::system(cmd.c_str());
      |             ~~~~~~~~~~~^~~~~~~~~~~~~
[0m[100%] Linking CXX executable geryon_tests
[100%] Built target geryon_tests
 ---> Removed intermediate container 98343a338a11
 ---> 92c209d96db0
Step 6/6 : CMD ["./build-linux/tests/geryon_tests"]
 ---> Running in 69783c6bf246
 ---> Removed intermediate container 69783c6bf246
 ---> 3fc70673d931
Successfully built 3fc70673d931
Successfully tagged geryon-linux-tests:latest
Running tests in Docker container...
Running main() from /app/build-linux/_deps/googletest-src/googletest/src/gtest_main.cc
[==========] Running 15 tests from 10 test suites.
[----------] Global test environment set-up.
[----------] 2 tests from MemoryRegionTest
[ RUN      ] MemoryRegionTest.AllocationAndPageSize
[       OK ] MemoryRegionTest.AllocationAndPageSize (0 ms)
[ RUN      ] MemoryRegionTest.ProtectionChanges
[       OK ] MemoryRegionTest.ProtectionChanges (2 ms)
[----------] 2 tests from MemoryRegionTest (2 ms total)

[----------] 1 test from FaultHandlerTest
[ RUN      ] FaultHandlerTest.SoftFaultHandling
[       OK ] FaultHandlerTest.SoftFaultHandling (0 ms)
[----------] 1 test from FaultHandlerTest (0 ms total)

[----------] 2 tests from NetworkSyncTest
[ RUN      ] NetworkSyncTest.BouncingOwnership
Replica 1 connected.
[       OK ] NetworkSyncTest.BouncingOwnership (2104 ms)
[ RUN      ] NetworkSyncTest.StressTest
Replica 1 connected.
[       OK ] NetworkSyncTest.StressTest (2170 ms)
[----------] 2 tests from NetworkSyncTest (4275 ms total)

[----------] 1 test from MultiClientTest
[ RUN      ] MultiClientTest.StarTopologyBouncing
Replica 1 connected.
Replica 2 connected.
Replica 3 connected.
[       OK ] MultiClientTest.StarTopologyBouncing (6529 ms)
[----------] 1 test from MultiClientTest (6529 ms total)

[----------] 1 test from SynchronizationTest
[ RUN      ] SynchronizationTest.DistributedSpinLock
Replica 1 connected.
Primary finished.
Replica finished.
[       OK ] SynchronizationTest.DistributedSpinLock (2273 ms)
[----------] 1 test from SynchronizationTest (2274 ms total)

[----------] 1 test from InterprocessTest
[ RUN      ] InterprocessTest.SharedVector
Replica 1 connected.
[       OK ] InterprocessTest.SharedVector (2105 ms)
[----------] 1 test from InterprocessTest (2105 ms total)

[----------] 1 test from MemnonIntegrationTest
[ RUN      ] MemnonIntegrationTest.SegmentedInterprocess
Replica 1 connected.
[       OK ] MemnonIntegrationTest.SegmentedInterprocess (2196 ms)
[----------] 1 test from MemnonIntegrationTest (2197 ms total)

[----------] 3 tests from ConsistencyTest
[ RUN      ] ConsistencyTest.TriggerSynchronization
Starting primary...
Primary started.
Starting replica...
Replica started.Replica 
1 connected.
Simulating replica page request 1
Simulating replica page request 2
Replica writing to pages
Primary triggering synchronization
Primary checking consistency
Stopping nodes
[       OK ] ConsistencyTest.TriggerSynchronization (2199 ms)
[ RUN      ] ConsistencyTest.ReplicaStopFlushesData
Test complete
Replica 1 connected.
[       OK ] ConsistencyTest.ReplicaStopFlushesData (2193 ms)
[ RUN      ] ConsistencyTest.PrimaryStopInitiatesHandshake
Replica 1 connected.
[       OK ] ConsistencyTest.PrimaryStopInitiatesHandshake (2094 ms)
[----------] 3 tests from ConsistencyTest (6488 ms total)

[----------] 2 tests from CorrectnessTest
[ RUN      ] CorrectnessTest.MultithreadMultipageCorrectness
Replica 1 connected.
Replica 2 connected.
Replica 3 connected.
[       OK ] CorrectnessTest.MultithreadMultipageCorrectness (20052 ms)
[ RUN      ] CorrectnessTest.MultiprocessMultipageCorrectness
Running main() from /app/build-linux/_deps/googletest-src/googletest/src/gtest_main.cc
Note: Google Test filter = CorrectnessTest.MultiprocessMultipageCorrectness
[==========] Running 1 test from 1 test suite.
[----------] Global test environment set-up.
[----------] 1 test from CorrectnessTest
[ RUN      ] CorrectnessTest.MultiprocessMultipageCorrectness
Replica 1 connected.
Running main() from /app/build-linux/_deps/googletest-src/googletest/src/gtest_main.cc
Note: Google Test filter = CorrectnessTest.MultiprocessMultipageCorrectness
[==========] Running 1 test from 1 test suite.
[----------] Global test environment set-up.
[----------] 1 test from CorrectnessTest
[ RUN      ] CorrectnessTest.MultiprocessMultipageCorrectness
Replica 2 connected.
Running main() from /app/build-linux/_deps/googletest-src/googletest/src/gtest_main.cc
Note: Google Test filter = CorrectnessTest.MultiprocessMultipageCorrectness
[==========] Running 1 test from 1 test suite.
[----------] Global test environment set-up.
[----------] 1 test from CorrectnessTest
[ RUN      ] CorrectnessTest.MultiprocessMultipageCorrectness
Replica 3 connected.
[       OK ] CorrectnessTest.MultiprocessMultipageCorrectness (2171 ms)
[----------] 2 tests from CorrectnessTest (22224 ms total)

[----------] 1 test from DistributedSortTest
[ RUN      ] DistributedSortTest.MultiprocessPiecewiseSort
Running main() from /app/build-linux/_deps/googletest-src/googletest/src/gtest_main.cc
Note: Google Test filter = DistributedSortTest.MultiprocessPiecewiseSort
[==========] Running 1 test from 1 test suite.
[----------] Global test environment set-up.
[----------] 1 test from DistributedSortTest
[ RUN      ] DistributedSortTest.MultiprocessPiecewiseSort
Replica 1 connected.
Running main() from /app/build-linux/_deps/googletest-src/googletest/src/gtest_main.cc
Note: Google Test filter = DistributedSortTest.MultiprocessPiecewiseSort
[==========] Running 1 test from 1 test suite.
[----------] Global test environment set-up.
[----------] 1 test from DistributedSortTest
[ RUN      ] DistributedSortTest.MultiprocessPiecewiseSort
Replica 2 connected.
Running main() from /app/build-linux/_deps/googletest-src/googletest/src/gtest_main.cc
Note: Google Test filter = DistributedSortTest.MultiprocessPiecewiseSort
[==========] Running 1 test from 1 test suite.
[----------] Global test environment set-up.
[----------] 1 test from DistributedSortTest
[ RUN      ] DistributedSortTest.MultiprocessPiecewiseSort
Replica 3 connected.
[Primary] Pages Sent: 14660, Pages Received: 14659 | Avg Transfer Time: 4.56392 us | Avg Time Between Transfers: 214.501 us
[Replica 1] Pages Sent: 5108, Pages Received: 5109 | Avg Transfer Time: 16.2261 us | Avg Time Between Transfers: 3944.34 us
[Replica 2] Pages Sent: 5155, Pages Received: 5156 | Avg Transfer Time: 19.7075 us | Avg Time Between Transfers: 3912.8 us
[Replica 3] Pages Sent: 5141, Pages Received: 5142 | Avg Transfer Time: 19.2717 us | Avg Time Between Transfers: 3931.79 us
[       OK ] DistributedSortTest.MultiprocessPiecewiseSort (23088 ms)
[----------] 1 test from DistributedSortTest (23088 ms total)

[----------] Global test environment tear-down
[==========] 15 tests from 10 test suites ran. (69186 ms total)
[  PASSED  ] 15 tests.
Building Docker image for Geryon Linux tests...
DEPRECATED: The legacy builder is deprecated and will be removed in a future release.
            Install the buildx component to build images with BuildKit:
            https://docs.docker.com/go/buildx/

Sending build context to Docker daemon  159.7MB
Step 1/6 : FROM ubuntu:24.04
 ---> 4fbb8e6a8395
Step 2/6 : RUN apt-get update && apt-get install -y     build-essential     cmake     git     wget     curl     pkg-config     libboost-system-dev     libboost-thread-dev     libboost-program-options-dev     libboost-test-dev     gdb
 ---> Using cache
 ---> 4caa702ced8d
Step 3/6 : WORKDIR /app
 ---> Using cache
 ---> 0e0bd87b4009
Step 4/6 : COPY . /app
 ---> 90ef72330bce
Step 5/6 : RUN mkdir -p build-linux && cd build-linux &&     cmake .. -DCMAKE_BUILD_TYPE=Release &&     make -j$(nproc)
 ---> Running in b64ebc372db7
-- The CXX compiler identification is GNU 13.3.0
-- Detecting CXX compiler ABI info
-- Detecting CXX compiler ABI info - done
-- Check for working CXX compiler: /usr/bin/c++ - skipped
-- Detecting CXX compile features
-- Detecting CXX compile features - done
-- Found Boost: /usr/lib/aarch64-linux-gnu/cmake/Boost-1.83.0/BoostConfig.cmake (found version "1.83.0")  
-- The C compiler identification is GNU 13.3.0
-- Detecting C compiler ABI info
-- Detecting C compiler ABI info - done
-- Check for working C compiler: /usr/bin/cc - skipped
-- Detecting C compile features
-- Detecting C compile features - done
-- Could NOT find Python3 (missing: Python3_EXECUTABLE Interpreter) 
-- Performing Test CMAKE_HAVE_LIBC_PTHREAD
-- Performing Test CMAKE_HAVE_LIBC_PTHREAD - Success
-- Found Threads: TRUE  
-- Found Git: /usr/bin/git (found version "2.43.0") 
-- git version: v1.8.3 normalized to 1.8.3
-- Google Benchmark version: 1.8.3
-- Looking for shm_open in rt
-- Looking for shm_open in rt - found
-- Performing Test HAVE_CXX_FLAG_WALL
-- Performing Test HAVE_CXX_FLAG_WALL - Success
-- Performing Test HAVE_CXX_FLAG_WEXTRA
-- Performing Test HAVE_CXX_FLAG_WEXTRA - Success
-- Performing Test HAVE_CXX_FLAG_WSHADOW
-- Performing Test HAVE_CXX_FLAG_WSHADOW - Success
-- Performing Test HAVE_CXX_FLAG_WFLOAT_EQUAL
-- Performing Test HAVE_CXX_FLAG_WFLOAT_EQUAL - Success
-- Performing Test HAVE_CXX_FLAG_WOLD_STYLE_CAST
-- Performing Test HAVE_CXX_FLAG_WOLD_STYLE_CAST - Success
-- Performing Test HAVE_CXX_FLAG_WERROR
-- Performing Test HAVE_CXX_FLAG_WERROR - Success
-- Performing Test HAVE_CXX_FLAG_WSUGGEST_OVERRIDE
-- Performing Test HAVE_CXX_FLAG_WSUGGEST_OVERRIDE - Success
-- Performing Test HAVE_CXX_FLAG_PEDANTIC
-- Performing Test HAVE_CXX_FLAG_PEDANTIC - Success
-- Performing Test HAVE_CXX_FLAG_PEDANTIC_ERRORS
-- Performing Test HAVE_CXX_FLAG_PEDANTIC_ERRORS - Success
-- Performing Test HAVE_CXX_FLAG_WSHORTEN_64_TO_32
-- Performing Test HAVE_CXX_FLAG_WSHORTEN_64_TO_32 - Failed
-- Performing Test HAVE_CXX_FLAG_FSTRICT_ALIASING
-- Performing Test HAVE_CXX_FLAG_FSTRICT_ALIASING - Success
-- Performing Test HAVE_CXX_FLAG_WNO_DEPRECATED_DECLARATIONS
-- Performing Test HAVE_CXX_FLAG_WNO_DEPRECATED_DECLARATIONS - Success
-- Performing Test HAVE_CXX_FLAG_WNO_DEPRECATED
-- Performing Test HAVE_CXX_FLAG_WNO_DEPRECATED - Success
-- Performing Test HAVE_CXX_FLAG_WSTRICT_ALIASING
-- Performing Test HAVE_CXX_FLAG_WSTRICT_ALIASING - Success
-- Performing Test HAVE_CXX_FLAG_WD654
-- Performing Test HAVE_CXX_FLAG_WD654 - Failed
-- Performing Test HAVE_CXX_FLAG_WTHREAD_SAFETY
-- Performing Test HAVE_CXX_FLAG_WTHREAD_SAFETY - Failed
-- Performing Test HAVE_CXX_FLAG_COVERAGE
-- Performing Test HAVE_CXX_FLAG_COVERAGE - Success
-- Compiling and running to test HAVE_STD_REGEX
-- Performing Test HAVE_STD_REGEX -- success
-- Compiling and running to test HAVE_GNU_POSIX_REGEX
-- Performing Test HAVE_GNU_POSIX_REGEX -- failed to compile
-- Compiling and running to test HAVE_POSIX_REGEX
-- Performing Test HAVE_POSIX_REGEX -- success
-- Compiling and running to test HAVE_STEADY_CLOCK
-- Performing Test HAVE_STEADY_CLOCK -- success
-- Compiling and running to test HAVE_PTHREAD_AFFINITY
-- Performing Test HAVE_PTHREAD_AFFINITY -- success
-- Configuring done (8.6s)
-- Generating done (0.0s)
-- Build files have been written to: /app/build-linux
[  2%] Building CXX object _deps/googletest-build/googletest/CMakeFiles/gtest.dir/src/gtest-all.cc.o
[  4%] Building CXX object CMakeFiles/geryon.dir/src/memory_region.cpp.o
[  6%] Building CXX object CMakeFiles/geryon.dir/src/fault_handler.cpp.o
[91m/app/src/fault_handler.cpp: In member function 'bool geryon::GlobalFaultHandler::handle_fault_from_signal(void*)':
/app/src/fault_handler.cpp:230:18: warning: ignoring return value of 'ssize_t write(int, const void*, size_t)' declared with attribute 'warn_unused_result' [-Wunused-result]
  230 |             write(STDERR_FILENO, errmsg, len);
      |             ~~~~~^~~~~~~~~~~~~~~~~~~~~~~~~~~~
/app/src/fault_handler.cpp:234:22: warning: ignoring return value of 'ssize_t write(int, const void*, size_t)' declared with attribute 'warn_unused_result' [-Wunused-result]
  234 |                 write(STDERR_FILENO, errmsg, len);
      |                 ~~~~~^~~~~~~~~~~~~~~~~~~~~~~~~~~~
/app/src/fault_handler.cpp:236:18: warning: ignoring return value of 'ssize_t write(int, const void*, size_t)' declared with attribute 'warn_unused_result' [-Wunused-result]
  236 |             write(STDERR_FILENO, "\n", 1);
      |             ~~~~~^~~~~~~~~~~~~~~~~~~~~~~~
/app/src/fault_handler.cpp:259:22: warning: ignoring return value of 'ssize_t write(int, const void*, size_t)' declared with attribute 'warn_unused_result' [-Wunused-result]
  259 |                 write(STDERR_FILENO, errmsg, sizeof(errmsg) - 1);
      |                 ~~~~~^~~~~~~~~~~~~~~~~~~~~~~~~~~~~~~~~~~~~~~~~~~
[0m[  8%] Building CXX object CMakeFiles/geryon.dir/src/network_node.cpp.o
[ 10%] Linking CXX static library libgeryon.a
[ 10%] Built target geryon
[ 12%] Building CXX object _deps/benchmark-build/src/CMakeFiles/benchmark.dir/benchmark.cc.o
[ 14%] Linking CXX static library ../../../lib/libgtest.a
[ 14%] Built target gtest
[ 17%] Building CXX object _deps/benchmark-build/src/CMakeFiles/benchmark.dir/benchmark_api_internal.cc.o
[ 19%] Building CXX object _deps/benchmark-build/src/CMakeFiles/benchmark.dir/benchmark_name.cc.o
[ 21%] Building CXX object _deps/benchmark-build/src/CMakeFiles/benchmark.dir/benchmark_register.cc.o
[ 23%] Building CXX object _deps/benchmark-build/src/CMakeFiles/benchmark.dir/benchmark_runner.cc.o
[ 25%] Building CXX object _deps/googletest-build/googlemock/CMakeFiles/gmock.dir/src/gmock-all.cc.o
[ 27%] Building CXX object _deps/benchmark-build/src/CMakeFiles/benchmark.dir/check.cc.o
[ 29%] Building CXX object _deps/benchmark-build/src/CMakeFiles/benchmark.dir/colorprint.cc.o
[ 31%] Building CXX object _deps/benchmark-build/src/CMakeFiles/benchmark.dir/commandlineflags.cc.o
[ 34%] Linking CXX static library ../../../lib/libgmock.a
[ 34%] Built target gmock
[ 36%] Building CXX object _deps/benchmark-build/src/CMakeFiles/benchmark.dir/complexity.cc.o
[ 38%] Building CXX object _deps/benchmark-build/src/CMakeFiles/benchmark.dir/console_reporter.cc.o
[ 40%] Building CXX object _deps/googletest-build/googletest/CMakeFiles/gtest_main.dir/src/gtest_main.cc.o
[ 42%] Building CXX object _deps/benchmark-build/src/CMakeFiles/benchmark.dir/counter.cc.o
[ 44%] Building CXX object _deps/benchmark-build/src/CMakeFiles/benchmark.dir/csv_reporter.cc.o
[ 46%] Linking CXX static library ../../../lib/libgtest_main.a
[ 46%] Built target gtest_main
[ 48%] Building CXX object _deps/benchmark-build/src/CMakeFiles/benchmark.dir/json_reporter.cc.o
[ 51%] Building CXX object _deps/benchmark-build/src/CMakeFiles/benchmark.dir/perf_counters.cc.o
[ 53%] Building CXX object _deps/googletest-build/googlemock/CMakeFiles/gmock_main.dir/src/gmock_main.cc.o
[ 55%] Building CXX object _deps/benchmark-build/src/CMakeFiles/benchmark.dir/reporter.cc.o
[ 57%] Building CXX object _deps/benchmark-build/src/CMakeFiles/benchmark.dir/statistics.cc.o
[ 59%] Linking CXX static library ../../../lib/libgmock_main.a
[ 59%] Built target gmock_main
[ 61%] Building CXX object _deps/benchmark-build/src/CMakeFiles/benchmark.dir/string_util.cc.o
[ 63%] Building CXX object tests/CMakeFiles/geryon_tests.dir/test_memory_region.cpp.o
[ 65%] Building CXX object _deps/benchmark-build/src/CMakeFiles/benchmark.dir/sysinfo.cc.o
[ 68%] Building CXX object _deps/benchmark-build/src/CMakeFiles/benchmark.dir/timers.cc.o
[ 70%] Linking CXX static library libbenchmark.a
[ 70%] Built target benchmark
[ 72%] Building CXX object tests/CMakeFiles/geryon_tests.dir/test_fault_handler.cpp.o
[ 74%] Building CXX object tests/CMakeFiles/geryon_tests.dir/test_network_sync.cpp.o
[ 76%] Building CXX object _deps/benchmark-build/src/CMakeFiles/benchmark_main.dir/benchmark_main.cc.o
[ 78%] Linking CXX static library libbenchmark_main.a
[ 78%] Built target benchmark_main
[ 80%] Building CXX object tests/CMakeFiles/geryon_tests.dir/test_multi_client.cpp.o
[ 82%] Building CXX object tests/CMakeFiles/geryon_tests.dir/test_synchronization.cpp.o
[ 85%] Building CXX object tests/CMakeFiles/geryon_tests.dir/test_interprocess.cpp.o
[ 87%] Building CXX object tests/CMakeFiles/geryon_tests.dir/test_memnon_integration.cpp.o
[ 89%] Building CXX object tests/CMakeFiles/geryon_tests.dir/test_consistency.cpp.o
[ 91%] Building CXX object benchmarks/CMakeFiles/benchmark_page_transfer.dir/benchmark_page_transfer.cpp.o
[ 93%] Linking CXX executable benchmark_page_transfer
[ 93%] Built target benchmark_page_transfer
[ 95%] Building CXX object tests/CMakeFiles/geryon_tests.dir/test_correctness.cpp.o
[ 97%] Building CXX object tests/CMakeFiles/geryon_tests.dir/test_distributed_sort.cpp.o
[91m/app/tests/test_distributed_sort.cpp: In lambda function:
/app/tests/test_distributed_sort.cpp:152:24: warning: ignoring return value of 'int system(const char*)' declared with attribute 'warn_unused_result' [-Wunused-result]
  152 |             std::system(cmd.c_str());
      |             ~~~~~~~~~~~^~~~~~~~~~~~~
[0m[100%] Linking CXX executable geryon_tests
[100%] Built target geryon_tests
 ---> Removed intermediate container b64ebc372db7
 ---> 628086159cb1
Step 6/6 : CMD ["./build-linux/tests/geryon_tests"]
 ---> Running in e0a4f616bc33
 ---> Removed intermediate container e0a4f616bc33
 ---> f95779ee78fa
Successfully built f95779ee78fa
Successfully tagged geryon-linux-tests:latest
Running tests in Docker container...
Running main() from /app/build-linux/_deps/googletest-src/googletest/src/gtest_main.cc
[==========] Running 15 tests from 10 test suites.
[----------] Global test environment set-up.
[----------] 2 tests from MemoryRegionTest
[ RUN      ] MemoryRegionTest.AllocationAndPageSize
[       OK ] MemoryRegionTest.AllocationAndPageSize (0 ms)
[ RUN      ] MemoryRegionTest.ProtectionChanges
[       OK ] MemoryRegionTest.ProtectionChanges (3 ms)
[----------] 2 tests from MemoryRegionTest (3 ms total)

[----------] 1 test from FaultHandlerTest
[ RUN      ] FaultHandlerTest.SoftFaultHandling
[       OK ] FaultHandlerTest.SoftFaultHandling (0 ms)
[----------] 1 test from FaultHandlerTest (0 ms total)

[----------] 2 tests from NetworkSyncTest
[ RUN      ] NetworkSyncTest.BouncingOwnership
Replica 1 connected.
[       OK ] NetworkSyncTest.BouncingOwnership (2102 ms)
[ RUN      ] NetworkSyncTest.StressTest
Replica 1 connected.
[       OK ] NetworkSyncTest.StressTest (2208 ms)
[----------] 2 tests from NetworkSyncTest (4311 ms total)

[----------] 1 test from MultiClientTest
[ RUN      ] MultiClientTest.StarTopologyBouncing
Replica 1 connected.
Replica 2 connected.
Replica 3 connected.
[       OK ] MultiClientTest.StarTopologyBouncing (6529 ms)
[----------] 1 test from MultiClientTest (6529 ms total)

[----------] 1 test from SynchronizationTest
[ RUN      ] SynchronizationTest.DistributedSpinLock
Replica 1 connected.
Primary finished.
Replica finished.
[       OK ] SynchronizationTest.DistributedSpinLock (2270 ms)
[----------] 1 test from SynchronizationTest (2270 ms total)

[----------] 1 test from InterprocessTest
[ RUN      ] InterprocessTest.SharedVector
Replica 1 connected.
[       OK ] InterprocessTest.SharedVector (2108 ms)
[----------] 1 test from InterprocessTest (2109 ms total)

[----------] 1 test from MemnonIntegrationTest
[ RUN      ] MemnonIntegrationTest.SegmentedInterprocess
Replica 1 connected.
[       OK ] MemnonIntegrationTest.SegmentedInterprocess (2192 ms)
[----------] 1 test from MemnonIntegrationTest (2192 ms total)

[----------] 3 tests from ConsistencyTest
[ RUN      ] ConsistencyTest.TriggerSynchronization
Starting primary...
Primary started.
Starting replica...
Replica started.
Replica 1 connected.
Simulating replica page request 1
Simulating replica page request 2
Replica writing to pages
Primary triggering synchronization
Primary checking consistency
Stopping nodes
Test complete
[       OK ] ConsistencyTest.TriggerSynchronization (2202 ms)
[ RUN      ] ConsistencyTest.ReplicaStopFlushesData
Replica 1 connected.
[       OK ] ConsistencyTest.ReplicaStopFlushesData (2197 ms)
[ RUN      ] ConsistencyTest.PrimaryStopInitiatesHandshake
Replica 1 connected.
[       OK ] ConsistencyTest.PrimaryStopInitiatesHandshake (2096 ms)
[----------] 3 tests from ConsistencyTest (6496 ms total)

[----------] 2 tests from CorrectnessTest
[ RUN      ] CorrectnessTest.MultithreadMultipageCorrectness
Replica 1 connected.
Replica 2 connected.
Replica 3 connected.
[       OK ] CorrectnessTest.MultithreadMultipageCorrectness (52724 ms)
[ RUN      ] CorrectnessTest.MultiprocessMultipageCorrectness
Running main() from /app/build-linux/_deps/googletest-src/googletest/src/gtest_main.cc
Note: Google Test filter = CorrectnessTest.MultiprocessMultipageCorrectness
[==========] Running 1 test from 1 test suite.
[----------] Global test environment set-up.
[----------] 1 test from CorrectnessTest
[ RUN      ] CorrectnessTest.MultiprocessMultipageCorrectness
Replica 1 connected.
Running main() from /app/build-linux/_deps/googletest-src/googletest/src/gtest_main.cc
Note: Google Test filter = CorrectnessTest.MultiprocessMultipageCorrectness
[==========] Running 1 test from 1 test suite.
[----------] Global test environment set-up.
[----------] 1 test from CorrectnessTest
[ RUN      ] CorrectnessTest.MultiprocessMultipageCorrectness
Replica 2 connected.
Running main() from /app/build-linux/_deps/googletest-src/googletest/src/gtest_main.cc
Note: Google Test filter = CorrectnessTest.MultiprocessMultipageCorrectness
[==========] Running 1 test from 1 test suite.
[----------] Global test environment set-up.
[----------] 1 test from CorrectnessTest
[ RUN      ] CorrectnessTest.MultiprocessMultipageCorrectness
Replica 3 connected.
[       OK ] CorrectnessTest.MultiprocessMultipageCorrectness (2172 ms)
[----------] 2 tests from CorrectnessTest (54897 ms total)

[----------] 1 test from DistributedSortTest
[ RUN      ] DistributedSortTest.MultiprocessPiecewiseSort
Running main() from /app/build-linux/_deps/googletest-src/googletest/src/gtest_main.cc
Note: Google Test filter = DistributedSortTest.MultiprocessPiecewiseSort
[==========] Running 1 test from 1 test suite.
[----------] Global test environment set-up.
[----------] 1 test from DistributedSortTest
[ RUN      ] DistributedSortTest.MultiprocessPiecewiseSort
Replica 1 connected.
Running main() from /app/build-linux/_deps/googletest-src/googletest/src/gtest_main.cc
Note: Google Test filter = DistributedSortTest.MultiprocessPiecewiseSort
[==========] Running 1 test from 1 test suite.
[----------] Global test environment set-up.
[----------] 1 test from DistributedSortTest
[ RUN      ] DistributedSortTest.MultiprocessPiecewiseSort
Replica 2 connected.
Running main() from /app/build-linux/_deps/googletest-src/googletest/src/gtest_main.cc
Note: Google Test filter = DistributedSortTest.MultiprocessPiecewiseSort
[==========] Running 1 test from 1 test suite.
[----------] Global test environment set-up.
[----------] 1 test from DistributedSortTest
[ RUN      ] DistributedSortTest.MultiprocessPiecewiseSort
Replica 3 connected.
[Primary] Pages Sent: 14660, Pages Received: 14659 | Avg Transfer Time: 4.29673 us | Avg Time Between Transfers: 213.169 us
[Replica 3] Pages Sent: 5187, Pages Received: 5188 | Avg Transfer Time: 17.0794 us | Avg Time Between Transfers: 5348.25 us
[Replica 2] Pages Sent: 5176, Pages Received: 5177 | Avg Transfer Time: 15.2651 us | Avg Time Between Transfers: 5369.76 us
[       OK ] DistributedSortTest.MultiprocessPiecewiseSort (30653 ms)
[----------] 1 test from DistributedSortTest (30653 ms total)

[----------] Global test environment tear-down
[==========] 15 tests from 10 test suites ran. (109464 ms total)
[  PASSED  ] 15 tests.
Building Docker image for Geryon Linux tests...
DEPRECATED: The legacy builder is deprecated and will be removed in a future release.
            Install the buildx component to build images with BuildKit:
            https://docs.docker.com/go/buildx/

Sending build context to Docker daemon  159.7MB
Step 1/6 : FROM ubuntu:24.04
 ---> 4fbb8e6a8395
Step 2/6 : RUN apt-get update && apt-get install -y     build-essential     cmake     git     wget     curl     pkg-config     libboost-system-dev     libboost-thread-dev     libboost-program-options-dev     libboost-test-dev     gdb
 ---> Using cache
 ---> 4caa702ced8d
Step 3/6 : WORKDIR /app
 ---> Using cache
 ---> 0e0bd87b4009
Step 4/6 : COPY . /app
 ---> e212b15ebd90
Step 5/6 : RUN mkdir -p build-linux && cd build-linux &&     cmake .. -DCMAKE_BUILD_TYPE=Release &&     make -j$(nproc)
 ---> Running in ede59ad9eddf
-- The CXX compiler identification is GNU 13.3.0
-- Detecting CXX compiler ABI info
-- Detecting CXX compiler ABI info - done
-- Check for working CXX compiler: /usr/bin/c++ - skipped
-- Detecting CXX compile features
-- Detecting CXX compile features - done
-- Found Boost: /usr/lib/aarch64-linux-gnu/cmake/Boost-1.83.0/BoostConfig.cmake (found version "1.83.0")  
-- The C compiler identification is GNU 13.3.0
-- Detecting C compiler ABI info
-- Detecting C compiler ABI info - done
-- Check for working C compiler: /usr/bin/cc - skipped
-- Detecting C compile features
-- Detecting C compile features - done
-- Could NOT find Python3 (missing: Python3_EXECUTABLE Interpreter) 
-- Performing Test CMAKE_HAVE_LIBC_PTHREAD
-- Performing Test CMAKE_HAVE_LIBC_PTHREAD - Success
-- Found Threads: TRUE  
-- Found Git: /usr/bin/git (found version "2.43.0") 
-- git version: v1.8.3 normalized to 1.8.3
-- Google Benchmark version: 1.8.3
-- Looking for shm_open in rt
-- Looking for shm_open in rt - found
-- Performing Test HAVE_CXX_FLAG_WALL
-- Performing Test HAVE_CXX_FLAG_WALL - Success
-- Performing Test HAVE_CXX_FLAG_WEXTRA
-- Performing Test HAVE_CXX_FLAG_WEXTRA - Success
-- Performing Test HAVE_CXX_FLAG_WSHADOW
-- Performing Test HAVE_CXX_FLAG_WSHADOW - Success
-- Performing Test HAVE_CXX_FLAG_WFLOAT_EQUAL
-- Performing Test HAVE_CXX_FLAG_WFLOAT_EQUAL - Success
-- Performing Test HAVE_CXX_FLAG_WOLD_STYLE_CAST
-- Performing Test HAVE_CXX_FLAG_WOLD_STYLE_CAST - Success
-- Performing Test HAVE_CXX_FLAG_WERROR
-- Performing Test HAVE_CXX_FLAG_WERROR - Success
-- Performing Test HAVE_CXX_FLAG_WSUGGEST_OVERRIDE
-- Performing Test HAVE_CXX_FLAG_WSUGGEST_OVERRIDE - Success
-- Performing Test HAVE_CXX_FLAG_PEDANTIC
-- Performing Test HAVE_CXX_FLAG_PEDANTIC - Success
-- Performing Test HAVE_CXX_FLAG_PEDANTIC_ERRORS
-- Performing Test HAVE_CXX_FLAG_PEDANTIC_ERRORS - Success
-- Performing Test HAVE_CXX_FLAG_WSHORTEN_64_TO_32
-- Performing Test HAVE_CXX_FLAG_WSHORTEN_64_TO_32 - Failed
-- Performing Test HAVE_CXX_FLAG_FSTRICT_ALIASING
-- Performing Test HAVE_CXX_FLAG_FSTRICT_ALIASING - Success
-- Performing Test HAVE_CXX_FLAG_WNO_DEPRECATED_DECLARATIONS
-- Performing Test HAVE_CXX_FLAG_WNO_DEPRECATED_DECLARATIONS - Success
-- Performing Test HAVE_CXX_FLAG_WNO_DEPRECATED
-- Performing Test HAVE_CXX_FLAG_WNO_DEPRECATED - Success
-- Performing Test HAVE_CXX_FLAG_WSTRICT_ALIASING
-- Performing Test HAVE_CXX_FLAG_WSTRICT_ALIASING - Success
-- Performing Test HAVE_CXX_FLAG_WD654
-- Performing Test HAVE_CXX_FLAG_WD654 - Failed
-- Performing Test HAVE_CXX_FLAG_WTHREAD_SAFETY
-- Performing Test HAVE_CXX_FLAG_WTHREAD_SAFETY - Failed
-- Performing Test HAVE_CXX_FLAG_COVERAGE
-- Performing Test HAVE_CXX_FLAG_COVERAGE - Success
-- Compiling and running to test HAVE_STD_REGEX
-- Performing Test HAVE_STD_REGEX -- success
-- Compiling and running to test HAVE_GNU_POSIX_REGEX
-- Performing Test HAVE_GNU_POSIX_REGEX -- failed to compile
-- Compiling and running to test HAVE_POSIX_REGEX
-- Performing Test HAVE_POSIX_REGEX -- success
-- Compiling and running to test HAVE_STEADY_CLOCK
-- Performing Test HAVE_STEADY_CLOCK -- success
-- Compiling and running to test HAVE_PTHREAD_AFFINITY
-- Performing Test HAVE_PTHREAD_AFFINITY -- success
-- Configuring done (8.5s)
-- Generating done (0.0s)
-- Build files have been written to: /app/build-linux
[  4%] Building CXX object CMakeFiles/geryon.dir/src/memory_region.cpp.o
[  4%] Building CXX object _deps/googletest-build/googletest/CMakeFiles/gtest.dir/src/gtest-all.cc.o
[  6%] Building CXX object CMakeFiles/geryon.dir/src/fault_handler.cpp.o
[91m/app/src/fault_handler.cpp: In member function 'bool geryon::GlobalFaultHandler::handle_fault_from_signal(void*)':
/app/src/fault_handler.cpp:230:18: warning: ignoring return value of 'ssize_t write(int, const void*, size_t)' declared with attribute 'warn_unused_result' [-Wunused-result]
  230 |             write(STDERR_FILENO, errmsg, len);
      |             ~~~~~^~~~~~~~~~~~~~~~~~~~~~~~~~~~
/app/src/fault_handler.cpp:234:22: warning: ignoring return value of 'ssize_t write(int, const void*, size_t)' declared with attribute 'warn_unused_result' [-Wunused-result]
  234 |                 write(STDERR_FILENO, errmsg, len);
      |                 ~~~~~^~~~~~~~~~~~~~~~~~~~~~~~~~~~
/app/src/fault_handler.cpp:236:18: warning: ignoring return value of 'ssize_t write(int, const void*, size_t)' declared with attribute 'warn_unused_result' [-Wunused-result]
  236 |             write(STDERR_FILENO, "\n", 1);
      |             ~~~~~^~~~~~~~~~~~~~~~~~~~~~~~
[0m[91m/app/src/fault_handler.cpp:259:22: warning: ignoring return value of 'ssize_t write(int, const void*, size_t)' declared with attribute 'warn_unused_result' [-Wunused-result]
  259 |                 write(STDERR_FILENO, errmsg, sizeof(errmsg) - 1);
      |                 ~~~~~^~~~~~~~~~~~~~~~~~~~~~~~~~~~~~~~~~~~~~~~~~~
[0m[  8%] Building CXX object CMakeFiles/geryon.dir/src/network_node.cpp.o
[ 10%] Linking CXX static library libgeryon.a
[ 10%] Built target geryon
[ 12%] Building CXX object _deps/benchmark-build/src/CMakeFiles/benchmark.dir/benchmark.cc.o
[ 14%] Linking CXX static library ../../../lib/libgtest.a
[ 14%] Built target gtest
[ 17%] Building CXX object _deps/benchmark-build/src/CMakeFiles/benchmark.dir/benchmark_api_internal.cc.o
[ 19%] Building CXX object _deps/googletest-build/googlemock/CMakeFiles/gmock.dir/src/gmock-all.cc.o
[ 21%] Building CXX object _deps/benchmark-build/src/CMakeFiles/benchmark.dir/benchmark_name.cc.o
[ 23%] Building CXX object _deps/benchmark-build/src/CMakeFiles/benchmark.dir/benchmark_register.cc.o
[ 25%] Linking CXX static library ../../../lib/libgmock.a
[ 25%] Built target gmock
[ 27%] Building CXX object _deps/benchmark-build/src/CMakeFiles/benchmark.dir/benchmark_runner.cc.o
[ 29%] Building CXX object _deps/benchmark-build/src/CMakeFiles/benchmark.dir/check.cc.o
[ 31%] Building CXX object _deps/googletest-build/googletest/CMakeFiles/gtest_main.dir/src/gtest_main.cc.o
[ 34%] Building CXX object _deps/benchmark-build/src/CMakeFiles/benchmark.dir/colorprint.cc.o
[ 36%] Building CXX object _deps/benchmark-build/src/CMakeFiles/benchmark.dir/commandlineflags.cc.o
[ 38%] Linking CXX static library ../../../lib/libgtest_main.a
[ 38%] Built target gtest_main
[ 40%] Building CXX object _deps/benchmark-build/src/CMakeFiles/benchmark.dir/complexity.cc.o
[ 42%] Building CXX object _deps/googletest-build/googlemock/CMakeFiles/gmock_main.dir/src/gmock_main.cc.o
[ 44%] Building CXX object _deps/benchmark-build/src/CMakeFiles/benchmark.dir/console_reporter.cc.o
[ 46%] Linking CXX static library ../../../lib/libgmock_main.a
[ 46%] Built target gmock_main
[ 48%] Building CXX object _deps/benchmark-build/src/CMakeFiles/benchmark.dir/counter.cc.o
[ 51%] Building CXX object tests/CMakeFiles/geryon_tests.dir/test_memory_region.cpp.o
[ 53%] Building CXX object _deps/benchmark-build/src/CMakeFiles/benchmark.dir/csv_reporter.cc.o
[ 55%] Building CXX object _deps/benchmark-build/src/CMakeFiles/benchmark.dir/json_reporter.cc.o
[ 57%] Building CXX object _deps/benchmark-build/src/CMakeFiles/benchmark.dir/perf_counters.cc.o
[ 59%] Building CXX object tests/CMakeFiles/geryon_tests.dir/test_fault_handler.cpp.o
[ 61%] Building CXX object _deps/benchmark-build/src/CMakeFiles/benchmark.dir/reporter.cc.o
[ 63%] Building CXX object _deps/benchmark-build/src/CMakeFiles/benchmark.dir/statistics.cc.o
[ 65%] Building CXX object tests/CMakeFiles/geryon_tests.dir/test_network_sync.cpp.o
[ 68%] Building CXX object _deps/benchmark-build/src/CMakeFiles/benchmark.dir/string_util.cc.o
[ 70%] Building CXX object _deps/benchmark-build/src/CMakeFiles/benchmark.dir/sysinfo.cc.o
[ 72%] Building CXX object _deps/benchmark-build/src/CMakeFiles/benchmark.dir/timers.cc.o
[ 74%] Building CXX object tests/CMakeFiles/geryon_tests.dir/test_multi_client.cpp.o
[ 76%] Linking CXX static library libbenchmark.a
[ 76%] Built target benchmark
[ 78%] Building CXX object _deps/benchmark-build/src/CMakeFiles/benchmark_main.dir/benchmark_main.cc.o
[ 80%] Linking CXX static library libbenchmark_main.a
[ 80%] Built target benchmark_main
[ 82%] Building CXX object tests/CMakeFiles/geryon_tests.dir/test_synchronization.cpp.o
[ 85%] Building CXX object tests/CMakeFiles/geryon_tests.dir/test_interprocess.cpp.o
[ 87%] Building CXX object tests/CMakeFiles/geryon_tests.dir/test_memnon_integration.cpp.o
[ 89%] Building CXX object tests/CMakeFiles/geryon_tests.dir/test_consistency.cpp.o
[ 91%] Building CXX object benchmarks/CMakeFiles/benchmark_page_transfer.dir/benchmark_page_transfer.cpp.o
[ 93%] Building CXX object tests/CMakeFiles/geryon_tests.dir/test_correctness.cpp.o
[ 95%] Linking CXX executable benchmark_page_transfer
[ 95%] Built target benchmark_page_transfer
[ 97%] Building CXX object tests/CMakeFiles/geryon_tests.dir/test_distributed_sort.cpp.o
[91m/app/tests/test_distributed_sort.cpp: In lambda function:
/app/tests/test_distributed_sort.cpp:152:24: warning: ignoring return value of 'int system(const char*)' declared with attribute 'warn_unused_result' [-Wunused-result]
  152 |             std::system(cmd.c_str());
      |             ~~~~~~~~~~~^~~~~~~~~~~~~
[0m[100%] Linking CXX executable geryon_tests
[100%] Built target geryon_tests
 ---> Removed intermediate container ede59ad9eddf
 ---> 0bed804c2390
Step 6/6 : CMD ["./build-linux/tests/geryon_tests"]
 ---> Running in 2c2c36b1a72c
 ---> Removed intermediate container 2c2c36b1a72c
 ---> b295749c12c4
Successfully built b295749c12c4
Successfully tagged geryon-linux-tests:latest
Running tests in Docker container...
Running main() from /app/build-linux/_deps/googletest-src/googletest/src/gtest_main.cc
[==========] Running 15 tests from 10 test suites.
[----------] Global test environment set-up.
[----------] 2 tests from MemoryRegionTest
[ RUN      ] MemoryRegionTest.AllocationAndPageSize
[       OK ] MemoryRegionTest.AllocationAndPageSize (0 ms)
[ RUN      ] MemoryRegionTest.ProtectionChanges
[       OK ] MemoryRegionTest.ProtectionChanges (1 ms)
[----------] 2 tests from MemoryRegionTest (2 ms total)

[----------] 1 test from FaultHandlerTest
[ RUN      ] FaultHandlerTest.SoftFaultHandling
[       OK ] FaultHandlerTest.SoftFaultHandling (0 ms)
[----------] 1 test from FaultHandlerTest (0 ms total)

[----------] 2 tests from NetworkSyncTest
[ RUN      ] NetworkSyncTest.BouncingOwnership
Replica 1 connected.
[       OK ] NetworkSyncTest.BouncingOwnership (2104 ms)
[ RUN      ] NetworkSyncTest.StressTest
Replica 1 connected.
[       OK ] NetworkSyncTest.StressTest (2211 ms)
[----------] 2 tests from NetworkSyncTest (4316 ms total)

[----------] 1 test from MultiClientTest
[ RUN      ] MultiClientTest.StarTopologyBouncing
Replica 1 connected.
Replica 2 connected.
Replica 3 connected.
[       OK ] MultiClientTest.StarTopologyBouncing (6526 ms)
[----------] 1 test from MultiClientTest (6526 ms total)

[----------] 1 test from SynchronizationTest
[ RUN      ] SynchronizationTest.DistributedSpinLock
Replica 1 connected.
Primary finished.
Replica finished.
[       OK ] SynchronizationTest.DistributedSpinLock (2272 ms)
[----------] 1 test from SynchronizationTest (2272 ms total)

[----------] 1 test from InterprocessTest
[ RUN      ] InterprocessTest.SharedVector
Replica 1 connected.
[       OK ] InterprocessTest.SharedVector (2106 ms)
[----------] 1 test from InterprocessTest (2106 ms total)

[----------] 1 test from MemnonIntegrationTest
[ RUN      ] MemnonIntegrationTest.SegmentedInterprocess
Replica 1 connected.
[       OK ] MemnonIntegrationTest.SegmentedInterprocess (2191 ms)
[----------] 1 test from MemnonIntegrationTest (2191 ms total)

[----------] 3 tests from ConsistencyTest
[ RUN      ] ConsistencyTest.TriggerSynchronization
Starting primary...
Primary started.
Starting replica...
Replica 1 connected.
Replica started.
Simulating replica page request 1
Simulating replica page request 2
Replica writing to pages
Primary triggering synchronization
Primary checking consistency
Stopping nodes
Test complete
[       OK ] ConsistencyTest.TriggerSynchronization (2202 ms)
[ RUN      ] ConsistencyTest.ReplicaStopFlushesData
Replica 1 connected.
[       OK ] ConsistencyTest.ReplicaStopFlushesData (2195 ms)
[ RUN      ] ConsistencyTest.PrimaryStopInitiatesHandshake
Replica 1 connected.
[       OK ] ConsistencyTest.PrimaryStopInitiatesHandshake (2094 ms)
[----------] 3 tests from ConsistencyTest (6492 ms total)

[----------] 2 tests from CorrectnessTest
[ RUN      ] CorrectnessTest.MultithreadMultipageCorrectness
Replica 1 connected.
Replica 2 connected.
Replica 3 connected.
[       OK ] CorrectnessTest.MultithreadMultipageCorrectness (27967 ms)
[ RUN      ] CorrectnessTest.MultiprocessMultipageCorrectness
Running main() from /app/build-linux/_deps/googletest-src/googletest/src/gtest_main.cc
Note: Google Test filter = CorrectnessTest.MultiprocessMultipageCorrectness
[==========] Running 1 test from 1 test suite.
[----------] Global test environment set-up.
[----------] 1 test from CorrectnessTest
[ RUN      ] CorrectnessTest.MultiprocessMultipageCorrectness
Replica 1 connected.
Running main() from /app/build-linux/_deps/googletest-src/googletest/src/gtest_main.cc
Note: Google Test filter = CorrectnessTest.MultiprocessMultipageCorrectness
[==========] Running 1 test from 1 test suite.
[----------] Global test environment set-up.
[----------] 1 test from CorrectnessTest
[ RUN      ] CorrectnessTest.MultiprocessMultipageCorrectness
Replica 2 connected.
Running main() from /app/build-linux/_deps/googletest-src/googletest/src/gtest_main.cc
Note: Google Test filter = CorrectnessTest.MultiprocessMultipageCorrectness
[==========] Running 1 test from 1 test suite.
[----------] Global test environment set-up.
[----------] 1 test from CorrectnessTest
[ RUN      ] CorrectnessTest.MultiprocessMultipageCorrectness
Replica 3 connected.
[       OK ] CorrectnessTest.MultiprocessMultipageCorrectness (2174 ms)
[----------] 2 tests from CorrectnessTest (30141 ms total)

[----------] 1 test from DistributedSortTest
[ RUN      ] DistributedSortTest.MultiprocessPiecewiseSort
Running main() from /app/build-linux/_deps/googletest-src/googletest/src/gtest_main.cc
Note: Google Test filter = DistributedSortTest.MultiprocessPiecewiseSort
[==========] Running 1 test from 1 test suite.
[----------] Global test environment set-up.
[----------] 1 test from DistributedSortTest
[ RUN      ] DistributedSortTest.MultiprocessPiecewiseSort
Replica 1 connected.
Running main() from /app/build-linux/_deps/googletest-src/googletest/src/gtest_main.cc
Note: Google Test filter = DistributedSortTest.MultiprocessPiecewiseSort
[==========] Running 1 test from 1 test suite.
[----------] Global test environment set-up.
[----------] 1 test from DistributedSortTest
[ RUN      ] DistributedSortTest.MultiprocessPiecewiseSort
Replica 2 connected.
Running main() from /app/build-linux/_deps/googletest-src/googletest/src/gtest_main.cc
Note: Google Test filter = DistributedSortTest.MultiprocessPiecewiseSort
[==========] Running 1 test from 1 test suite.
[----------] Global test environment set-up.
[----------] 1 test from DistributedSortTest
[ RUN      ] DistributedSortTest.MultiprocessPiecewiseSort
Replica 3 connected.
[Primary] Pages Sent: 14660, Pages Received: 14659 | Avg Transfer Time: 5.32995 us | Avg Time Between Transfers: 220.073 us
[Replica 3] Pages Sent: 5219, Pages Received: 5220 | Avg Transfer Time: 21.5493 us | Avg Time Between Transfers: 4570.08 us
[Replica 2] Pages Sent: 5210, Pages Received: 5211 | Avg Transfer Time: 21.8875 us | Avg Time Between Transfers: 4585.78 us
[Replica 1] Pages Sent: 5207, Pages Received: 5208 | Avg Transfer Time: 21.9764 us | Avg Time Between Transfers: 4596.36 us
[       OK ] DistributedSortTest.MultiprocessPiecewiseSort (26796 ms)
[----------] 1 test from DistributedSortTest (26796 ms total)

[----------] Global test environment tear-down
[==========] 15 tests from 10 test suites ran. (80846 ms total)
[  PASSED  ] 15 tests.
Building Docker image for Geryon Linux tests...
DEPRECATED: The legacy builder is deprecated and will be removed in a future release.
            Install the buildx component to build images with BuildKit:
            https://docs.docker.com/go/buildx/

Sending build context to Docker daemon  159.7MB
Step 1/6 : FROM ubuntu:24.04
 ---> 4fbb8e6a8395
Step 2/6 : RUN apt-get update && apt-get install -y     build-essential     cmake     git     wget     curl     pkg-config     libboost-system-dev     libboost-thread-dev     libboost-program-options-dev     libboost-test-dev     gdb
 ---> Using cache
 ---> 4caa702ced8d
Step 3/6 : WORKDIR /app
 ---> Using cache
 ---> 0e0bd87b4009
Step 4/6 : COPY . /app
 ---> 131a986c05c1
Step 5/6 : RUN mkdir -p build-linux && cd build-linux &&     cmake .. -DCMAKE_BUILD_TYPE=Release &&     make -j$(nproc)
 ---> Running in 3e84c76ef459
-- The CXX compiler identification is GNU 13.3.0
-- Detecting CXX compiler ABI info
-- Detecting CXX compiler ABI info - done
-- Check for working CXX compiler: /usr/bin/c++ - skipped
-- Detecting CXX compile features
-- Detecting CXX compile features - done
-- Found Boost: /usr/lib/aarch64-linux-gnu/cmake/Boost-1.83.0/BoostConfig.cmake (found version "1.83.0")  
-- The C compiler identification is GNU 13.3.0
-- Detecting C compiler ABI info
-- Detecting C compiler ABI info - done
-- Check for working C compiler: /usr/bin/cc - skipped
-- Detecting C compile features
-- Detecting C compile features - done
-- Could NOT find Python3 (missing: Python3_EXECUTABLE Interpreter) 
-- Performing Test CMAKE_HAVE_LIBC_PTHREAD
-- Performing Test CMAKE_HAVE_LIBC_PTHREAD - Success
-- Found Threads: TRUE  
-- Found Git: /usr/bin/git (found version "2.43.0") 
-- git version: v1.8.3 normalized to 1.8.3
-- Google Benchmark version: 1.8.3
-- Looking for shm_open in rt
-- Looking for shm_open in rt - found
-- Performing Test HAVE_CXX_FLAG_WALL
-- Performing Test HAVE_CXX_FLAG_WALL - Success
-- Performing Test HAVE_CXX_FLAG_WEXTRA
-- Performing Test HAVE_CXX_FLAG_WEXTRA - Success
-- Performing Test HAVE_CXX_FLAG_WSHADOW
-- Performing Test HAVE_CXX_FLAG_WSHADOW - Success
-- Performing Test HAVE_CXX_FLAG_WFLOAT_EQUAL
-- Performing Test HAVE_CXX_FLAG_WFLOAT_EQUAL - Success
-- Performing Test HAVE_CXX_FLAG_WOLD_STYLE_CAST
-- Performing Test HAVE_CXX_FLAG_WOLD_STYLE_CAST - Success
-- Performing Test HAVE_CXX_FLAG_WERROR
-- Performing Test HAVE_CXX_FLAG_WERROR - Success
-- Performing Test HAVE_CXX_FLAG_WSUGGEST_OVERRIDE
-- Performing Test HAVE_CXX_FLAG_WSUGGEST_OVERRIDE - Success
-- Performing Test HAVE_CXX_FLAG_PEDANTIC
-- Performing Test HAVE_CXX_FLAG_PEDANTIC - Success
-- Performing Test HAVE_CXX_FLAG_PEDANTIC_ERRORS
-- Performing Test HAVE_CXX_FLAG_PEDANTIC_ERRORS - Success
-- Performing Test HAVE_CXX_FLAG_WSHORTEN_64_TO_32
-- Performing Test HAVE_CXX_FLAG_WSHORTEN_64_TO_32 - Failed
-- Performing Test HAVE_CXX_FLAG_FSTRICT_ALIASING
-- Performing Test HAVE_CXX_FLAG_FSTRICT_ALIASING - Success
-- Performing Test HAVE_CXX_FLAG_WNO_DEPRECATED_DECLARATIONS
-- Performing Test HAVE_CXX_FLAG_WNO_DEPRECATED_DECLARATIONS - Success
-- Performing Test HAVE_CXX_FLAG_WNO_DEPRECATED
-- Performing Test HAVE_CXX_FLAG_WNO_DEPRECATED - Success
-- Performing Test HAVE_CXX_FLAG_WSTRICT_ALIASING
-- Performing Test HAVE_CXX_FLAG_WSTRICT_ALIASING - Success
-- Performing Test HAVE_CXX_FLAG_WD654
-- Performing Test HAVE_CXX_FLAG_WD654 - Failed
-- Performing Test HAVE_CXX_FLAG_WTHREAD_SAFETY
-- Performing Test HAVE_CXX_FLAG_WTHREAD_SAFETY - Failed
-- Performing Test HAVE_CXX_FLAG_COVERAGE
-- Performing Test HAVE_CXX_FLAG_COVERAGE - Success
-- Compiling and running to test HAVE_STD_REGEX
-- Performing Test HAVE_STD_REGEX -- success
-- Compiling and running to test HAVE_GNU_POSIX_REGEX
-- Performing Test HAVE_GNU_POSIX_REGEX -- failed to compile
-- Compiling and running to test HAVE_POSIX_REGEX
-- Performing Test HAVE_POSIX_REGEX -- success
-- Compiling and running to test HAVE_STEADY_CLOCK
-- Performing Test HAVE_STEADY_CLOCK -- success
-- Compiling and running to test HAVE_PTHREAD_AFFINITY
-- Performing Test HAVE_PTHREAD_AFFINITY -- success
-- Configuring done (8.1s)
-- Generating done (0.0s)
-- Build files have been written to: /app/build-linux
[  2%] Building CXX object CMakeFiles/geryon.dir/src/memory_region.cpp.o
[  4%] Building CXX object _deps/googletest-build/googletest/CMakeFiles/gtest.dir/src/gtest-all.cc.o
[  6%] Building CXX object CMakeFiles/geryon.dir/src/fault_handler.cpp.o
[91m/app/src/fault_handler.cpp: In member function 'bool geryon::GlobalFaultHandler::handle_fault_from_signal(void*)':
/app/src/fault_handler.cpp:230:18: warning: ignoring return value of 'ssize_t write(int, const void*, size_t)' declared with attribute 'warn_unused_result' [-Wunused-result]
  230 |             write(STDERR_FILENO, errmsg, len);
      |             ~~~~~^~~~~~~~~~~~~~~~~~~~~~~~~~~~
/app/src/fault_handler.cpp:234:22: warning: ignoring return value of 'ssize_t write(int, const void*, size_t)' declared with attribute 'warn_unused_result' [-Wunused-result]
  234 |                 write(STDERR_FILENO, errmsg, len);
      |                 ~~~~~^~~~~~~~~~~~~~~~~~~~~~~~~~~~
/app/src/fault_handler.cpp:236:18: warning: ignoring return value of 'ssize_t write(int, const void*, size_t)' declared with attribute 'warn_unused_result' [-Wunused-result]
  236 |             write(STDERR_FILENO, "\n", 1);
      |             ~~~~~^~~~~~~~~~~~~~~~~~~~~~~~
/app/src/fault_handler.cpp:259:22: warning: ignoring return value of 'ssize_t write(int, const void*, size_t)' declared with attribute 'warn_unused_result' [-Wunused-result]
  259 |                 write(STDERR_FILENO, errmsg, sizeof(errmsg) - 1);
      |                 ~~~~~^~~~~~~~~~~~~~~~~~~~~~~~~~~~~~~~~~~~~~~~~~~
[0m[  8%] Building CXX object CMakeFiles/geryon.dir/src/network_node.cpp.o
[ 10%] Linking CXX static library libgeryon.a
[ 10%] Built target geryon
[ 12%] Building CXX object _deps/benchmark-build/src/CMakeFiles/benchmark.dir/benchmark.cc.o
[ 14%] Linking CXX static library ../../../lib/libgtest.a
[ 14%] Built target gtest
[ 17%] Building CXX object _deps/benchmark-build/src/CMakeFiles/benchmark.dir/benchmark_api_internal.cc.o
[ 19%] Building CXX object _deps/googletest-build/googlemock/CMakeFiles/gmock.dir/src/gmock-all.cc.o
[ 21%] Building CXX object _deps/benchmark-build/src/CMakeFiles/benchmark.dir/benchmark_name.cc.o
[ 23%] Building CXX object _deps/benchmark-build/src/CMakeFiles/benchmark.dir/benchmark_register.cc.o
[ 25%] Linking CXX static library ../../../lib/libgmock.a
[ 25%] Built target gmock
[ 27%] Building CXX object _deps/benchmark-build/src/CMakeFiles/benchmark.dir/benchmark_runner.cc.o
[ 29%] Building CXX object _deps/benchmark-build/src/CMakeFiles/benchmark.dir/check.cc.o
[ 31%] Building CXX object _deps/googletest-build/googletest/CMakeFiles/gtest_main.dir/src/gtest_main.cc.o
[ 34%] Building CXX object _deps/benchmark-build/src/CMakeFiles/benchmark.dir/colorprint.cc.o
[ 36%] Building CXX object _deps/benchmark-build/src/CMakeFiles/benchmark.dir/commandlineflags.cc.o
[ 38%] Linking CXX static library ../../../lib/libgtest_main.a
[ 38%] Built target gtest_main
[ 40%] Building CXX object _deps/benchmark-build/src/CMakeFiles/benchmark.dir/complexity.cc.o
[ 42%] Building CXX object _deps/googletest-build/googlemock/CMakeFiles/gmock_main.dir/src/gmock_main.cc.o
[ 44%] Building CXX object _deps/benchmark-build/src/CMakeFiles/benchmark.dir/console_reporter.cc.o
[ 46%] Linking CXX static library ../../../lib/libgmock_main.a
[ 46%] Built target gmock_main
[ 48%] Building CXX object _deps/benchmark-build/src/CMakeFiles/benchmark.dir/counter.cc.o
[ 51%] Building CXX object _deps/benchmark-build/src/CMakeFiles/benchmark.dir/csv_reporter.cc.o
[ 53%] Building CXX object tests/CMakeFiles/geryon_tests.dir/test_memory_region.cpp.o
[ 55%] Building CXX object _deps/benchmark-build/src/CMakeFiles/benchmark.dir/json_reporter.cc.o
[ 57%] Building CXX object _deps/benchmark-build/src/CMakeFiles/benchmark.dir/perf_counters.cc.o
[ 59%] Building CXX object _deps/benchmark-build/src/CMakeFiles/benchmark.dir/reporter.cc.o
[ 61%] Building CXX object tests/CMakeFiles/geryon_tests.dir/test_fault_handler.cpp.o
[ 63%] Building CXX object _deps/benchmark-build/src/CMakeFiles/benchmark.dir/statistics.cc.o
[ 65%] Building CXX object tests/CMakeFiles/geryon_tests.dir/test_network_sync.cpp.o
[ 68%] Building CXX object _deps/benchmark-build/src/CMakeFiles/benchmark.dir/string_util.cc.o
[ 70%] Building CXX object _deps/benchmark-build/src/CMakeFiles/benchmark.dir/sysinfo.cc.o
[ 72%] Building CXX object _deps/benchmark-build/src/CMakeFiles/benchmark.dir/timers.cc.o
[ 74%] Linking CXX static library libbenchmark.a
[ 74%] Built target benchmark
[ 76%] Building CXX object _deps/benchmark-build/src/CMakeFiles/benchmark_main.dir/benchmark_main.cc.o
[ 78%] Building CXX object tests/CMakeFiles/geryon_tests.dir/test_multi_client.cpp.o
[ 80%] Linking CXX static library libbenchmark_main.a
[ 80%] Built target benchmark_main
[ 82%] Building CXX object tests/CMakeFiles/geryon_tests.dir/test_synchronization.cpp.o
[ 85%] Building CXX object benchmarks/CMakeFiles/benchmark_page_transfer.dir/benchmark_page_transfer.cpp.o
[ 87%] Building CXX object tests/CMakeFiles/geryon_tests.dir/test_interprocess.cpp.o
[ 89%] Linking CXX executable benchmark_page_transfer
[ 89%] Built target benchmark_page_transfer
[ 91%] Building CXX object tests/CMakeFiles/geryon_tests.dir/test_memnon_integration.cpp.o
[ 93%] Building CXX object tests/CMakeFiles/geryon_tests.dir/test_consistency.cpp.o
[ 95%] Building CXX object tests/CMakeFiles/geryon_tests.dir/test_correctness.cpp.o
[ 97%] Building CXX object tests/CMakeFiles/geryon_tests.dir/test_distributed_sort.cpp.o
[91m/app/tests/test_distributed_sort.cpp: In lambda function:
/app/tests/test_distributed_sort.cpp:152:24: warning: ignoring return value of 'int system(const char*)' declared with attribute 'warn_unused_result' [-Wunused-result]
  152 |             std::system(cmd.c_str());
      |             ~~~~~~~~~~~^~~~~~~~~~~~~
[0m[100%] Linking CXX executable geryon_tests
[100%] Built target geryon_tests
 ---> Removed intermediate container 3e84c76ef459
 ---> 1ad9d2fb46a9
Step 6/6 : CMD ["./build-linux/tests/geryon_tests"]
 ---> Running in bcebbf08a8ee
 ---> Removed intermediate container bcebbf08a8ee
 ---> d5fb5004d639
Successfully built d5fb5004d639
Successfully tagged geryon-linux-tests:latest
Running tests in Docker container...
Running main() from /app/build-linux/_deps/googletest-src/googletest/src/gtest_main.cc
[==========] Running 15 tests from 10 test suites.
[----------] Global test environment set-up.
[----------] 2 tests from MemoryRegionTest
[ RUN      ] MemoryRegionTest.AllocationAndPageSize
[       OK ] MemoryRegionTest.AllocationAndPageSize (0 ms)
[ RUN      ] MemoryRegionTest.ProtectionChanges
[       OK ] MemoryRegionTest.ProtectionChanges (1 ms)
[----------] 2 tests from MemoryRegionTest (1 ms total)

[----------] 1 test from FaultHandlerTest
[ RUN      ] FaultHandlerTest.SoftFaultHandling
[       OK ] FaultHandlerTest.SoftFaultHandling (0 ms)
[----------] 1 test from FaultHandlerTest (0 ms total)

[----------] 2 tests from NetworkSyncTest
[ RUN      ] NetworkSyncTest.BouncingOwnership
Replica 1 connected.
[       OK ] NetworkSyncTest.BouncingOwnership (2104 ms)
[ RUN      ] NetworkSyncTest.StressTest
Replica 1 connected.
[       OK ] NetworkSyncTest.StressTest (2208 ms)
[----------] 2 tests from NetworkSyncTest (4312 ms total)

[----------] 1 test from MultiClientTest
[ RUN      ] MultiClientTest.StarTopologyBouncing
Replica 1 connected.
Replica 2 connected.
Replica 3 connected.
[       OK ] MultiClientTest.StarTopologyBouncing (6525 ms)
[----------] 1 test from MultiClientTest (6525 ms total)

[----------] 1 test from SynchronizationTest
[ RUN      ] SynchronizationTest.DistributedSpinLock
Replica 1 connected.
Replica finished.
Primary finished.
[       OK ] SynchronizationTest.DistributedSpinLock (2189 ms)
[----------] 1 test from SynchronizationTest (2189 ms total)

[----------] 1 test from InterprocessTest
[ RUN      ] InterprocessTest.SharedVector
Replica 1 connected.
[       OK ] InterprocessTest.SharedVector (2106 ms)
[----------] 1 test from InterprocessTest (2106 ms total)

[----------] 1 test from MemnonIntegrationTest
[ RUN      ] MemnonIntegrationTest.SegmentedInterprocess
Replica 1 connected.
[       OK ] MemnonIntegrationTest.SegmentedInterprocess (2198 ms)
[----------] 1 test from MemnonIntegrationTest (2198 ms total)

[----------] 3 tests from ConsistencyTest
[ RUN      ] ConsistencyTest.TriggerSynchronization
Replica 1 connected.
Starting primary...
Primary started.
Starting replica...
Replica started.
Simulating replica page request 1
Simulating replica page request 2
Replica writing to pages
Primary triggering synchronization
Primary checking consistency
Stopping nodes
Test complete
[       OK ] ConsistencyTest.TriggerSynchronization (2199 ms)
[ RUN      ] ConsistencyTest.ReplicaStopFlushesData
Replica 1 connected.
[       OK ] ConsistencyTest.ReplicaStopFlushesData (2195 ms)
[ RUN      ] ConsistencyTest.PrimaryStopInitiatesHandshake
Replica 1 connected.
[       OK ] ConsistencyTest.PrimaryStopInitiatesHandshake (2097 ms)
[----------] 3 tests from ConsistencyTest (6493 ms total)

[----------] 2 tests from CorrectnessTest
[ RUN      ] CorrectnessTest.MultithreadMultipageCorrectness
Replica 1 connected.
Replica 2 connected.
Replica 3 connected.
[       OK ] CorrectnessTest.MultithreadMultipageCorrectness (36266 ms)
[ RUN      ] CorrectnessTest.MultiprocessMultipageCorrectness
Running main() from /app/build-linux/_deps/googletest-src/googletest/src/gtest_main.cc
Note: Google Test filter = CorrectnessTest.MultiprocessMultipageCorrectness
[==========] Running 1 test from 1 test suite.
[----------] Global test environment set-up.
[----------] 1 test from CorrectnessTest
[ RUN      ] CorrectnessTest.MultiprocessMultipageCorrectness
Replica 1 connected.
Running main() from /app/build-linux/_deps/googletest-src/googletest/src/gtest_main.cc
Note: Google Test filter = CorrectnessTest.MultiprocessMultipageCorrectness
[==========] Running 1 test from 1 test suite.
[----------] Global test environment set-up.
[----------] 1 test from CorrectnessTest
[ RUN      ] CorrectnessTest.MultiprocessMultipageCorrectness
Replica 2 connected.
Running main() from /app/build-linux/_deps/googletest-src/googletest/src/gtest_main.cc
Note: Google Test filter = CorrectnessTest.MultiprocessMultipageCorrectness
[==========] Running 1 test from 1 test suite.
[----------] Global test environment set-up.
[----------] 1 test from CorrectnessTest
[ RUN      ] CorrectnessTest.MultiprocessMultipageCorrectness
Replica 3 connected.
[       OK ] CorrectnessTest.MultiprocessMultipageCorrectness (2169 ms)
[----------] 2 tests from CorrectnessTest (38436 ms total)

[----------] 1 test from DistributedSortTest
[ RUN      ] DistributedSortTest.MultiprocessPiecewiseSort
Running main() from /app/build-linux/_deps/googletest-src/googletest/src/gtest_main.cc
Note: Google Test filter = DistributedSortTest.MultiprocessPiecewiseSort
[==========] Running 1 test from 1 test suite.
[----------] Global test environment set-up.
[----------] 1 test from DistributedSortTest
[ RUN      ] DistributedSortTest.MultiprocessPiecewiseSort
Replica 1 connected.
Running main() from /app/build-linux/_deps/googletest-src/googletest/src/gtest_main.cc
Note: Google Test filter = DistributedSortTest.MultiprocessPiecewiseSort
[==========] Running 1 test from 1 test suite.
[----------] Global test environment set-up.
[----------] 1 test from DistributedSortTest
[ RUN      ] DistributedSortTest.MultiprocessPiecewiseSort
Replica 2 connected.
Running main() from /app/build-linux/_deps/googletest-src/googletest/src/gtest_main.cc
Note: Google Test filter = DistributedSortTest.MultiprocessPiecewiseSort
[==========] Running 1 test from 1 test suite.
[----------] Global test environment set-up.
[----------] 1 test from DistributedSortTest
[ RUN      ] DistributedSortTest.MultiprocessPiecewiseSort
Replica 3 connected.
[Primary] Pages Sent: 14660, Pages Received: 14659 | Avg Transfer Time: 4.5708 us | Avg Time Between Transfers: 217.671 us
[Replica 1] Pages Sent: 5113, Pages Received: 5114 | Avg Transfer Time: 23.7712 us | Avg Time Between Transfers: 3988.22 us
[Replica 2] Pages Sent: 5156, Pages Received: 5157 | Avg Transfer Time: 24.3918 us | Avg Time Between Transfers: 3962 us
[       OK ] DistributedSortTest.MultiprocessPiecewiseSort (23314 ms)
[----------] 1 test from DistributedSortTest (23314 ms total)

[----------] Global test environment tear-down
[==========] 15 tests from 10 test suites ran. (85578 ms total)
[  PASSED  ] 15 tests.
Building Docker image for Geryon Linux tests...
DEPRECATED: The legacy builder is deprecated and will be removed in a future release.
            Install the buildx component to build images with BuildKit:
            https://docs.docker.com/go/buildx/

Sending build context to Docker daemon  159.7MB
Step 1/6 : FROM ubuntu:24.04
 ---> 4fbb8e6a8395
Step 2/6 : RUN apt-get update && apt-get install -y     build-essential     cmake     git     wget     curl     pkg-config     libboost-system-dev     libboost-thread-dev     libboost-program-options-dev     libboost-test-dev     gdb
 ---> Using cache
 ---> 4caa702ced8d
Step 3/6 : WORKDIR /app
 ---> Using cache
 ---> 0e0bd87b4009
Step 4/6 : COPY . /app
 ---> ad8534535970
Step 5/6 : RUN mkdir -p build-linux && cd build-linux &&     cmake .. -DCMAKE_BUILD_TYPE=Release &&     make -j$(nproc)
 ---> Running in 741f68b091d0
-- The CXX compiler identification is GNU 13.3.0
-- Detecting CXX compiler ABI info
-- Detecting CXX compiler ABI info - done
-- Check for working CXX compiler: /usr/bin/c++ - skipped
-- Detecting CXX compile features
-- Detecting CXX compile features - done
-- Found Boost: /usr/lib/aarch64-linux-gnu/cmake/Boost-1.83.0/BoostConfig.cmake (found version "1.83.0")  
-- The C compiler identification is GNU 13.3.0
-- Detecting C compiler ABI info
-- Detecting C compiler ABI info - done
-- Check for working C compiler: /usr/bin/cc - skipped
-- Detecting C compile features
-- Detecting C compile features - done
-- Could NOT find Python3 (missing: Python3_EXECUTABLE Interpreter) 
-- Performing Test CMAKE_HAVE_LIBC_PTHREAD
-- Performing Test CMAKE_HAVE_LIBC_PTHREAD - Success
-- Found Threads: TRUE  
-- Found Git: /usr/bin/git (found version "2.43.0") 
-- git version: v1.8.3 normalized to 1.8.3
-- Google Benchmark version: 1.8.3
-- Looking for shm_open in rt
-- Looking for shm_open in rt - found
-- Performing Test HAVE_CXX_FLAG_WALL
-- Performing Test HAVE_CXX_FLAG_WALL - Success
-- Performing Test HAVE_CXX_FLAG_WEXTRA
-- Performing Test HAVE_CXX_FLAG_WEXTRA - Success
-- Performing Test HAVE_CXX_FLAG_WSHADOW
-- Performing Test HAVE_CXX_FLAG_WSHADOW - Success
-- Performing Test HAVE_CXX_FLAG_WFLOAT_EQUAL
-- Performing Test HAVE_CXX_FLAG_WFLOAT_EQUAL - Success
-- Performing Test HAVE_CXX_FLAG_WOLD_STYLE_CAST
-- Performing Test HAVE_CXX_FLAG_WOLD_STYLE_CAST - Success
-- Performing Test HAVE_CXX_FLAG_WERROR
-- Performing Test HAVE_CXX_FLAG_WERROR - Success
-- Performing Test HAVE_CXX_FLAG_WSUGGEST_OVERRIDE
-- Performing Test HAVE_CXX_FLAG_WSUGGEST_OVERRIDE - Success
-- Performing Test HAVE_CXX_FLAG_PEDANTIC
-- Performing Test HAVE_CXX_FLAG_PEDANTIC - Success
-- Performing Test HAVE_CXX_FLAG_PEDANTIC_ERRORS
-- Performing Test HAVE_CXX_FLAG_PEDANTIC_ERRORS - Success
-- Performing Test HAVE_CXX_FLAG_WSHORTEN_64_TO_32
-- Performing Test HAVE_CXX_FLAG_WSHORTEN_64_TO_32 - Failed
-- Performing Test HAVE_CXX_FLAG_FSTRICT_ALIASING
-- Performing Test HAVE_CXX_FLAG_FSTRICT_ALIASING - Success
-- Performing Test HAVE_CXX_FLAG_WNO_DEPRECATED_DECLARATIONS
-- Performing Test HAVE_CXX_FLAG_WNO_DEPRECATED_DECLARATIONS - Success
-- Performing Test HAVE_CXX_FLAG_WNO_DEPRECATED
-- Performing Test HAVE_CXX_FLAG_WNO_DEPRECATED - Success
-- Performing Test HAVE_CXX_FLAG_WSTRICT_ALIASING
-- Performing Test HAVE_CXX_FLAG_WSTRICT_ALIASING - Success
-- Performing Test HAVE_CXX_FLAG_WD654
-- Performing Test HAVE_CXX_FLAG_WD654 - Failed
-- Performing Test HAVE_CXX_FLAG_WTHREAD_SAFETY
-- Performing Test HAVE_CXX_FLAG_WTHREAD_SAFETY - Failed
-- Performing Test HAVE_CXX_FLAG_COVERAGE
-- Performing Test HAVE_CXX_FLAG_COVERAGE - Success
-- Compiling and running to test HAVE_STD_REGEX
-- Performing Test HAVE_STD_REGEX -- success
-- Compiling and running to test HAVE_GNU_POSIX_REGEX
-- Performing Test HAVE_GNU_POSIX_REGEX -- failed to compile
-- Compiling and running to test HAVE_POSIX_REGEX
-- Performing Test HAVE_POSIX_REGEX -- success
-- Compiling and running to test HAVE_STEADY_CLOCK
-- Performing Test HAVE_STEADY_CLOCK -- success
-- Compiling and running to test HAVE_PTHREAD_AFFINITY
-- Performing Test HAVE_PTHREAD_AFFINITY -- success
-- Configuring done (8.5s)
-- Generating done (0.0s)
-- Build files have been written to: /app/build-linux
[  2%] Building CXX object _deps/googletest-build/googletest/CMakeFiles/gtest.dir/src/gtest-all.cc.o
[  4%] Building CXX object CMakeFiles/geryon.dir/src/memory_region.cpp.o
[  6%] Building CXX object CMakeFiles/geryon.dir/src/fault_handler.cpp.o
[91m/app/src/fault_handler.cpp: In member function 'bool geryon::GlobalFaultHandler::handle_fault_from_signal(void*)':
/app/src/fault_handler.cpp:230:18: warning: ignoring return value of 'ssize_t write(int, const void*, size_t)' declared with attribute 'warn_unused_result' [-Wunused-result]
  230 |             write(STDERR_FILENO, errmsg, len);
      |             ~~~~~^~~~~~~~~~~~~~~~~~~~~~~~~~~~
/app/src/fault_handler.cpp:234:22: warning: ignoring return value of 'ssize_t write(int, const void*, size_t)' declared with attribute 'warn_unused_result' [-Wunused-result]
  234 |                 write(STDERR_FILENO, errmsg, len);
      |                 ~~~~~^~~~~~~~~~~~~~~~~~~~~~~~~~~~
/app/src/fault_handler.cpp:236:18: warning: ignoring return value of 'ssize_t write(int, const void*, size_t)' declared with attribute 'warn_unused_result' [-Wunused-result]
  236 |             write(STDERR_FILENO, "\n", 1);
      |             ~~~~~^~~~~~~~~~~~~~~~~~~~~~~~
/app/src/fault_handler.cpp:259:22: warning: ignoring return value of 'ssize_t write(int, const void*, size_t)' declared with attribute 'warn_unused_result' [-Wunused-result]
  259 |                 write(STDERR_FILENO, errmsg, sizeof(errmsg) - 1);
      |                 ~~~~~^~~~~~~~~~~~~~~~~~~~~~~~~~~~~~~~~~~~~~~~~~~
[0m[  8%] Building CXX object CMakeFiles/geryon.dir/src/network_node.cpp.o
[ 10%] Linking CXX static library libgeryon.a
[ 10%] Built target geryon
[ 12%] Building CXX object _deps/benchmark-build/src/CMakeFiles/benchmark.dir/benchmark.cc.o
[ 14%] Linking CXX static library ../../../lib/libgtest.a
[ 14%] Built target gtest
[ 17%] Building CXX object _deps/benchmark-build/src/CMakeFiles/benchmark.dir/benchmark_api_internal.cc.o
[ 19%] Building CXX object _deps/benchmark-build/src/CMakeFiles/benchmark.dir/benchmark_name.cc.o
[ 21%] Building CXX object _deps/benchmark-build/src/CMakeFiles/benchmark.dir/benchmark_register.cc.o
[ 23%] Building CXX object _deps/googletest-build/googlemock/CMakeFiles/gmock.dir/src/gmock-all.cc.o
[ 25%] Linking CXX static library ../../../lib/libgmock.a
[ 25%] Built target gmock
[ 27%] Building CXX object _deps/benchmark-build/src/CMakeFiles/benchmark.dir/benchmark_runner.cc.o
[ 29%] Building CXX object _deps/benchmark-build/src/CMakeFiles/benchmark.dir/check.cc.o
[ 31%] Building CXX object _deps/benchmark-build/src/CMakeFiles/benchmark.dir/colorprint.cc.o
[ 34%] Building CXX object _deps/benchmark-build/src/CMakeFiles/benchmark.dir/commandlineflags.cc.o
[ 36%] Building CXX object _deps/googletest-build/googletest/CMakeFiles/gtest_main.dir/src/gtest_main.cc.o
[ 38%] Building CXX object _deps/benchmark-build/src/CMakeFiles/benchmark.dir/complexity.cc.o
[ 40%] Linking CXX static library ../../../lib/libgtest_main.a
[ 40%] Built target gtest_main
[ 42%] Building CXX object _deps/benchmark-build/src/CMakeFiles/benchmark.dir/console_reporter.cc.o
[ 44%] Building CXX object _deps/benchmark-build/src/CMakeFiles/benchmark.dir/counter.cc.o
[ 46%] Building CXX object _deps/benchmark-build/src/CMakeFiles/benchmark.dir/csv_reporter.cc.o
[ 48%] Building CXX object _deps/benchmark-build/src/CMakeFiles/benchmark.dir/json_reporter.cc.o
[ 51%] Building CXX object _deps/googletest-build/googlemock/CMakeFiles/gmock_main.dir/src/gmock_main.cc.o
[ 53%] Building CXX object _deps/benchmark-build/src/CMakeFiles/benchmark.dir/perf_counters.cc.o
[ 55%] Building CXX object _deps/benchmark-build/src/CMakeFiles/benchmark.dir/reporter.cc.o
[ 57%] Linking CXX static library ../../../lib/libgmock_main.a
[ 57%] Built target gmock_main
[ 59%] Building CXX object _deps/benchmark-build/src/CMakeFiles/benchmark.dir/statistics.cc.o
[ 61%] Building CXX object tests/CMakeFiles/geryon_tests.dir/test_memory_region.cpp.o
[ 63%] Building CXX object _deps/benchmark-build/src/CMakeFiles/benchmark.dir/string_util.cc.o
[ 65%] Building CXX object _deps/benchmark-build/src/CMakeFiles/benchmark.dir/sysinfo.cc.o
[ 68%] Building CXX object tests/CMakeFiles/geryon_tests.dir/test_fault_handler.cpp.o
[ 70%] Building CXX object _deps/benchmark-build/src/CMakeFiles/benchmark.dir/timers.cc.o
[ 72%] Building CXX object tests/CMakeFiles/geryon_tests.dir/test_network_sync.cpp.o
[ 74%] Linking CXX static library libbenchmark.a
[ 74%] Built target benchmark
[ 76%] Building CXX object tests/CMakeFiles/geryon_tests.dir/test_multi_client.cpp.o
[ 78%] Building CXX object tests/CMakeFiles/geryon_tests.dir/test_synchronization.cpp.o
[ 80%] Building CXX object tests/CMakeFiles/geryon_tests.dir/test_interprocess.cpp.o
[ 82%] Building CXX object tests/CMakeFiles/geryon_tests.dir/test_memnon_integration.cpp.o
[ 85%] Building CXX object tests/CMakeFiles/geryon_tests.dir/test_consistency.cpp.o
[ 87%] Building CXX object tests/CMakeFiles/geryon_tests.dir/test_correctness.cpp.o
[ 89%] Building CXX object tests/CMakeFiles/geryon_tests.dir/test_distributed_sort.cpp.o
[ 91%] Building CXX object _deps/benchmark-build/src/CMakeFiles/benchmark_main.dir/benchmark_main.cc.o
[ 93%] Linking CXX static library libbenchmark_main.a
[ 93%] Built target benchmark_main
[ 95%] Building CXX object benchmarks/CMakeFiles/benchmark_page_transfer.dir/benchmark_page_transfer.cpp.o
[91m/app/tests/test_distributed_sort.cpp: In lambda function:
/app/tests/test_distributed_sort.cpp:152:24: warning: ignoring return value of 'int system(const char*)' declared with attribute 'warn_unused_result' [-Wunused-result]
  152 |             std::system(cmd.c_str());
      |             ~~~~~~~~~~~^~~~~~~~~~~~~
[0m[ 97%] Linking CXX executable geryon_tests
[ 97%] Built target geryon_tests
[100%] Linking CXX executable benchmark_page_transfer
[100%] Built target benchmark_page_transfer
 ---> Removed intermediate container 741f68b091d0
 ---> f7e6b9bd78a0
Step 6/6 : CMD ["./build-linux/tests/geryon_tests"]
 ---> Running in 3e6af6d5d922
 ---> Removed intermediate container 3e6af6d5d922
 ---> 973fd112ed28
Successfully built 973fd112ed28
Successfully tagged geryon-linux-tests:latest
Running tests in Docker container...
Running main() from /app/build-linux/_deps/googletest-src/googletest/src/gtest_main.cc
[==========] Running 15 tests from 10 test suites.
[----------] Global test environment set-up.
[----------] 2 tests from MemoryRegionTest
[ RUN      ] MemoryRegionTest.AllocationAndPageSize
[       OK ] MemoryRegionTest.AllocationAndPageSize (0 ms)
[ RUN      ] MemoryRegionTest.ProtectionChanges
[       OK ] MemoryRegionTest.ProtectionChanges (2 ms)
[----------] 2 tests from MemoryRegionTest (2 ms total)

[----------] 1 test from FaultHandlerTest
[ RUN      ] FaultHandlerTest.SoftFaultHandling
[       OK ] FaultHandlerTest.SoftFaultHandling (0 ms)
[----------] 1 test from FaultHandlerTest (0 ms total)

[----------] 2 tests from NetworkSyncTest
[ RUN      ] NetworkSyncTest.BouncingOwnership
Replica 1 connected.
[       OK ] NetworkSyncTest.BouncingOwnership (2102 ms)
[ RUN      ] NetworkSyncTest.StressTest
Replica 1 connected.
[       OK ] NetworkSyncTest.StressTest (2209 ms)
[----------] 2 tests from NetworkSyncTest (4311 ms total)

[----------] 1 test from MultiClientTest
[ RUN      ] MultiClientTest.StarTopologyBouncing
Replica 1 connected.
Replica 2 connected.
Replica 3 connected.
[       OK ] MultiClientTest.StarTopologyBouncing (6531 ms)
[----------] 1 test from MultiClientTest (6531 ms total)

[----------] 1 test from SynchronizationTest
[ RUN      ] SynchronizationTest.DistributedSpinLock
Replica 1 connected.
Replica finished.
Primary finished.
[       OK ] SynchronizationTest.DistributedSpinLock (2192 ms)
[----------] 1 test from SynchronizationTest (2192 ms total)

[----------] 1 test from InterprocessTest
[ RUN      ] InterprocessTest.SharedVector
Replica 1 connected.
[       OK ] InterprocessTest.SharedVector (2104 ms)
[----------] 1 test from InterprocessTest (2104 ms total)

[----------] 1 test from MemnonIntegrationTest
[ RUN      ] MemnonIntegrationTest.SegmentedInterprocess
Replica 1 connected.
[       OK ] MemnonIntegrationTest.SegmentedInterprocess (2194 ms)
[----------] 1 test from MemnonIntegrationTest (2194 ms total)

[----------] 3 tests from ConsistencyTest
[ RUN      ] ConsistencyTest.TriggerSynchronization
Starting primary...
Primary started.
Starting replica...
Replica 1 connected.
Replica started.
Simulating replica page request 1
Simulating replica page request 2
Replica writing to pages
Primary triggering synchronization
Primary checking consistency
Stopping nodes
Test complete
[       OK ] ConsistencyTest.TriggerSynchronization (2200 ms)
[ RUN      ] ConsistencyTest.ReplicaStopFlushesData
Replica 1 connected.
[       OK ] ConsistencyTest.ReplicaStopFlushesData (2196 ms)
[ RUN      ] ConsistencyTest.PrimaryStopInitiatesHandshake
Replica 1 connected.
[       OK ] ConsistencyTest.PrimaryStopInitiatesHandshake (2097 ms)
[----------] 3 tests from ConsistencyTest (6494 ms total)

[----------] 2 tests from CorrectnessTest
[ RUN      ] CorrectnessTest.MultithreadMultipageCorrectness
Replica 1 connected.
Replica 2 connected.
Replica 3 connected.
[       OK ] CorrectnessTest.MultithreadMultipageCorrectness (20130 ms)
[ RUN      ] CorrectnessTest.MultiprocessMultipageCorrectness
Running main() from /app/build-linux/_deps/googletest-src/googletest/src/gtest_main.cc
Note: Google Test filter = CorrectnessTest.MultiprocessMultipageCorrectness
[==========] Running 1 test from 1 test suite.
[----------] Global test environment set-up.
[----------] 1 test from CorrectnessTest
[ RUN      ] CorrectnessTest.MultiprocessMultipageCorrectness
Replica 1 connected.
Running main() from /app/build-linux/_deps/googletest-src/googletest/src/gtest_main.cc
Note: Google Test filter = CorrectnessTest.MultiprocessMultipageCorrectness
[==========] Running 1 test from 1 test suite.
[----------] Global test environment set-up.
[----------] 1 test from CorrectnessTest
[ RUN      ] CorrectnessTest.MultiprocessMultipageCorrectness
Replica 2 connected.
Running main() from /app/build-linux/_deps/googletest-src/googletest/src/gtest_main.cc
Note: Google Test filter = CorrectnessTest.MultiprocessMultipageCorrectness
[==========] Running 1 test from 1 test suite.
[----------] Global test environment set-up.
[----------] 1 test from CorrectnessTest
[ RUN      ] CorrectnessTest.MultiprocessMultipageCorrectness
Replica 3 connected.
[       OK ] CorrectnessTest.MultiprocessMultipageCorrectness (2178 ms)
[----------] 2 tests from CorrectnessTest (22308 ms total)

[----------] 1 test from DistributedSortTest
[ RUN      ] DistributedSortTest.MultiprocessPiecewiseSort
Running main() from /app/build-linux/_deps/googletest-src/googletest/src/gtest_main.cc
Note: Google Test filter = DistributedSortTest.MultiprocessPiecewiseSort
[==========] Running 1 test from 1 test suite.
[----------] Global test environment set-up.
[----------] 1 test from DistributedSortTest
[ RUN      ] DistributedSortTest.MultiprocessPiecewiseSort
Replica 1 connected.
Running main() from /app/build-linux/_deps/googletest-src/googletest/src/gtest_main.cc
Note: Google Test filter = DistributedSortTest.MultiprocessPiecewiseSort
[==========] Running 1 test from 1 test suite.
[----------] Global test environment set-up.
[----------] 1 test from DistributedSortTest
[ RUN      ] DistributedSortTest.MultiprocessPiecewiseSort
Replica 2 connected.
Running main() from /app/build-linux/_deps/googletest-src/googletest/src/gtest_main.cc
Note: Google Test filter = DistributedSortTest.MultiprocessPiecewiseSort
[==========] Running 1 test from 1 test suite.
[----------] Global test environment set-up.
[----------] 1 test from DistributedSortTest
[ RUN      ] DistributedSortTest.MultiprocessPiecewiseSort
Replica 3 connected.
[Primary] Pages Sent: 14660, Pages Received: 14659 | Avg Transfer Time: 4.82885 us | Avg Time Between Transfers: 234.684 us
[Replica 2] Pages Sent: 5254, Pages Received: 5255 | Avg Transfer Time: 29.4979 us | Avg Time Between Transfers: 5267.74 us
[Replica 1] Pages Sent: 5260, Pages Received: 5261 | Avg Transfer Time: 26.7589 us | Avg Time Between Transfers: 5273 us
[Replica 3] Pages Sent: 5270, Pages Received: 5271 | Avg Transfer Time: 29.5292 us | Avg Time Between Transfers: 5267.88 us
[       OK ] DistributedSortTest.MultiprocessPiecewiseSort (30661 ms)
[----------] 1 test from DistributedSortTest (30661 ms total)

[----------] Global test environment tear-down
[==========] 15 tests from 10 test suites ran. (76802 ms total)
[  PASSED  ] 15 tests.
Building Docker image for Geryon Linux tests...
DEPRECATED: The legacy builder is deprecated and will be removed in a future release.
            Install the buildx component to build images with BuildKit:
            https://docs.docker.com/go/buildx/

Sending build context to Docker daemon  159.8MB
Step 1/6 : FROM ubuntu:24.04
 ---> 4fbb8e6a8395
Step 2/6 : RUN apt-get update && apt-get install -y     build-essential     cmake     git     wget     curl     pkg-config     libboost-system-dev     libboost-thread-dev     libboost-program-options-dev     libboost-test-dev     gdb
 ---> Using cache
 ---> 4caa702ced8d
Step 3/6 : WORKDIR /app
 ---> Using cache
 ---> 0e0bd87b4009
Step 4/6 : COPY . /app
 ---> c8c4b0ab77e3
Step 5/6 : RUN mkdir -p build-linux && cd build-linux &&     cmake .. -DCMAKE_BUILD_TYPE=Release &&     make -j$(nproc)
 ---> Running in faa1e2cdc7d7
-- The CXX compiler identification is GNU 13.3.0
-- Detecting CXX compiler ABI info
-- Detecting CXX compiler ABI info - done
-- Check for working CXX compiler: /usr/bin/c++ - skipped
-- Detecting CXX compile features
-- Detecting CXX compile features - done
-- Found Boost: /usr/lib/aarch64-linux-gnu/cmake/Boost-1.83.0/BoostConfig.cmake (found version "1.83.0")  
-- The C compiler identification is GNU 13.3.0
-- Detecting C compiler ABI info
-- Detecting C compiler ABI info - done
-- Check for working C compiler: /usr/bin/cc - skipped
-- Detecting C compile features
-- Detecting C compile features - done
-- Could NOT find Python3 (missing: Python3_EXECUTABLE Interpreter) 
-- Performing Test CMAKE_HAVE_LIBC_PTHREAD
-- Performing Test CMAKE_HAVE_LIBC_PTHREAD - Success
-- Found Threads: TRUE  
-- Found Git: /usr/bin/git (found version "2.43.0") 
-- git version: v1.8.3 normalized to 1.8.3
-- Google Benchmark version: 1.8.3
-- Looking for shm_open in rt
-- Looking for shm_open in rt - found
-- Performing Test HAVE_CXX_FLAG_WALL
-- Performing Test HAVE_CXX_FLAG_WALL - Success
-- Performing Test HAVE_CXX_FLAG_WEXTRA
-- Performing Test HAVE_CXX_FLAG_WEXTRA - Success
-- Performing Test HAVE_CXX_FLAG_WSHADOW
-- Performing Test HAVE_CXX_FLAG_WSHADOW - Success
-- Performing Test HAVE_CXX_FLAG_WFLOAT_EQUAL
-- Performing Test HAVE_CXX_FLAG_WFLOAT_EQUAL - Success
-- Performing Test HAVE_CXX_FLAG_WOLD_STYLE_CAST
-- Performing Test HAVE_CXX_FLAG_WOLD_STYLE_CAST - Success
-- Performing Test HAVE_CXX_FLAG_WERROR
-- Performing Test HAVE_CXX_FLAG_WERROR - Success
-- Performing Test HAVE_CXX_FLAG_WSUGGEST_OVERRIDE
-- Performing Test HAVE_CXX_FLAG_WSUGGEST_OVERRIDE - Success
-- Performing Test HAVE_CXX_FLAG_PEDANTIC
-- Performing Test HAVE_CXX_FLAG_PEDANTIC - Success
-- Performing Test HAVE_CXX_FLAG_PEDANTIC_ERRORS
-- Performing Test HAVE_CXX_FLAG_PEDANTIC_ERRORS - Success
-- Performing Test HAVE_CXX_FLAG_WSHORTEN_64_TO_32
-- Performing Test HAVE_CXX_FLAG_WSHORTEN_64_TO_32 - Failed
-- Performing Test HAVE_CXX_FLAG_FSTRICT_ALIASING
-- Performing Test HAVE_CXX_FLAG_FSTRICT_ALIASING - Success
-- Performing Test HAVE_CXX_FLAG_WNO_DEPRECATED_DECLARATIONS
-- Performing Test HAVE_CXX_FLAG_WNO_DEPRECATED_DECLARATIONS - Success
-- Performing Test HAVE_CXX_FLAG_WNO_DEPRECATED
-- Performing Test HAVE_CXX_FLAG_WNO_DEPRECATED - Success
-- Performing Test HAVE_CXX_FLAG_WSTRICT_ALIASING
-- Performing Test HAVE_CXX_FLAG_WSTRICT_ALIASING - Success
-- Performing Test HAVE_CXX_FLAG_WD654
-- Performing Test HAVE_CXX_FLAG_WD654 - Failed
-- Performing Test HAVE_CXX_FLAG_WTHREAD_SAFETY
-- Performing Test HAVE_CXX_FLAG_WTHREAD_SAFETY - Failed
-- Performing Test HAVE_CXX_FLAG_COVERAGE
-- Performing Test HAVE_CXX_FLAG_COVERAGE - Success
-- Compiling and running to test HAVE_STD_REGEX
-- Performing Test HAVE_STD_REGEX -- success
-- Compiling and running to test HAVE_GNU_POSIX_REGEX
-- Performing Test HAVE_GNU_POSIX_REGEX -- failed to compile
-- Compiling and running to test HAVE_POSIX_REGEX
-- Performing Test HAVE_POSIX_REGEX -- success
-- Compiling and running to test HAVE_STEADY_CLOCK
-- Performing Test HAVE_STEADY_CLOCK -- success
-- Compiling and running to test HAVE_PTHREAD_AFFINITY
-- Performing Test HAVE_PTHREAD_AFFINITY -- success
-- Configuring done (8.2s)
-- Generating done (0.0s)
-- Build files have been written to: /app/build-linux
[  2%] Building CXX object CMakeFiles/geryon.dir/src/memory_region.cpp.o
[  4%] Building CXX object _deps/googletest-build/googletest/CMakeFiles/gtest.dir/src/gtest-all.cc.o
[  6%] Building CXX object CMakeFiles/geryon.dir/src/fault_handler.cpp.o
[91m/app/src/fault_handler.cpp: In member function 'bool geryon::GlobalFaultHandler::handle_fault_from_signal(void*)':
/app/src/fault_handler.cpp:230:18: warning: ignoring return value of 'ssize_t write(int, const void*, size_t)' declared with attribute 'warn_unused_result' [-Wunused-result]
  230 |             write(STDERR_FILENO, errmsg, len);
      |             ~~~~~^~~~~~~~~~~~~~~~~~~~~~~~~~~~
/app/src/fault_handler.cpp:234:22: warning: ignoring return value of 'ssize_t write(int, const void*, size_t)' declared with attribute 'warn_unused_result' [-Wunused-result]
  234 |                 write(STDERR_FILENO, errmsg, len);
      |                 ~~~~~^~~~~~~~~~~~~~~~~~~~~~~~~~~~
/app/src/fault_handler.cpp:236:18: warning: ignoring return value of 'ssize_t write(int, const void*, size_t)' declared with attribute 'warn_unused_result' [-Wunused-result]
  236 |             write(STDERR_FILENO, "\n", 1);
      |             ~~~~~^~~~~~~~~~~~~~~~~~~~~~~~
/app/src/fault_handler.cpp:259:22: warning: ignoring return value of 'ssize_t write(int, const void*, size_t)' declared with attribute 'warn_unused_result' [-Wunused-result]
  259 |                 write(STDERR_FILENO, errmsg, sizeof(errmsg) - 1);
      |                 ~~~~~^~~~~~~~~~~~~~~~~~~~~~~~~~~~~~~~~~~~~~~~~~~
[0m[  8%] Building CXX object CMakeFiles/geryon.dir/src/network_node.cpp.o
[ 10%] Linking CXX static library libgeryon.a
[ 10%] Built target geryon
[ 12%] Building CXX object _deps/benchmark-build/src/CMakeFiles/benchmark.dir/benchmark.cc.o
[ 14%] Linking CXX static library ../../../lib/libgtest.a
[ 14%] Built target gtest
[ 17%] Building CXX object _deps/benchmark-build/src/CMakeFiles/benchmark.dir/benchmark_api_internal.cc.o
[ 19%] Building CXX object _deps/googletest-build/googlemock/CMakeFiles/gmock.dir/src/gmock-all.cc.o
[ 21%] Building CXX object _deps/benchmark-build/src/CMakeFiles/benchmark.dir/benchmark_name.cc.o
[ 23%] Building CXX object _deps/benchmark-build/src/CMakeFiles/benchmark.dir/benchmark_register.cc.o
[ 25%] Linking CXX static library ../../../lib/libgmock.a
[ 25%] Built target gmock
[ 27%] Building CXX object _deps/benchmark-build/src/CMakeFiles/benchmark.dir/benchmark_runner.cc.o
[ 29%] Building CXX object _deps/benchmark-build/src/CMakeFiles/benchmark.dir/check.cc.o
[ 31%] Building CXX object _deps/googletest-build/googletest/CMakeFiles/gtest_main.dir/src/gtest_main.cc.o
[ 34%] Building CXX object _deps/benchmark-build/src/CMakeFiles/benchmark.dir/colorprint.cc.o
[ 36%] Building CXX object _deps/benchmark-build/src/CMakeFiles/benchmark.dir/commandlineflags.cc.o
[ 38%] Linking CXX static library ../../../lib/libgtest_main.a
[ 38%] Built target gtest_main
[ 40%] Building CXX object _deps/benchmark-build/src/CMakeFiles/benchmark.dir/complexity.cc.o
[ 42%] Building CXX object _deps/benchmark-build/src/CMakeFiles/benchmark.dir/console_reporter.cc.o
[ 44%] Building CXX object _deps/googletest-build/googlemock/CMakeFiles/gmock_main.dir/src/gmock_main.cc.o
[ 46%] Building CXX object _deps/benchmark-build/src/CMakeFiles/benchmark.dir/counter.cc.o
[ 48%] Building CXX object _deps/benchmark-build/src/CMakeFiles/benchmark.dir/csv_reporter.cc.o
[ 51%] Linking CXX static library ../../../lib/libgmock_main.a
[ 51%] Built target gmock_main
[ 53%] Building CXX object _deps/benchmark-build/src/CMakeFiles/benchmark.dir/json_reporter.cc.o
[ 55%] Building CXX object tests/CMakeFiles/geryon_tests.dir/test_memory_region.cpp.o
[ 57%] Building CXX object _deps/benchmark-build/src/CMakeFiles/benchmark.dir/perf_counters.cc.o
[ 59%] Building CXX object _deps/benchmark-build/src/CMakeFiles/benchmark.dir/reporter.cc.o
[ 61%] Building CXX object _deps/benchmark-build/src/CMakeFiles/benchmark.dir/statistics.cc.o
[ 63%] Building CXX object tests/CMakeFiles/geryon_tests.dir/test_fault_handler.cpp.o
[ 65%] Building CXX object tests/CMakeFiles/geryon_tests.dir/test_network_sync.cpp.o
[ 68%] Building CXX object _deps/benchmark-build/src/CMakeFiles/benchmark.dir/string_util.cc.o
[ 70%] Building CXX object _deps/benchmark-build/src/CMakeFiles/benchmark.dir/sysinfo.cc.o
[ 72%] Building CXX object _deps/benchmark-build/src/CMakeFiles/benchmark.dir/timers.cc.o
[ 74%] Linking CXX static library libbenchmark.a
[ 74%] Built target benchmark
[ 76%] Building CXX object _deps/benchmark-build/src/CMakeFiles/benchmark_main.dir/benchmark_main.cc.o
[ 78%] Linking CXX static library libbenchmark_main.a
[ 78%] Built target benchmark_main
[ 80%] Building CXX object tests/CMakeFiles/geryon_tests.dir/test_multi_client.cpp.o
[ 82%] Building CXX object tests/CMakeFiles/geryon_tests.dir/test_synchronization.cpp.o
[ 85%] Building CXX object benchmarks/CMakeFiles/benchmark_page_transfer.dir/benchmark_page_transfer.cpp.o
[ 87%] Building CXX object tests/CMakeFiles/geryon_tests.dir/test_interprocess.cpp.o
[ 89%] Linking CXX executable benchmark_page_transfer
[ 89%] Built target benchmark_page_transfer
[ 91%] Building CXX object tests/CMakeFiles/geryon_tests.dir/test_memnon_integration.cpp.o
[ 93%] Building CXX object tests/CMakeFiles/geryon_tests.dir/test_consistency.cpp.o
[ 95%] Building CXX object tests/CMakeFiles/geryon_tests.dir/test_correctness.cpp.o
[ 97%] Building CXX object tests/CMakeFiles/geryon_tests.dir/test_distributed_sort.cpp.o
[91m/app/tests/test_distributed_sort.cpp: In lambda function:
/app/tests/test_distributed_sort.cpp:152:24: warning: ignoring return value of 'int system(const char*)' declared with attribute 'warn_unused_result' [-Wunused-result]
  152 |             std::system(cmd.c_str());
      |             ~~~~~~~~~~~^~~~~~~~~~~~~
[0m[100%] Linking CXX executable geryon_tests
[100%] Built target geryon_tests
 ---> Removed intermediate container faa1e2cdc7d7
 ---> 618fc264af12
Step 6/6 : CMD ["./build-linux/tests/geryon_tests"]
 ---> Running in 2a99b0a934bb
 ---> Removed intermediate container 2a99b0a934bb
 ---> 4b11c85cbd9f
Successfully built 4b11c85cbd9f
Successfully tagged geryon-linux-tests:latest
Running tests in Docker container...
Running main() from /app/build-linux/_deps/googletest-src/googletest/src/gtest_main.cc
[==========] Running 15 tests from 10 test suites.
[----------] Global test environment set-up.
[----------] 2 tests from MemoryRegionTest
[ RUN      ] MemoryRegionTest.AllocationAndPageSize
[       OK ] MemoryRegionTest.AllocationAndPageSize (0 ms)
[ RUN      ] MemoryRegionTest.ProtectionChanges
[       OK ] MemoryRegionTest.ProtectionChanges (1 ms)
[----------] 2 tests from MemoryRegionTest (1 ms total)

[----------] 1 test from FaultHandlerTest
[ RUN      ] FaultHandlerTest.SoftFaultHandling
[       OK ] FaultHandlerTest.SoftFaultHandling (0 ms)
[----------] 1 test from FaultHandlerTest (0 ms total)

[----------] 2 tests from NetworkSyncTest
[ RUN      ] NetworkSyncTest.BouncingOwnership
Replica 1 connected.
[       OK ] NetworkSyncTest.BouncingOwnership (2107 ms)
[ RUN      ] NetworkSyncTest.StressTest
Replica 1 connected.
[       OK ] NetworkSyncTest.StressTest (2215 ms)
[----------] 2 tests from NetworkSyncTest (4322 ms total)

[----------] 1 test from MultiClientTest
[ RUN      ] MultiClientTest.StarTopologyBouncing
Replica 1 connected.
Replica 2 connected.
Replica 3 connected.
[       OK ] MultiClientTest.StarTopologyBouncing (6535 ms)
[----------] 1 test from MultiClientTest (6535 ms total)

[----------] 1 test from SynchronizationTest
[ RUN      ] SynchronizationTest.DistributedSpinLock
Replica 1 connected.
Primary finished.
Replica finished.
[       OK ] SynchronizationTest.DistributedSpinLock (2277 ms)
[----------] 1 test from SynchronizationTest (2277 ms total)

[----------] 1 test from InterprocessTest
[ RUN      ] InterprocessTest.SharedVector
Replica 1 connected.
[       OK ] InterprocessTest.SharedVector (2108 ms)
[----------] 1 test from InterprocessTest (2108 ms total)

[----------] 1 test from MemnonIntegrationTest
[ RUN      ] MemnonIntegrationTest.SegmentedInterprocess
Replica 1 connected.
[       OK ] MemnonIntegrationTest.SegmentedInterprocess (2203 ms)
[----------] 1 test from MemnonIntegrationTest (2204 ms total)

[----------] 3 tests from ConsistencyTest
[ RUN      ] ConsistencyTest.TriggerSynchronization
Starting primary...
Primary started.
Starting replica...
Replica started.
Replica 1 connected.
Simulating replica page request 1
Simulating replica page request 2
Replica writing to pages
Primary triggering synchronization
Primary checking consistency
Stopping nodes
Test complete
[       OK ] ConsistencyTest.TriggerSynchronization (2201 ms)
[ RUN      ] ConsistencyTest.ReplicaStopFlushesData
Replica 1 connected.
[       OK ] ConsistencyTest.ReplicaStopFlushesData (2202 ms)
[ RUN      ] ConsistencyTest.PrimaryStopInitiatesHandshake
Replica 1 connected.
[       OK ] ConsistencyTest.PrimaryStopInitiatesHandshake (2098 ms)
[----------] 3 tests from ConsistencyTest (6503 ms total)

[----------] 2 tests from CorrectnessTest
[ RUN      ] CorrectnessTest.MultithreadMultipageCorrectness
Replica 1 connected.
Replica 2 connected.
Replica 3 connected.
[       OK ] CorrectnessTest.MultithreadMultipageCorrectness (28669 ms)
[ RUN      ] CorrectnessTest.MultiprocessMultipageCorrectness
Running main() from /app/build-linux/_deps/googletest-src/googletest/src/gtest_main.cc
Note: Google Test filter = CorrectnessTest.MultiprocessMultipageCorrectness
[==========] Running 1 test from 1 test suite.
[----------] Global test environment set-up.
[----------] 1 test from CorrectnessTest
[ RUN      ] CorrectnessTest.MultiprocessMultipageCorrectness
Replica 1 connected.
Running main() from /app/build-linux/_deps/googletest-src/googletest/src/gtest_main.cc
Note: Google Test filter = CorrectnessTest.MultiprocessMultipageCorrectness
[==========] Running 1 test from 1 test suite.
[----------] Global test environment set-up.
[----------] 1 test from CorrectnessTest
[ RUN      ] CorrectnessTest.MultiprocessMultipageCorrectness
Replica 2 connected.
Running main() from /app/build-linux/_deps/googletest-src/googletest/src/gtest_main.cc
Note: Google Test filter = CorrectnessTest.MultiprocessMultipageCorrectness
[==========] Running 1 test from 1 test suite.
[----------] Global test environment set-up.
[----------] 1 test from CorrectnessTest
[ RUN      ] CorrectnessTest.MultiprocessMultipageCorrectness
Replica 3 connected.
[       OK ] CorrectnessTest.MultiprocessMultipageCorrectness (2176 ms)
[----------] 2 tests from CorrectnessTest (30846 ms total)

[----------] 1 test from DistributedSortTest
[ RUN      ] DistributedSortTest.MultiprocessPiecewiseSort
Running main() from /app/build-linux/_deps/googletest-src/googletest/src/gtest_main.cc
Note: Google Test filter = DistributedSortTest.MultiprocessPiecewiseSort
[==========] Running 1 test from 1 test suite.
[----------] Global test environment set-up.
[----------] 1 test from DistributedSortTest
[ RUN      ] DistributedSortTest.MultiprocessPiecewiseSort
Replica 1 connected.
Running main() from /app/build-linux/_deps/googletest-src/googletest/src/gtest_main.cc
Note: Google Test filter = DistributedSortTest.MultiprocessPiecewiseSort
[==========] Running 1 test from 1 test suite.
[----------] Global test environment set-up.
[----------] 1 test from DistributedSortTest
[ RUN      ] DistributedSortTest.MultiprocessPiecewiseSort
Replica 2 connected.
Running main() from /app/build-linux/_deps/googletest-src/googletest/src/gtest_main.cc
Note: Google Test filter = DistributedSortTest.MultiprocessPiecewiseSort
[==========] Running 1 test from 1 test suite.
[----------] Global test environment set-up.
[----------] 1 test from DistributedSortTest
[ RUN      ] DistributedSortTest.MultiprocessPiecewiseSort
Replica 3 connected.
[Primary] Pages Sent: 14660, Pages Received: 14659 | Avg Transfer Time: 4.45171 us | Avg Time Between Transfers: 239.556 us
[Replica 1] Pages Sent: 5206, Pages Received: 5207 | Avg Transfer Time: 26.1028 us | Avg Time Between Transfers: 4772.55 us
[Replica 2] Pages Sent: 5195, Pages Received: 5196 | Avg Transfer Time: 27.2248 us | Avg Time Between Transfers: 4789.87 us
[Replica 3] Pages Sent: 5156, Pages Received: 5157 | Avg Transfer Time: 28.2042 us | Avg Time Between Transfers: 4833.36 us
[       OK ] DistributedSortTest.MultiprocessPiecewiseSort (27818 ms)
[----------] 1 test from DistributedSortTest (27818 ms total)

[----------] Global test environment tear-down
[==========] 15 tests from 10 test suites ran. (82619 ms total)
[  PASSED  ] 15 tests.
Building Docker image for Geryon Linux tests...
DEPRECATED: The legacy builder is deprecated and will be removed in a future release.
            Install the buildx component to build images with BuildKit:
            https://docs.docker.com/go/buildx/

Sending build context to Docker daemon  159.8MB
Step 1/6 : FROM ubuntu:24.04
 ---> 4fbb8e6a8395
Step 2/6 : RUN apt-get update && apt-get install -y     build-essential     cmake     git     wget     curl     pkg-config     libboost-system-dev     libboost-thread-dev     libboost-program-options-dev     libboost-test-dev     gdb
 ---> Using cache
 ---> 4caa702ced8d
Step 3/6 : WORKDIR /app
 ---> Using cache
 ---> 0e0bd87b4009
Step 4/6 : COPY . /app
 ---> e138adc00d19
Step 5/6 : RUN mkdir -p build-linux && cd build-linux &&     cmake .. -DCMAKE_BUILD_TYPE=Release &&     make -j$(nproc)
 ---> Running in 692fe334d246
-- The CXX compiler identification is GNU 13.3.0
-- Detecting CXX compiler ABI info
-- Detecting CXX compiler ABI info - done
-- Check for working CXX compiler: /usr/bin/c++ - skipped
-- Detecting CXX compile features
-- Detecting CXX compile features - done
-- Found Boost: /usr/lib/aarch64-linux-gnu/cmake/Boost-1.83.0/BoostConfig.cmake (found version "1.83.0")  
-- The C compiler identification is GNU 13.3.0
-- Detecting C compiler ABI info
-- Detecting C compiler ABI info - done
-- Check for working C compiler: /usr/bin/cc - skipped
-- Detecting C compile features
-- Detecting C compile features - done
-- Could NOT find Python3 (missing: Python3_EXECUTABLE Interpreter) 
-- Performing Test CMAKE_HAVE_LIBC_PTHREAD
-- Performing Test CMAKE_HAVE_LIBC_PTHREAD - Success
-- Found Threads: TRUE  
-- Found Git: /usr/bin/git (found version "2.43.0") 
-- git version: v1.8.3 normalized to 1.8.3
-- Google Benchmark version: 1.8.3
-- Looking for shm_open in rt
-- Looking for shm_open in rt - found
-- Performing Test HAVE_CXX_FLAG_WALL
-- Performing Test HAVE_CXX_FLAG_WALL - Success
-- Performing Test HAVE_CXX_FLAG_WEXTRA
-- Performing Test HAVE_CXX_FLAG_WEXTRA - Success
-- Performing Test HAVE_CXX_FLAG_WSHADOW
-- Performing Test HAVE_CXX_FLAG_WSHADOW - Success
-- Performing Test HAVE_CXX_FLAG_WFLOAT_EQUAL
-- Performing Test HAVE_CXX_FLAG_WFLOAT_EQUAL - Success
-- Performing Test HAVE_CXX_FLAG_WOLD_STYLE_CAST
-- Performing Test HAVE_CXX_FLAG_WOLD_STYLE_CAST - Success
-- Performing Test HAVE_CXX_FLAG_WERROR
-- Performing Test HAVE_CXX_FLAG_WERROR - Success
-- Performing Test HAVE_CXX_FLAG_WSUGGEST_OVERRIDE
-- Performing Test HAVE_CXX_FLAG_WSUGGEST_OVERRIDE - Success
-- Performing Test HAVE_CXX_FLAG_PEDANTIC
-- Performing Test HAVE_CXX_FLAG_PEDANTIC - Success
-- Performing Test HAVE_CXX_FLAG_PEDANTIC_ERRORS
-- Performing Test HAVE_CXX_FLAG_PEDANTIC_ERRORS - Success
-- Performing Test HAVE_CXX_FLAG_WSHORTEN_64_TO_32
-- Performing Test HAVE_CXX_FLAG_WSHORTEN_64_TO_32 - Failed
-- Performing Test HAVE_CXX_FLAG_FSTRICT_ALIASING
-- Performing Test HAVE_CXX_FLAG_FSTRICT_ALIASING - Success
-- Performing Test HAVE_CXX_FLAG_WNO_DEPRECATED_DECLARATIONS
-- Performing Test HAVE_CXX_FLAG_WNO_DEPRECATED_DECLARATIONS - Success
-- Performing Test HAVE_CXX_FLAG_WNO_DEPRECATED
-- Performing Test HAVE_CXX_FLAG_WNO_DEPRECATED - Success
-- Performing Test HAVE_CXX_FLAG_WSTRICT_ALIASING
-- Performing Test HAVE_CXX_FLAG_WSTRICT_ALIASING - Success
-- Performing Test HAVE_CXX_FLAG_WD654
-- Performing Test HAVE_CXX_FLAG_WD654 - Failed
-- Performing Test HAVE_CXX_FLAG_WTHREAD_SAFETY
-- Performing Test HAVE_CXX_FLAG_WTHREAD_SAFETY - Failed
-- Performing Test HAVE_CXX_FLAG_COVERAGE
-- Performing Test HAVE_CXX_FLAG_COVERAGE - Success
-- Compiling and running to test HAVE_STD_REGEX
-- Performing Test HAVE_STD_REGEX -- success
-- Compiling and running to test HAVE_GNU_POSIX_REGEX
-- Performing Test HAVE_GNU_POSIX_REGEX -- failed to compile
-- Compiling and running to test HAVE_POSIX_REGEX
-- Performing Test HAVE_POSIX_REGEX -- success
-- Compiling and running to test HAVE_STEADY_CLOCK
-- Performing Test HAVE_STEADY_CLOCK -- success
-- Compiling and running to test HAVE_PTHREAD_AFFINITY
-- Performing Test HAVE_PTHREAD_AFFINITY -- success
-- Configuring done (11.5s)
-- Generating done (0.0s)
-- Build files have been written to: /app/build-linux
[  2%] Building CXX object CMakeFiles/geryon.dir/src/memory_region.cpp.o
[  4%] Building CXX object _deps/googletest-build/googletest/CMakeFiles/gtest.dir/src/gtest-all.cc.o
[  6%] Building CXX object CMakeFiles/geryon.dir/src/fault_handler.cpp.o
[91m/app/src/fault_handler.cpp: In member function 'bool geryon::GlobalFaultHandler::handle_fault_from_signal(void*)':
/app/src/fault_handler.cpp:230:18: warning: ignoring return value of 'ssize_t write(int, const void*, size_t)' declared with attribute 'warn_unused_result' [-Wunused-result]
  230 |             write(STDERR_FILENO, errmsg, len);
      |             ~~~~~^~~~~~~~~~~~~~~~~~~~~~~~~~~~
[0m[91m/app/src/fault_handler.cpp:234:22: warning: ignoring return value of 'ssize_t write(int, const void*, size_t)' declared with attribute 'warn_unused_result' [-Wunused-result]
  234 |                 write(STDERR_FILENO, errmsg, len);
      |                 ~~~~~^~~~~~~~~~~~~~~~~~~~~~~~~~~~
[0m[91m/app/src/fault_handler.cpp:236:18: warning: ignoring return value of 'ssize_t write(int, const void*, size_t)' declared with attribute 'warn_unused_result' [-Wunused-result]
  236 |             write(STDERR_FILENO, "\n", 1);
      |             ~~~~~^~~~~~~~~~~~~~~~~~~~~~~~
[0m[91m/app/src/fault_handler.cpp:259:22: warning: ignoring return value of 'ssize_t write(int, const void*, size_t)' declared with attribute 'warn_unused_result' [-Wunused-result]
  259 |                 write(STDERR_FILENO, errmsg, sizeof(errmsg) - 1);
      |                 ~~~~~^~~~~~~~~~~~~~~~~~~~~~~~~~~~~~~~~~~~~~~~~~~
[0m[  8%] Building CXX object CMakeFiles/geryon.dir/src/network_node.cpp.o
[ 10%] Linking CXX static library libgeryon.a
[ 10%] Built target geryon
[ 12%] Building CXX object _deps/benchmark-build/src/CMakeFiles/benchmark.dir/benchmark.cc.o
[ 14%] Linking CXX static library ../../../lib/libgtest.a
[ 14%] Built target gtest
[ 17%] Building CXX object _deps/benchmark-build/src/CMakeFiles/benchmark.dir/benchmark_api_internal.cc.o
[ 19%] Building CXX object _deps/googletest-build/googlemock/CMakeFiles/gmock.dir/src/gmock-all.cc.o
[ 21%] Building CXX object _deps/benchmark-build/src/CMakeFiles/benchmark.dir/benchmark_name.cc.o
[ 23%] Building CXX object _deps/benchmark-build/src/CMakeFiles/benchmark.dir/benchmark_register.cc.o
[ 25%] Linking CXX static library ../../../lib/libgmock.a
[ 25%] Built target gmock
[ 27%] Building CXX object _deps/benchmark-build/src/CMakeFiles/benchmark.dir/benchmark_runner.cc.o
[ 29%] Building CXX object _deps/benchmark-build/src/CMakeFiles/benchmark.dir/check.cc.o
[ 31%] Building CXX object _deps/googletest-build/googletest/CMakeFiles/gtest_main.dir/src/gtest_main.cc.o
[ 34%] Building CXX object _deps/benchmark-build/src/CMakeFiles/benchmark.dir/colorprint.cc.o
[ 36%] Building CXX object _deps/benchmark-build/src/CMakeFiles/benchmark.dir/commandlineflags.cc.o
[ 38%] Linking CXX static library ../../../lib/libgtest_main.a
[ 38%] Built target gtest_main
[ 40%] Building CXX object _deps/benchmark-build/src/CMakeFiles/benchmark.dir/complexity.cc.o
[ 42%] Building CXX object _deps/googletest-build/googlemock/CMakeFiles/gmock_main.dir/src/gmock_main.cc.o
[ 44%] Building CXX object _deps/benchmark-build/src/CMakeFiles/benchmark.dir/console_reporter.cc.o
[ 46%] Linking CXX static library ../../../lib/libgmock_main.a
[ 46%] Built target gmock_main
[ 48%] Building CXX object _deps/benchmark-build/src/CMakeFiles/benchmark.dir/counter.cc.o
[ 51%] Building CXX object _deps/benchmark-build/src/CMakeFiles/benchmark.dir/csv_reporter.cc.o
[ 53%] Building CXX object tests/CMakeFiles/geryon_tests.dir/test_memory_region.cpp.o
[ 55%] Building CXX object _deps/benchmark-build/src/CMakeFiles/benchmark.dir/json_reporter.cc.o
[ 57%] Building CXX object _deps/benchmark-build/src/CMakeFiles/benchmark.dir/perf_counters.cc.o
[ 59%] Building CXX object _deps/benchmark-build/src/CMakeFiles/benchmark.dir/reporter.cc.o
[ 61%] Building CXX object tests/CMakeFiles/geryon_tests.dir/test_fault_handler.cpp.o
[ 63%] Building CXX object _deps/benchmark-build/src/CMakeFiles/benchmark.dir/statistics.cc.o
[ 65%] Building CXX object tests/CMakeFiles/geryon_tests.dir/test_network_sync.cpp.o
[ 68%] Building CXX object _deps/benchmark-build/src/CMakeFiles/benchmark.dir/string_util.cc.o
[ 70%] Building CXX object _deps/benchmark-build/src/CMakeFiles/benchmark.dir/sysinfo.cc.o
[ 72%] Building CXX object _deps/benchmark-build/src/CMakeFiles/benchmark.dir/timers.cc.o
[ 74%] Linking CXX static library libbenchmark.a
[ 74%] Built target benchmark
[ 76%] Building CXX object _deps/benchmark-build/src/CMakeFiles/benchmark_main.dir/benchmark_main.cc.o
[ 80%] Building CXX object tests/CMakeFiles/geryon_tests.dir/test_multi_client.cpp.o
[ 80%] Linking CXX static library libbenchmark_main.a
[ 80%] Built target benchmark_main
[ 82%] Building CXX object tests/CMakeFiles/geryon_tests.dir/test_synchronization.cpp.o
[ 85%] Building CXX object benchmarks/CMakeFiles/benchmark_page_transfer.dir/benchmark_page_transfer.cpp.o
[ 87%] Building CXX object tests/CMakeFiles/geryon_tests.dir/test_interprocess.cpp.o
[ 89%] Linking CXX executable benchmark_page_transfer
[ 89%] Built target benchmark_page_transfer
[ 91%] Building CXX object tests/CMakeFiles/geryon_tests.dir/test_memnon_integration.cpp.o
[ 93%] Building CXX object tests/CMakeFiles/geryon_tests.dir/test_consistency.cpp.o
[ 95%] Building CXX object tests/CMakeFiles/geryon_tests.dir/test_correctness.cpp.o
[ 97%] Building CXX object tests/CMakeFiles/geryon_tests.dir/test_distributed_sort.cpp.o
[91m/app/tests/test_distributed_sort.cpp: In lambda function:
/app/tests/test_distributed_sort.cpp:152:24: warning: ignoring return value of 'int system(const char*)' declared with attribute 'warn_unused_result' [-Wunused-result]
  152 |             std::system(cmd.c_str());
      |             ~~~~~~~~~~~^~~~~~~~~~~~~
[0m[100%] Linking CXX executable geryon_tests
[100%] Built target geryon_tests
 ---> Removed intermediate container 692fe334d246
 ---> e875bdc7bdfc
Step 6/6 : CMD ["./build-linux/tests/geryon_tests"]
 ---> Running in c92223f7215e
 ---> Removed intermediate container c92223f7215e
 ---> a11f9060f8c2
Successfully built a11f9060f8c2
Successfully tagged geryon-linux-tests:latest
Running tests in Docker container...
Running main() from /app/build-linux/_deps/googletest-src/googletest/src/gtest_main.cc
[==========] Running 15 tests from 10 test suites.
[----------] Global test environment set-up.
[----------] 2 tests from MemoryRegionTest
[ RUN      ] MemoryRegionTest.AllocationAndPageSize
[       OK ] MemoryRegionTest.AllocationAndPageSize (0 ms)
[ RUN      ] MemoryRegionTest.ProtectionChanges
[       OK ] MemoryRegionTest.ProtectionChanges (1 ms)
[----------] 2 tests from MemoryRegionTest (1 ms total)

[----------] 1 test from FaultHandlerTest
[ RUN      ] FaultHandlerTest.SoftFaultHandling
[       OK ] FaultHandlerTest.SoftFaultHandling (0 ms)
[----------] 1 test from FaultHandlerTest (0 ms total)

[----------] 2 tests from NetworkSyncTest
[ RUN      ] NetworkSyncTest.BouncingOwnership
Replica 1 connected.
[       OK ] NetworkSyncTest.BouncingOwnership (2107 ms)
[ RUN      ] NetworkSyncTest.StressTest
Replica 1 connected.
[       OK ] NetworkSyncTest.StressTest (2215 ms)
[----------] 2 tests from NetworkSyncTest (4323 ms total)

[----------] 1 test from MultiClientTest
[ RUN      ] MultiClientTest.StarTopologyBouncing
Replica 1 connected.
Replica 2 connected.
Replica 3 connected.
[       OK ] MultiClientTest.StarTopologyBouncing (6529 ms)
[----------] 1 test from MultiClientTest (6529 ms total)

[----------] 1 test from SynchronizationTest
[ RUN      ] SynchronizationTest.DistributedSpinLock
Replica 1 connected.
Primary finished.
Replica finished.
[       OK ] SynchronizationTest.DistributedSpinLock (2278 ms)
[----------] 1 test from SynchronizationTest (2278 ms total)

[----------] 1 test from InterprocessTest
[ RUN      ] InterprocessTest.SharedVector
Replica 1 connected.
[       OK ] InterprocessTest.SharedVector (2107 ms)
[----------] 1 test from InterprocessTest (2107 ms total)

[----------] 1 test from MemnonIntegrationTest
[ RUN      ] MemnonIntegrationTest.SegmentedInterprocess
Replica 1 connected.
[       OK ] MemnonIntegrationTest.SegmentedInterprocess (2155 ms)
[----------] 1 test from MemnonIntegrationTest (2155 ms total)

[----------] 3 tests from ConsistencyTest
[ RUN      ] ConsistencyTest.TriggerSynchronization
Starting primary...
Primary started.
Starting replica...
Replica started.
Replica 1 connected.
Simulating replica page request 1
Simulating replica page request 2
Replica writing to pages
Primary triggering synchronization
Primary checking consistency
Stopping nodes
Test complete
[       OK ] ConsistencyTest.TriggerSynchronization (2200 ms)
[ RUN      ] ConsistencyTest.ReplicaStopFlushesData
Replica 1 connected.
[       OK ] ConsistencyTest.ReplicaStopFlushesData (2197 ms)
[ RUN      ] ConsistencyTest.PrimaryStopInitiatesHandshake
Replica 1 connected.
[       OK ] ConsistencyTest.PrimaryStopInitiatesHandshake (2100 ms)
[----------] 3 tests from ConsistencyTest (6498 ms total)

[----------] 2 tests from CorrectnessTest
[ RUN      ] CorrectnessTest.MultithreadMultipageCorrectness
Replica 1 connected.
Replica 2 connected.
Replica 3 connected.
[       OK ] CorrectnessTest.MultithreadMultipageCorrectness (20305 ms)
[ RUN      ] CorrectnessTest.MultiprocessMultipageCorrectness
Running main() from /app/build-linux/_deps/googletest-src/googletest/src/gtest_main.cc
Note: Google Test filter = CorrectnessTest.MultiprocessMultipageCorrectness
[==========] Running 1 test from 1 test suite.
[----------] Global test environment set-up.
[----------] 1 test from CorrectnessTest
[ RUN      ] CorrectnessTest.MultiprocessMultipageCorrectness
Replica 1 connected.
Running main() from /app/build-linux/_deps/googletest-src/googletest/src/gtest_main.cc
Note: Google Test filter = CorrectnessTest.MultiprocessMultipageCorrectness
[==========] Running 1 test from 1 test suite.
[----------] Global test environment set-up.
[----------] 1 test from CorrectnessTest
[ RUN      ] CorrectnessTest.MultiprocessMultipageCorrectness
Replica 2 connected.
Running main() from /app/build-linux/_deps/googletest-src/googletest/src/gtest_main.cc
Note: Google Test filter = CorrectnessTest.MultiprocessMultipageCorrectness
[==========] Running 1 test from 1 test suite.
[----------] Global test environment set-up.
[----------] 1 test from CorrectnessTest
[ RUN      ] CorrectnessTest.MultiprocessMultipageCorrectness
Replica 3 connected.
[       OK ] CorrectnessTest.MultiprocessMultipageCorrectness (2179 ms)
[----------] 2 tests from CorrectnessTest (22484 ms total)

[----------] 1 test from DistributedSortTest
[ RUN      ] DistributedSortTest.MultiprocessPiecewiseSort
Running main() from /app/build-linux/_deps/googletest-src/googletest/src/gtest_main.cc
Note: Google Test filter = DistributedSortTest.MultiprocessPiecewiseSort
[==========] Running 1 test from 1 test suite.
[----------] Global test environment set-up.
[----------] 1 test from DistributedSortTest
[ RUN      ] DistributedSortTest.MultiprocessPiecewiseSort
Replica 1 connected.
Running main() from /app/build-linux/_deps/googletest-src/googletest/src/gtest_main.cc
Note: Google Test filter = DistributedSortTest.MultiprocessPiecewiseSort
[==========] Running 1 test from 1 test suite.
[----------] Global test environment set-up.
[----------] 1 test from DistributedSortTest
[ RUN      ] DistributedSortTest.MultiprocessPiecewiseSort
Replica 2 connected.
Running main() from /app/build-linux/_deps/googletest-src/googletest/src/gtest_main.cc
Note: Google Test filter = DistributedSortTest.MultiprocessPiecewiseSort
[==========] Running 1 test from 1 test suite.
[----------] Global test environment set-up.
[----------] 1 test from DistributedSortTest
[ RUN      ] DistributedSortTest.MultiprocessPiecewiseSort
Replica 3 connected.
[Primary] Pages Sent: 14660, Pages Received: 14659 | Avg Transfer Time: 4.82838 us | Avg Time Between Transfers: 239.957 us
[Replica 3] Pages Sent: 5227, Pages Received: 5228 | Avg Transfer Time: 15.7955 us | Avg Time Between Transfers: 6005.34 us
[Replica 1] Pages Sent: 5290, Pages Received: 5291 | Avg Transfer Time: 19.5682 us | Avg Time Between Transfers: 5938.27 us
[       OK ] DistributedSortTest.MultiprocessPiecewiseSort (34289 ms)
[----------] 1 test from DistributedSortTest (34289 ms total)

[----------] Global test environment tear-down
[==========] 15 tests from 10 test suites ran. (80668 ms total)
[  PASSED  ] 15 tests.
Building Docker image for Geryon Linux tests...
DEPRECATED: The legacy builder is deprecated and will be removed in a future release.
            Install the buildx component to build images with BuildKit:
            https://docs.docker.com/go/buildx/

Sending build context to Docker daemon  159.8MB
Step 1/6 : FROM ubuntu:24.04
 ---> 4fbb8e6a8395
Step 2/6 : RUN apt-get update && apt-get install -y     build-essential     cmake     git     wget     curl     pkg-config     libboost-system-dev     libboost-thread-dev     libboost-program-options-dev     libboost-test-dev     gdb
 ---> Using cache
 ---> 4caa702ced8d
Step 3/6 : WORKDIR /app
 ---> Using cache
 ---> 0e0bd87b4009
Step 4/6 : COPY . /app
 ---> ab2bea9b1d4f
Step 5/6 : RUN mkdir -p build-linux && cd build-linux &&     cmake .. -DCMAKE_BUILD_TYPE=Release &&     make -j$(nproc)
 ---> Running in 4bc423b222ca
-- The CXX compiler identification is GNU 13.3.0
-- Detecting CXX compiler ABI info
-- Detecting CXX compiler ABI info - done
-- Check for working CXX compiler: /usr/bin/c++ - skipped
-- Detecting CXX compile features
-- Detecting CXX compile features - done
-- Found Boost: /usr/lib/aarch64-linux-gnu/cmake/Boost-1.83.0/BoostConfig.cmake (found version "1.83.0")  
-- The C compiler identification is GNU 13.3.0
-- Detecting C compiler ABI info
-- Detecting C compiler ABI info - done
-- Check for working C compiler: /usr/bin/cc - skipped
-- Detecting C compile features
-- Detecting C compile features - done
-- Could NOT find Python3 (missing: Python3_EXECUTABLE Interpreter) 
-- Performing Test CMAKE_HAVE_LIBC_PTHREAD
-- Performing Test CMAKE_HAVE_LIBC_PTHREAD - Success
-- Found Threads: TRUE  
-- Found Git: /usr/bin/git (found version "2.43.0") 
-- git version: v1.8.3 normalized to 1.8.3
-- Google Benchmark version: 1.8.3
-- Looking for shm_open in rt
-- Looking for shm_open in rt - found
-- Performing Test HAVE_CXX_FLAG_WALL
-- Performing Test HAVE_CXX_FLAG_WALL - Success
-- Performing Test HAVE_CXX_FLAG_WEXTRA
-- Performing Test HAVE_CXX_FLAG_WEXTRA - Success
-- Performing Test HAVE_CXX_FLAG_WSHADOW
-- Performing Test HAVE_CXX_FLAG_WSHADOW - Success
-- Performing Test HAVE_CXX_FLAG_WFLOAT_EQUAL
-- Performing Test HAVE_CXX_FLAG_WFLOAT_EQUAL - Success
-- Performing Test HAVE_CXX_FLAG_WOLD_STYLE_CAST
-- Performing Test HAVE_CXX_FLAG_WOLD_STYLE_CAST - Success
-- Performing Test HAVE_CXX_FLAG_WERROR
-- Performing Test HAVE_CXX_FLAG_WERROR - Success
-- Performing Test HAVE_CXX_FLAG_WSUGGEST_OVERRIDE
-- Performing Test HAVE_CXX_FLAG_WSUGGEST_OVERRIDE - Success
-- Performing Test HAVE_CXX_FLAG_PEDANTIC
-- Performing Test HAVE_CXX_FLAG_PEDANTIC - Success
-- Performing Test HAVE_CXX_FLAG_PEDANTIC_ERRORS
-- Performing Test HAVE_CXX_FLAG_PEDANTIC_ERRORS - Success
-- Performing Test HAVE_CXX_FLAG_WSHORTEN_64_TO_32
-- Performing Test HAVE_CXX_FLAG_WSHORTEN_64_TO_32 - Failed
-- Performing Test HAVE_CXX_FLAG_FSTRICT_ALIASING
-- Performing Test HAVE_CXX_FLAG_FSTRICT_ALIASING - Success
-- Performing Test HAVE_CXX_FLAG_WNO_DEPRECATED_DECLARATIONS
-- Performing Test HAVE_CXX_FLAG_WNO_DEPRECATED_DECLARATIONS - Success
-- Performing Test HAVE_CXX_FLAG_WNO_DEPRECATED
-- Performing Test HAVE_CXX_FLAG_WNO_DEPRECATED - Success
-- Performing Test HAVE_CXX_FLAG_WSTRICT_ALIASING
-- Performing Test HAVE_CXX_FLAG_WSTRICT_ALIASING - Success
-- Performing Test HAVE_CXX_FLAG_WD654
-- Performing Test HAVE_CXX_FLAG_WD654 - Failed
-- Performing Test HAVE_CXX_FLAG_WTHREAD_SAFETY
-- Performing Test HAVE_CXX_FLAG_WTHREAD_SAFETY - Failed
-- Performing Test HAVE_CXX_FLAG_COVERAGE
-- Performing Test HAVE_CXX_FLAG_COVERAGE - Success
-- Compiling and running to test HAVE_STD_REGEX
-- Performing Test HAVE_STD_REGEX -- success
-- Compiling and running to test HAVE_GNU_POSIX_REGEX
-- Performing Test HAVE_GNU_POSIX_REGEX -- failed to compile
-- Compiling and running to test HAVE_POSIX_REGEX
-- Performing Test HAVE_POSIX_REGEX -- success
-- Compiling and running to test HAVE_STEADY_CLOCK
-- Performing Test HAVE_STEADY_CLOCK -- success
-- Compiling and running to test HAVE_PTHREAD_AFFINITY
-- Performing Test HAVE_PTHREAD_AFFINITY -- success
-- Configuring done (8.6s)
-- Generating done (0.0s)
-- Build files have been written to: /app/build-linux
[  2%] Building CXX object _deps/googletest-build/googletest/CMakeFiles/gtest.dir/src/gtest-all.cc.o
[  4%] Building CXX object CMakeFiles/geryon.dir/src/memory_region.cpp.o
[  6%] Building CXX object CMakeFiles/geryon.dir/src/fault_handler.cpp.o
[91m/app/src/fault_handler.cpp: In member function 'bool geryon::GlobalFaultHandler::handle_fault_from_signal(void*)':
/app/src/fault_handler.cpp:230:18: warning: ignoring return value of 'ssize_t write(int, const void*, size_t)' declared with attribute 'warn_unused_result' [-Wunused-result]
  230 |             write(STDERR_FILENO, errmsg, len);
      |             ~~~~~^~~~~~~~~~~~~~~~~~~~~~~~~~~~
[0m[91m/app/src/fault_handler.cpp:234:22: warning: ignoring return value of 'ssize_t write(int, const void*, size_t)' declared with attribute 'warn_unused_result' [-Wunused-result]
  234 |                 write(STDERR_FILENO, errmsg, len);
      |                 ~~~~~^~~~~~~~~~~~~~~~~~~~~~~~~~~~
/app/src/fault_handler.cpp:236:18: warning: ignoring return value of 'ssize_t write(int, const void*, size_t)' declared with attribute 'warn_unused_result' [-Wunused-result]
  236 |             write(STDERR_FILENO, "\n", 1);
      |             ~~~~~^~~~~~~~~~~~~~~~~~~~~~~~
/app/src/fault_handler.cpp:259:22: warning: ignoring return value of 'ssize_t write(int, const void*, size_t)' declared with attribute 'warn_unused_result' [-Wunused-result]
  259 |                 write(STDERR_FILENO, errmsg, sizeof(errmsg) - 1);
      |                 ~~~~~^~~~~~~~~~~~~~~~~~~~~~~~~~~~~~~~~~~~~~~~~~~
[0m[  8%] Building CXX object CMakeFiles/geryon.dir/src/network_node.cpp.o
[ 10%] Linking CXX static library libgeryon.a
[ 10%] Built target geryon
[ 12%] Building CXX object _deps/benchmark-build/src/CMakeFiles/benchmark.dir/benchmark.cc.o
[ 14%] Linking CXX static library ../../../lib/libgtest.a
[ 14%] Built target gtest
[ 17%] Building CXX object _deps/googletest-build/googlemock/CMakeFiles/gmock.dir/src/gmock-all.cc.o
[ 19%] Building CXX object _deps/benchmark-build/src/CMakeFiles/benchmark.dir/benchmark_api_internal.cc.o
[ 21%] Building CXX object _deps/benchmark-build/src/CMakeFiles/benchmark.dir/benchmark_name.cc.o
[ 23%] Building CXX object _deps/benchmark-build/src/CMakeFiles/benchmark.dir/benchmark_register.cc.o
[ 25%] Linking CXX static library ../../../lib/libgmock.a
[ 25%] Built target gmock
[ 27%] Building CXX object _deps/googletest-build/googletest/CMakeFiles/gtest_main.dir/src/gtest_main.cc.o
[ 29%] Linking CXX static library ../../../lib/libgtest_main.a
[ 29%] Built target gtest_main
[ 31%] Building CXX object _deps/googletest-build/googlemock/CMakeFiles/gmock_main.dir/src/gmock_main.cc.o
[ 34%] Linking CXX static library ../../../lib/libgmock_main.a
[ 34%] Built target gmock_main
[ 36%] Building CXX object _deps/benchmark-build/src/CMakeFiles/benchmark.dir/benchmark_runner.cc.o
[ 38%] Building CXX object _deps/benchmark-build/src/CMakeFiles/benchmark.dir/check.cc.o
[ 40%] Building CXX object tests/CMakeFiles/geryon_tests.dir/test_memory_region.cpp.o
[ 42%] Building CXX object _deps/benchmark-build/src/CMakeFiles/benchmark.dir/colorprint.cc.o
[ 44%] Building CXX object _deps/benchmark-build/src/CMakeFiles/benchmark.dir/commandlineflags.cc.o
[ 48%] Building CXX object _deps/benchmark-build/src/CMakeFiles/benchmark.dir/complexity.cc.o
[ 48%] Building CXX object tests/CMakeFiles/geryon_tests.dir/test_fault_handler.cpp.o
[ 51%] Building CXX object _deps/benchmark-build/src/CMakeFiles/benchmark.dir/console_reporter.cc.o
[ 53%] Building CXX object tests/CMakeFiles/geryon_tests.dir/test_network_sync.cpp.o
[ 55%] Building CXX object _deps/benchmark-build/src/CMakeFiles/benchmark.dir/counter.cc.o
[ 57%] Building CXX object _deps/benchmark-build/src/CMakeFiles/benchmark.dir/csv_reporter.cc.o
[ 59%] Building CXX object _deps/benchmark-build/src/CMakeFiles/benchmark.dir/json_reporter.cc.o
[ 61%] Building CXX object _deps/benchmark-build/src/CMakeFiles/benchmark.dir/perf_counters.cc.o
[ 63%] Building CXX object _deps/benchmark-build/src/CMakeFiles/benchmark.dir/reporter.cc.o
[ 65%] Building CXX object tests/CMakeFiles/geryon_tests.dir/test_multi_client.cpp.o
[ 68%] Building CXX object _deps/benchmark-build/src/CMakeFiles/benchmark.dir/statistics.cc.o
[ 70%] Building CXX object _deps/benchmark-build/src/CMakeFiles/benchmark.dir/string_util.cc.o
[ 72%] Building CXX object _deps/benchmark-build/src/CMakeFiles/benchmark.dir/sysinfo.cc.o
[ 74%] Building CXX object tests/CMakeFiles/geryon_tests.dir/test_synchronization.cpp.o
[ 76%] Building CXX object _deps/benchmark-build/src/CMakeFiles/benchmark.dir/timers.cc.o
[ 78%] Linking CXX static library libbenchmark.a
[ 78%] Built target benchmark
[ 80%] Building CXX object tests/CMakeFiles/geryon_tests.dir/test_interprocess.cpp.o
[ 82%] Building CXX object tests/CMakeFiles/geryon_tests.dir/test_memnon_integration.cpp.o
[ 85%] Building CXX object tests/CMakeFiles/geryon_tests.dir/test_consistency.cpp.o
[ 87%] Building CXX object tests/CMakeFiles/geryon_tests.dir/test_correctness.cpp.o
[ 89%] Building CXX object tests/CMakeFiles/geryon_tests.dir/test_distributed_sort.cpp.o
[ 91%] Building CXX object _deps/benchmark-build/src/CMakeFiles/benchmark_main.dir/benchmark_main.cc.o
[ 93%] Linking CXX static library libbenchmark_main.a
[ 93%] Built target benchmark_main
[ 95%] Building CXX object benchmarks/CMakeFiles/benchmark_page_transfer.dir/benchmark_page_transfer.cpp.o
[91m/app/tests/test_distributed_sort.cpp: In lambda function:
/app/tests/test_distributed_sort.cpp:152:24: warning: ignoring return value of 'int system(const char*)' declared with attribute 'warn_unused_result' [-Wunused-result]
  152 |             std::system(cmd.c_str());
      |             ~~~~~~~~~~~^~~~~~~~~~~~~
[0m[ 97%] Linking CXX executable geryon_tests
[ 97%] Built target geryon_tests
[100%] Linking CXX executable benchmark_page_transfer
[100%] Built target benchmark_page_transfer
 ---> Removed intermediate container 4bc423b222ca
 ---> 18206dfe1eeb
Step 6/6 : CMD ["./build-linux/tests/geryon_tests"]
 ---> Running in 293fa98846fd
 ---> Removed intermediate container 293fa98846fd
 ---> 67b3aad100cc
Successfully built 67b3aad100cc
Successfully tagged geryon-linux-tests:latest
Running tests in Docker container...
Running main() from /app/build-linux/_deps/googletest-src/googletest/src/gtest_main.cc
[==========] Running 15 tests from 10 test suites.
[----------] Global test environment set-up.
[----------] 2 tests from MemoryRegionTest
[ RUN      ] MemoryRegionTest.AllocationAndPageSize
[       OK ] MemoryRegionTest.AllocationAndPageSize (0 ms)
[ RUN      ] MemoryRegionTest.ProtectionChanges
[       OK ] MemoryRegionTest.ProtectionChanges (2 ms)
[----------] 2 tests from MemoryRegionTest (2 ms total)

[----------] 1 test from FaultHandlerTest
[ RUN      ] FaultHandlerTest.SoftFaultHandling
[       OK ] FaultHandlerTest.SoftFaultHandling (0 ms)
[----------] 1 test from FaultHandlerTest (0 ms total)

[----------] 2 tests from NetworkSyncTest
[ RUN      ] NetworkSyncTest.BouncingOwnership
Replica 1 connected.
[       OK ] NetworkSyncTest.BouncingOwnership (2102 ms)
[ RUN      ] NetworkSyncTest.StressTest
Replica 1 connected.
[       OK ] NetworkSyncTest.StressTest (2213 ms)
[----------] 2 tests from NetworkSyncTest (4316 ms total)

[----------] 1 test from MultiClientTest
[ RUN      ] MultiClientTest.StarTopologyBouncing
Replica 1 connected.
Replica 2 connected.
Replica 3 connected.
[       OK ] MultiClientTest.StarTopologyBouncing (6539 ms)
[----------] 1 test from MultiClientTest (6539 ms total)

[----------] 1 test from SynchronizationTest
[ RUN      ] SynchronizationTest.DistributedSpinLock
Replica 1 connected.
Primary finished.
Replica finished.
[       OK ] SynchronizationTest.DistributedSpinLock (2279 ms)
[----------] 1 test from SynchronizationTest (2279 ms total)

[----------] 1 test from InterprocessTest
[ RUN      ] InterprocessTest.SharedVector
Replica 1 connected.
[       OK ] InterprocessTest.SharedVector (2106 ms)
[----------] 1 test from InterprocessTest (2106 ms total)

[----------] 1 test from MemnonIntegrationTest
[ RUN      ] MemnonIntegrationTest.SegmentedInterprocess
Replica 1 connected.
[       OK ] MemnonIntegrationTest.SegmentedInterprocess (2160 ms)
[----------] 1 test from MemnonIntegrationTest (2160 ms total)

[----------] 3 tests from ConsistencyTest
[ RUN      ] ConsistencyTest.TriggerSynchronization
Replica 1 connected.
Starting primary...
Primary started.
Starting replica...
Replica started.
Simulating replica page request 1
Simulating replica page request 2
Replica writing to pages
Primary triggering synchronization
Primary checking consistency
Stopping nodes
[       OK ] ConsistencyTest.TriggerSynchronization (2205 ms)
[ RUN      ] ConsistencyTest.ReplicaStopFlushesData
Test complete
Replica 1 connected.
[       OK ] ConsistencyTest.ReplicaStopFlushesData (2200 ms)
[ RUN      ] ConsistencyTest.PrimaryStopInitiatesHandshake
Replica 1 connected.
[       OK ] ConsistencyTest.PrimaryStopInitiatesHandshake (2096 ms)
[----------] 3 tests from ConsistencyTest (6502 ms total)

[----------] 2 tests from CorrectnessTest
[ RUN      ] CorrectnessTest.MultithreadMultipageCorrectness
Replica 1 connected.
Replica 2 connected.
Replica 3 connected.
[       OK ] CorrectnessTest.MultithreadMultipageCorrectness (36456 ms)
[ RUN      ] CorrectnessTest.MultiprocessMultipageCorrectness
Running main() from /app/build-linux/_deps/googletest-src/googletest/src/gtest_main.cc
Note: Google Test filter = CorrectnessTest.MultiprocessMultipageCorrectness
[==========] Running 1 test from 1 test suite.
[----------] Global test environment set-up.
[----------] 1 test from CorrectnessTest
[ RUN      ] CorrectnessTest.MultiprocessMultipageCorrectness
Replica 1 connected.
Running main() from /app/build-linux/_deps/googletest-src/googletest/src/gtest_main.cc
Note: Google Test filter = CorrectnessTest.MultiprocessMultipageCorrectness
[==========] Running 1 test from 1 test suite.
[----------] Global test environment set-up.
[----------] 1 test from CorrectnessTest
[ RUN      ] CorrectnessTest.MultiprocessMultipageCorrectness
Replica 2 connected.
Running main() from /app/build-linux/_deps/googletest-src/googletest/src/gtest_main.cc
Note: Google Test filter = CorrectnessTest.MultiprocessMultipageCorrectness
[==========] Running 1 test from 1 test suite.
[----------] Global test environment set-up.
[----------] 1 test from CorrectnessTest
[ RUN      ] CorrectnessTest.MultiprocessMultipageCorrectness
Replica 3 connected.
[       OK ] CorrectnessTest.MultiprocessMultipageCorrectness (2174 ms)
[----------] 2 tests from CorrectnessTest (38631 ms total)

[----------] 1 test from DistributedSortTest
[ RUN      ] DistributedSortTest.MultiprocessPiecewiseSort
Running main() from /app/build-linux/_deps/googletest-src/googletest/src/gtest_main.cc
Note: Google Test filter = DistributedSortTest.MultiprocessPiecewiseSort
[==========] Running 1 test from 1 test suite.
[----------] Global test environment set-up.
[----------] 1 test from DistributedSortTest
[ RUN      ] DistributedSortTest.MultiprocessPiecewiseSort
Replica 1 connected.
Running main() from /app/build-linux/_deps/googletest-src/googletest/src/gtest_main.cc
Note: Google Test filter = DistributedSortTest.MultiprocessPiecewiseSort
[==========] Running 1 test from 1 test suite.
[----------] Global test environment set-up.
[----------] 1 test from DistributedSortTest
[ RUN      ] DistributedSortTest.MultiprocessPiecewiseSort
Replica 2 connected.
Running main() from /app/build-linux/_deps/googletest-src/googletest/src/gtest_main.cc
Note: Google Test filter = DistributedSortTest.MultiprocessPiecewiseSort
[==========] Running 1 test from 1 test suite.
[----------] Global test environment set-up.
[----------] 1 test from DistributedSortTest
[ RUN      ] DistributedSortTest.MultiprocessPiecewiseSort
Replica 3 connected.
[Primary] Pages Sent: 14660, Pages Received: 14659 | Avg Transfer Time: 4.44598 us | Avg Time Between Transfers: 234.802 us
[Replica 1] Pages Sent: 5182, Pages Received: 5183 | Avg Transfer Time: 20.8277 us | Avg Time Between Transfers: 4709.13 us
[Replica 2] Pages Sent: 5208, Pages Received: 5209 | Avg Transfer Time: 20.8147 us | Avg Time Between Transfers: 4693.27 us
[Replica 3] Pages Sent: 5219, Pages Received: 5220 | Avg Transfer Time: 21.8063 us | Avg Time Between Transfers: 4690.5 us
[       OK ] DistributedSortTest.MultiprocessPiecewiseSort (27340 ms)
[----------] 1 test from DistributedSortTest (27340 ms total)

[----------] Global test environment tear-down
[==========] 15 tests from 10 test suites ran. (89880 ms total)
[  PASSED  ] 15 tests.
Building Docker image for Geryon Linux tests...
DEPRECATED: The legacy builder is deprecated and will be removed in a future release.
            Install the buildx component to build images with BuildKit:
            https://docs.docker.com/go/buildx/

Sending build context to Docker daemon  159.8MB
Step 1/6 : FROM ubuntu:24.04
 ---> 4fbb8e6a8395
Step 2/6 : RUN apt-get update && apt-get install -y     build-essential     cmake     git     wget     curl     pkg-config     libboost-system-dev     libboost-thread-dev     libboost-program-options-dev     libboost-test-dev     gdb
 ---> Using cache
 ---> 4caa702ced8d
Step 3/6 : WORKDIR /app
 ---> Using cache
 ---> 0e0bd87b4009
Step 4/6 : COPY . /app
 ---> ed6be2c84562
Step 5/6 : RUN mkdir -p build-linux && cd build-linux &&     cmake .. -DCMAKE_BUILD_TYPE=Release &&     make -j$(nproc)
 ---> Running in afc2a33c5acd
-- The CXX compiler identification is GNU 13.3.0
-- Detecting CXX compiler ABI info
-- Detecting CXX compiler ABI info - done
-- Check for working CXX compiler: /usr/bin/c++ - skipped
-- Detecting CXX compile features
-- Detecting CXX compile features - done
-- Found Boost: /usr/lib/aarch64-linux-gnu/cmake/Boost-1.83.0/BoostConfig.cmake (found version "1.83.0")  
-- The C compiler identification is GNU 13.3.0
-- Detecting C compiler ABI info
-- Detecting C compiler ABI info - done
-- Check for working C compiler: /usr/bin/cc - skipped
-- Detecting C compile features
-- Detecting C compile features - done
-- Could NOT find Python3 (missing: Python3_EXECUTABLE Interpreter) 
-- Performing Test CMAKE_HAVE_LIBC_PTHREAD
-- Performing Test CMAKE_HAVE_LIBC_PTHREAD - Success
-- Found Threads: TRUE  
-- Found Git: /usr/bin/git (found version "2.43.0") 
-- git version: v1.8.3 normalized to 1.8.3
-- Google Benchmark version: 1.8.3
-- Looking for shm_open in rt
-- Looking for shm_open in rt - found
-- Performing Test HAVE_CXX_FLAG_WALL
-- Performing Test HAVE_CXX_FLAG_WALL - Success
-- Performing Test HAVE_CXX_FLAG_WEXTRA
-- Performing Test HAVE_CXX_FLAG_WEXTRA - Success
-- Performing Test HAVE_CXX_FLAG_WSHADOW
-- Performing Test HAVE_CXX_FLAG_WSHADOW - Success
-- Performing Test HAVE_CXX_FLAG_WFLOAT_EQUAL
-- Performing Test HAVE_CXX_FLAG_WFLOAT_EQUAL - Success
-- Performing Test HAVE_CXX_FLAG_WOLD_STYLE_CAST
-- Performing Test HAVE_CXX_FLAG_WOLD_STYLE_CAST - Success
-- Performing Test HAVE_CXX_FLAG_WERROR
-- Performing Test HAVE_CXX_FLAG_WERROR - Success
-- Performing Test HAVE_CXX_FLAG_WSUGGEST_OVERRIDE
-- Performing Test HAVE_CXX_FLAG_WSUGGEST_OVERRIDE - Success
-- Performing Test HAVE_CXX_FLAG_PEDANTIC
-- Performing Test HAVE_CXX_FLAG_PEDANTIC - Success
-- Performing Test HAVE_CXX_FLAG_PEDANTIC_ERRORS
-- Performing Test HAVE_CXX_FLAG_PEDANTIC_ERRORS - Success
-- Performing Test HAVE_CXX_FLAG_WSHORTEN_64_TO_32
-- Performing Test HAVE_CXX_FLAG_WSHORTEN_64_TO_32 - Failed
-- Performing Test HAVE_CXX_FLAG_FSTRICT_ALIASING
-- Performing Test HAVE_CXX_FLAG_FSTRICT_ALIASING - Success
-- Performing Test HAVE_CXX_FLAG_WNO_DEPRECATED_DECLARATIONS
-- Performing Test HAVE_CXX_FLAG_WNO_DEPRECATED_DECLARATIONS - Success
-- Performing Test HAVE_CXX_FLAG_WNO_DEPRECATED
-- Performing Test HAVE_CXX_FLAG_WNO_DEPRECATED - Success
-- Performing Test HAVE_CXX_FLAG_WSTRICT_ALIASING
-- Performing Test HAVE_CXX_FLAG_WSTRICT_ALIASING - Success
-- Performing Test HAVE_CXX_FLAG_WD654
-- Performing Test HAVE_CXX_FLAG_WD654 - Failed
-- Performing Test HAVE_CXX_FLAG_WTHREAD_SAFETY
-- Performing Test HAVE_CXX_FLAG_WTHREAD_SAFETY - Failed
-- Performing Test HAVE_CXX_FLAG_COVERAGE
-- Performing Test HAVE_CXX_FLAG_COVERAGE - Success
-- Compiling and running to test HAVE_STD_REGEX
-- Performing Test HAVE_STD_REGEX -- success
-- Compiling and running to test HAVE_GNU_POSIX_REGEX
-- Performing Test HAVE_GNU_POSIX_REGEX -- failed to compile
-- Compiling and running to test HAVE_POSIX_REGEX
-- Performing Test HAVE_POSIX_REGEX -- success
-- Compiling and running to test HAVE_STEADY_CLOCK
-- Performing Test HAVE_STEADY_CLOCK -- success
-- Compiling and running to test HAVE_PTHREAD_AFFINITY
-- Performing Test HAVE_PTHREAD_AFFINITY -- success
-- Configuring done (8.4s)
-- Generating done (0.0s)
-- Build files have been written to: /app/build-linux
[  2%] Building CXX object CMakeFiles/geryon.dir/src/memory_region.cpp.o
[  4%] Building CXX object _deps/googletest-build/googletest/CMakeFiles/gtest.dir/src/gtest-all.cc.o
[  6%] Building CXX object CMakeFiles/geryon.dir/src/fault_handler.cpp.o
[91m/app/src/fault_handler.cpp: In member function 'bool geryon::GlobalFaultHandler::handle_fault_from_signal(void*)':
/app/src/fault_handler.cpp:230:18: warning: ignoring return value of 'ssize_t write(int, const void*, size_t)' declared with attribute 'warn_unused_result' [-Wunused-result]
  230 |             write(STDERR_FILENO, errmsg, len);
      |             ~~~~~^~~~~~~~~~~~~~~~~~~~~~~~~~~~
[0m[91m/app/src/fault_handler.cpp:234:22: warning: ignoring return value of 'ssize_t write(int, const void*, size_t)' declared with attribute 'warn_unused_result' [-Wunused-result]
  234 |                 write(STDERR_FILENO, errmsg, len);
      |                 ~~~~~^~~~~~~~~~~~~~~~~~~~~~~~~~~~
/app/src/fault_handler.cpp:236:18: warning: ignoring return value of 'ssize_t write(int, const void*, size_t)' declared with attribute 'warn_unused_result' [-Wunused-result]
  236 |             write(STDERR_FILENO, "\n", 1);
      |             ~~~~~^~~~~~~~~~~~~~~~~~~~~~~~
/app/src/fault_handler.cpp:259:22: warning: ignoring return value of 'ssize_t write(int, const void*, size_t)' declared with attribute 'warn_unused_result' [-Wunused-result]
  259 |                 write(STDERR_FILENO, errmsg, sizeof(errmsg) - 1);
      |                 ~~~~~^~~~~~~~~~~~~~~~~~~~~~~~~~~~~~~~~~~~~~~~~~~
[0m[  8%] Building CXX object CMakeFiles/geryon.dir/src/network_node.cpp.o
[ 10%] Linking CXX static library libgeryon.a
[ 10%] Built target geryon
[ 12%] Building CXX object _deps/benchmark-build/src/CMakeFiles/benchmark.dir/benchmark.cc.o
[ 14%] Linking CXX static library ../../../lib/libgtest.a
[ 14%] Built target gtest
[ 17%] Building CXX object _deps/benchmark-build/src/CMakeFiles/benchmark.dir/benchmark_api_internal.cc.o
[ 19%] Building CXX object _deps/googletest-build/googlemock/CMakeFiles/gmock.dir/src/gmock-all.cc.o
[ 21%] Building CXX object _deps/benchmark-build/src/CMakeFiles/benchmark.dir/benchmark_name.cc.o
[ 23%] Building CXX object _deps/benchmark-build/src/CMakeFiles/benchmark.dir/benchmark_register.cc.o
[ 25%] Linking CXX static library ../../../lib/libgmock.a
[ 25%] Built target gmock
[ 27%] Building CXX object _deps/benchmark-build/src/CMakeFiles/benchmark.dir/benchmark_runner.cc.o
[ 29%] Building CXX object _deps/benchmark-build/src/CMakeFiles/benchmark.dir/check.cc.o
[ 31%] Building CXX object _deps/googletest-build/googletest/CMakeFiles/gtest_main.dir/src/gtest_main.cc.o
[ 34%] Building CXX object _deps/benchmark-build/src/CMakeFiles/benchmark.dir/colorprint.cc.o
[ 36%] Building CXX object _deps/benchmark-build/src/CMakeFiles/benchmark.dir/commandlineflags.cc.o
[ 38%] Linking CXX static library ../../../lib/libgtest_main.a
[ 38%] Built target gtest_main
[ 40%] Building CXX object _deps/benchmark-build/src/CMakeFiles/benchmark.dir/complexity.cc.o
[ 42%] Building CXX object _deps/googletest-build/googlemock/CMakeFiles/gmock_main.dir/src/gmock_main.cc.o
[ 44%] Building CXX object _deps/benchmark-build/src/CMakeFiles/benchmark.dir/console_reporter.cc.o
[ 46%] Linking CXX static library ../../../lib/libgmock_main.a
[ 46%] Built target gmock_main
[ 48%] Building CXX object _deps/benchmark-build/src/CMakeFiles/benchmark.dir/counter.cc.o
[ 51%] Building CXX object _deps/benchmark-build/src/CMakeFiles/benchmark.dir/csv_reporter.cc.o
[ 53%] Building CXX object tests/CMakeFiles/geryon_tests.dir/test_memory_region.cpp.o
[ 55%] Building CXX object _deps/benchmark-build/src/CMakeFiles/benchmark.dir/json_reporter.cc.o
[ 57%] Building CXX object _deps/benchmark-build/src/CMakeFiles/benchmark.dir/perf_counters.cc.o
[ 59%] Building CXX object _deps/benchmark-build/src/CMakeFiles/benchmark.dir/reporter.cc.o
[ 61%] Building CXX object tests/CMakeFiles/geryon_tests.dir/test_fault_handler.cpp.o
[ 63%] Building CXX object _deps/benchmark-build/src/CMakeFiles/benchmark.dir/statistics.cc.o
[ 65%] Building CXX object tests/CMakeFiles/geryon_tests.dir/test_network_sync.cpp.o
[ 68%] Building CXX object _deps/benchmark-build/src/CMakeFiles/benchmark.dir/string_util.cc.o
[ 70%] Building CXX object _deps/benchmark-build/src/CMakeFiles/benchmark.dir/sysinfo.cc.o
[ 72%] Building CXX object _deps/benchmark-build/src/CMakeFiles/benchmark.dir/timers.cc.o
[ 74%] Linking CXX static library libbenchmark.a
[ 74%] Built target benchmark
[ 76%] Building CXX object _deps/benchmark-build/src/CMakeFiles/benchmark_main.dir/benchmark_main.cc.o
[ 78%] Linking CXX static library libbenchmark_main.a
[ 80%] Building CXX object tests/CMakeFiles/geryon_tests.dir/test_multi_client.cpp.o
[ 80%] Built target benchmark_main
[ 82%] Building CXX object tests/CMakeFiles/geryon_tests.dir/test_synchronization.cpp.o
[ 85%] Building CXX object benchmarks/CMakeFiles/benchmark_page_transfer.dir/benchmark_page_transfer.cpp.o
[ 87%] Building CXX object tests/CMakeFiles/geryon_tests.dir/test_interprocess.cpp.o
[ 89%] Linking CXX executable benchmark_page_transfer
[ 89%] Built target benchmark_page_transfer
[ 91%] Building CXX object tests/CMakeFiles/geryon_tests.dir/test_memnon_integration.cpp.o
[ 93%] Building CXX object tests/CMakeFiles/geryon_tests.dir/test_consistency.cpp.o
[ 95%] Building CXX object tests/CMakeFiles/geryon_tests.dir/test_correctness.cpp.o
[ 97%] Building CXX object tests/CMakeFiles/geryon_tests.dir/test_distributed_sort.cpp.o
[91m/app/tests/test_distributed_sort.cpp: In lambda function:
/app/tests/test_distributed_sort.cpp:152:24: warning: ignoring return value of 'int system(const char*)' declared with attribute 'warn_unused_result' [-Wunused-result]
  152 |             std::system(cmd.c_str());
      |             ~~~~~~~~~~~^~~~~~~~~~~~~
[0m[100%] Linking CXX executable geryon_tests
[100%] Built target geryon_tests
 ---> Removed intermediate container afc2a33c5acd
 ---> 90b605071418
Step 6/6 : CMD ["./build-linux/tests/geryon_tests"]
 ---> Running in b05e85dfec70
 ---> Removed intermediate container b05e85dfec70
 ---> 69a2b209b4ec
Successfully built 69a2b209b4ec
Successfully tagged geryon-linux-tests:latest
Running tests in Docker container...
Running main() from /app/build-linux/_deps/googletest-src/googletest/src/gtest_main.cc
[==========] Running 15 tests from 10 test suites.
[----------] Global test environment set-up.
[----------] 2 tests from MemoryRegionTest
[ RUN      ] MemoryRegionTest.AllocationAndPageSize
[       OK ] MemoryRegionTest.AllocationAndPageSize (0 ms)
[ RUN      ] MemoryRegionTest.ProtectionChanges
[       OK ] MemoryRegionTest.ProtectionChanges (1 ms)
[----------] 2 tests from MemoryRegionTest (1 ms total)

[----------] 1 test from FaultHandlerTest
[ RUN      ] FaultHandlerTest.SoftFaultHandling
[       OK ] FaultHandlerTest.SoftFaultHandling (0 ms)
[----------] 1 test from FaultHandlerTest (0 ms total)

[----------] 2 tests from NetworkSyncTest
[ RUN      ] NetworkSyncTest.BouncingOwnership
Replica 1 connected.
[       OK ] NetworkSyncTest.BouncingOwnership (2104 ms)
[ RUN      ] NetworkSyncTest.StressTest
Replica 1 connected.
[       OK ] NetworkSyncTest.StressTest (2175 ms)
[----------] 2 tests from NetworkSyncTest (4279 ms total)

[----------] 1 test from MultiClientTest
[ RUN      ] MultiClientTest.StarTopologyBouncing
Replica 1 connected.
Replica 2 connected.
Replica 3 connected.
[       OK ] MultiClientTest.StarTopologyBouncing (6536 ms)
[----------] 1 test from MultiClientTest (6536 ms total)

[----------] 1 test from SynchronizationTest
[ RUN      ] SynchronizationTest.DistributedSpinLock
Replica 1 connected.
Primary finished.
Replica finished.
[       OK ] SynchronizationTest.DistributedSpinLock (2276 ms)
[----------] 1 test from SynchronizationTest (2276 ms total)

[----------] 1 test from InterprocessTest
[ RUN      ] InterprocessTest.SharedVector
Replica 1 connected.
[       OK ] InterprocessTest.SharedVector (2105 ms)
[----------] 1 test from InterprocessTest (2105 ms total)

[----------] 1 test from MemnonIntegrationTest
[ RUN      ] MemnonIntegrationTest.SegmentedInterprocess
Replica 1 connected.
[       OK ] MemnonIntegrationTest.SegmentedInterprocess (2202 ms)
[----------] 1 test from MemnonIntegrationTest (2202 ms total)

[----------] 3 tests from ConsistencyTest
[ RUN      ] ConsistencyTest.TriggerSynchronization
Starting primary...
Primary started.
Starting replica...
Replica started.
Replica 1 connected.
Simulating replica page request 1
Simulating replica page request 2
Replica writing to pages
Primary triggering synchronization
Primary checking consistency
Stopping nodes
Test complete
[       OK ] ConsistencyTest.TriggerSynchronization (2199 ms)
[ RUN      ] ConsistencyTest.ReplicaStopFlushesData
Replica 1 connected.
[       OK ] ConsistencyTest.ReplicaStopFlushesData (2200 ms)
[ RUN      ] ConsistencyTest.PrimaryStopInitiatesHandshake
Replica 1 connected.
[       OK ] ConsistencyTest.PrimaryStopInitiatesHandshake (2097 ms)
[----------] 3 tests from ConsistencyTest (6497 ms total)

[----------] 2 tests from CorrectnessTest
[ RUN      ] CorrectnessTest.MultithreadMultipageCorrectness
Replica 1 connected.
Replica 2 connected.
Replica 3 connected.
[       OK ] CorrectnessTest.MultithreadMultipageCorrectness (20150 ms)
[ RUN      ] CorrectnessTest.MultiprocessMultipageCorrectness
Running main() from /app/build-linux/_deps/googletest-src/googletest/src/gtest_main.cc
Note: Google Test filter = CorrectnessTest.MultiprocessMultipageCorrectness
[==========] Running 1 test from 1 test suite.
[----------] Global test environment set-up.
[----------] 1 test from CorrectnessTest
[ RUN      ] CorrectnessTest.MultiprocessMultipageCorrectness
Replica 1 connected.
Running main() from /app/build-linux/_deps/googletest-src/googletest/src/gtest_main.cc
Note: Google Test filter = CorrectnessTest.MultiprocessMultipageCorrectness
[==========] Running 1 test from 1 test suite.
[----------] Global test environment set-up.
[----------] 1 test from CorrectnessTest
[ RUN      ] CorrectnessTest.MultiprocessMultipageCorrectness
Replica 2 connected.
Running main() from /app/build-linux/_deps/googletest-src/googletest/src/gtest_main.cc
Note: Google Test filter = CorrectnessTest.MultiprocessMultipageCorrectness
[==========] Running 1 test from 1 test suite.
[----------] Global test environment set-up.
[----------] 1 test from CorrectnessTest
[ RUN      ] CorrectnessTest.MultiprocessMultipageCorrectness
Replica 3 connected.
[       OK ] CorrectnessTest.MultiprocessMultipageCorrectness (2178 ms)
[----------] 2 tests from CorrectnessTest (22329 ms total)

[----------] 1 test from DistributedSortTest
[ RUN      ] DistributedSortTest.MultiprocessPiecewiseSort
Running main() from /app/build-linux/_deps/googletest-src/googletest/src/gtest_main.cc
Note: Google Test filter = DistributedSortTest.MultiprocessPiecewiseSort
[==========] Running 1 test from 1 test suite.
[----------] Global test environment set-up.
[----------] 1 test from DistributedSortTest
[ RUN      ] DistributedSortTest.MultiprocessPiecewiseSort
Replica 1 connected.
Running main() from /app/build-linux/_deps/googletest-src/googletest/src/gtest_main.cc
Note: Google Test filter = DistributedSortTest.MultiprocessPiecewiseSort
[==========] Running 1 test from 1 test suite.
[----------] Global test environment set-up.
[----------] 1 test from DistributedSortTest
[ RUN      ] DistributedSortTest.MultiprocessPiecewiseSort
Replica 2 connected.
Running main() from /app/build-linux/_deps/googletest-src/googletest/src/gtest_main.cc
Note: Google Test filter = DistributedSortTest.MultiprocessPiecewiseSort
[==========] Running 1 test from 1 test suite.
[----------] Global test environment set-up.
[----------] 1 test from DistributedSortTest
[ RUN      ] DistributedSortTest.MultiprocessPiecewiseSort
Replica 3 connected.
[Primary] Pages Sent: 14660, Pages Received: 14659 | Avg Transfer Time: 4.36037 us | Avg Time Between Transfers: 239.825 us
[Replica 3] Pages Sent: 5192, Pages Received: 5193 | Avg Transfer Time: 21.432 us | Avg Time Between Transfers: 4477.5 us
[Replica 1] Pages Sent: 5137, Pages Received: 5138 | Avg Transfer Time: 20.5747 us | Avg Time Between Transfers: 4535.04 us
[Replica 2] Pages Sent: 5176, Pages Received: 5177 | Avg Transfer Time: 21.3095 us | Avg Time Between Transfers: 4508.35 us
[       OK ] DistributedSortTest.MultiprocessPiecewiseSort (26191 ms)
[----------] 1 test from DistributedSortTest (26191 ms total)

[----------] Global test environment tear-down
[==========] 15 tests from 10 test suites ran. (72422 ms total)
[  PASSED  ] 15 tests.
Building Docker image for Geryon Linux tests...
DEPRECATED: The legacy builder is deprecated and will be removed in a future release.
            Install the buildx component to build images with BuildKit:
            https://docs.docker.com/go/buildx/

Sending build context to Docker daemon  159.8MB
Step 1/6 : FROM ubuntu:24.04
 ---> 4fbb8e6a8395
Step 2/6 : RUN apt-get update && apt-get install -y     build-essential     cmake     git     wget     curl     pkg-config     libboost-system-dev     libboost-thread-dev     libboost-program-options-dev     libboost-test-dev     gdb
 ---> Using cache
 ---> 4caa702ced8d
Step 3/6 : WORKDIR /app
 ---> Using cache
 ---> 0e0bd87b4009
Step 4/6 : COPY . /app
 ---> ac12d8b5fa7f
Step 5/6 : RUN mkdir -p build-linux && cd build-linux &&     cmake .. -DCMAKE_BUILD_TYPE=Release &&     make -j$(nproc)
 ---> Running in 9ce5b923ffde
-- The CXX compiler identification is GNU 13.3.0
-- Detecting CXX compiler ABI info
-- Detecting CXX compiler ABI info - done
-- Check for working CXX compiler: /usr/bin/c++ - skipped
-- Detecting CXX compile features
-- Detecting CXX compile features - done
-- Found Boost: /usr/lib/aarch64-linux-gnu/cmake/Boost-1.83.0/BoostConfig.cmake (found version "1.83.0")  
-- The C compiler identification is GNU 13.3.0
-- Detecting C compiler ABI info
-- Detecting C compiler ABI info - done
-- Check for working C compiler: /usr/bin/cc - skipped
-- Detecting C compile features
-- Detecting C compile features - done
-- Could NOT find Python3 (missing: Python3_EXECUTABLE Interpreter) 
-- Performing Test CMAKE_HAVE_LIBC_PTHREAD
-- Performing Test CMAKE_HAVE_LIBC_PTHREAD - Success
-- Found Threads: TRUE  
-- Found Git: /usr/bin/git (found version "2.43.0") 
-- git version: v1.8.3 normalized to 1.8.3
-- Google Benchmark version: 1.8.3
-- Looking for shm_open in rt
-- Looking for shm_open in rt - found
-- Performing Test HAVE_CXX_FLAG_WALL
-- Performing Test HAVE_CXX_FLAG_WALL - Success
-- Performing Test HAVE_CXX_FLAG_WEXTRA
-- Performing Test HAVE_CXX_FLAG_WEXTRA - Success
-- Performing Test HAVE_CXX_FLAG_WSHADOW
-- Performing Test HAVE_CXX_FLAG_WSHADOW - Success
-- Performing Test HAVE_CXX_FLAG_WFLOAT_EQUAL
-- Performing Test HAVE_CXX_FLAG_WFLOAT_EQUAL - Success
-- Performing Test HAVE_CXX_FLAG_WOLD_STYLE_CAST
-- Performing Test HAVE_CXX_FLAG_WOLD_STYLE_CAST - Success
-- Performing Test HAVE_CXX_FLAG_WERROR
-- Performing Test HAVE_CXX_FLAG_WERROR - Success
-- Performing Test HAVE_CXX_FLAG_WSUGGEST_OVERRIDE
-- Performing Test HAVE_CXX_FLAG_WSUGGEST_OVERRIDE - Success
-- Performing Test HAVE_CXX_FLAG_PEDANTIC
-- Performing Test HAVE_CXX_FLAG_PEDANTIC - Success
-- Performing Test HAVE_CXX_FLAG_PEDANTIC_ERRORS
-- Performing Test HAVE_CXX_FLAG_PEDANTIC_ERRORS - Success
-- Performing Test HAVE_CXX_FLAG_WSHORTEN_64_TO_32
-- Performing Test HAVE_CXX_FLAG_WSHORTEN_64_TO_32 - Failed
-- Performing Test HAVE_CXX_FLAG_FSTRICT_ALIASING
-- Performing Test HAVE_CXX_FLAG_FSTRICT_ALIASING - Success
-- Performing Test HAVE_CXX_FLAG_WNO_DEPRECATED_DECLARATIONS
-- Performing Test HAVE_CXX_FLAG_WNO_DEPRECATED_DECLARATIONS - Success
-- Performing Test HAVE_CXX_FLAG_WNO_DEPRECATED
-- Performing Test HAVE_CXX_FLAG_WNO_DEPRECATED - Success
-- Performing Test HAVE_CXX_FLAG_WSTRICT_ALIASING
-- Performing Test HAVE_CXX_FLAG_WSTRICT_ALIASING - Success
-- Performing Test HAVE_CXX_FLAG_WD654
-- Performing Test HAVE_CXX_FLAG_WD654 - Failed
-- Performing Test HAVE_CXX_FLAG_WTHREAD_SAFETY
-- Performing Test HAVE_CXX_FLAG_WTHREAD_SAFETY - Failed
-- Performing Test HAVE_CXX_FLAG_COVERAGE
-- Performing Test HAVE_CXX_FLAG_COVERAGE - Success
-- Compiling and running to test HAVE_STD_REGEX
-- Performing Test HAVE_STD_REGEX -- success
-- Compiling and running to test HAVE_GNU_POSIX_REGEX
-- Performing Test HAVE_GNU_POSIX_REGEX -- failed to compile
-- Compiling and running to test HAVE_POSIX_REGEX
-- Performing Test HAVE_POSIX_REGEX -- success
-- Compiling and running to test HAVE_STEADY_CLOCK
-- Performing Test HAVE_STEADY_CLOCK -- success
-- Compiling and running to test HAVE_PTHREAD_AFFINITY
-- Performing Test HAVE_PTHREAD_AFFINITY -- success
-- Configuring done (11.0s)
-- Generating done (0.0s)
-- Build files have been written to: /app/build-linux
[  2%] Building CXX object CMakeFiles/geryon.dir/src/memory_region.cpp.o
[  4%] Building CXX object _deps/googletest-build/googletest/CMakeFiles/gtest.dir/src/gtest-all.cc.o
[  6%] Building CXX object CMakeFiles/geryon.dir/src/fault_handler.cpp.o
[91m/app/src/fault_handler.cpp: In member function 'bool geryon::GlobalFaultHandler::handle_fault_from_signal(void*)':
/app/src/fault_handler.cpp:230:18: warning: ignoring return value of 'ssize_t write(int, const void*, size_t)' declared with attribute 'warn_unused_result' [-Wunused-result]
  230 |             write(STDERR_FILENO, errmsg, len);
      |             ~~~~~^~~~~~~~~~~~~~~~~~~~~~~~~~~~
/app/src/fault_handler.cpp:234:22: warning: ignoring return value of 'ssize_t write(int, const void*, size_t)' declared with attribute 'warn_unused_result' [-Wunused-result]
  234 |                 write(STDERR_FILENO, errmsg, len);
      |                 ~~~~~^~~~~~~~~~~~~~~~~~~~~~~~~~~~
/app/src/fault_handler.cpp:236:18: warning: ignoring return value of 'ssize_t write(int, const void*, size_t)' declared with attribute 'warn_unused_result' [-Wunused-result]
  236 |             write(STDERR_FILENO, "\n", 1);
      |             ~~~~~^~~~~~~~~~~~~~~~~~~~~~~~
/app/src/fault_handler.cpp:259:22: warning: ignoring return value of 'ssize_t write(int, const void*, size_t)' declared with attribute 'warn_unused_result' [-Wunused-result]
  259 |                 write(STDERR_FILENO, errmsg, sizeof(errmsg) - 1);
      |                 ~~~~~^~~~~~~~~~~~~~~~~~~~~~~~~~~~~~~~~~~~~~~~~~~
[0m[  8%] Building CXX object CMakeFiles/geryon.dir/src/network_node.cpp.o
[ 10%] Linking CXX static library libgeryon.a
[ 10%] Built target geryon
[ 12%] Building CXX object _deps/benchmark-build/src/CMakeFiles/benchmark.dir/benchmark.cc.o
[ 14%] Linking CXX static library ../../../lib/libgtest.a
[ 14%] Built target gtest
[ 17%] Building CXX object _deps/benchmark-build/src/CMakeFiles/benchmark.dir/benchmark_api_internal.cc.o
[ 19%] Building CXX object _deps/googletest-build/googlemock/CMakeFiles/gmock.dir/src/gmock-all.cc.o
[ 21%] Building CXX object _deps/benchmark-build/src/CMakeFiles/benchmark.dir/benchmark_name.cc.o
[ 23%] Building CXX object _deps/benchmark-build/src/CMakeFiles/benchmark.dir/benchmark_register.cc.o
[ 25%] Linking CXX static library ../../../lib/libgmock.a
[ 25%] Built target gmock
[ 27%] Building CXX object _deps/benchmark-build/src/CMakeFiles/benchmark.dir/benchmark_runner.cc.o
[ 29%] Building CXX object _deps/benchmark-build/src/CMakeFiles/benchmark.dir/check.cc.o
[ 31%] Building CXX object _deps/googletest-build/googletest/CMakeFiles/gtest_main.dir/src/gtest_main.cc.o
[ 34%] Building CXX object _deps/benchmark-build/src/CMakeFiles/benchmark.dir/colorprint.cc.o
[ 36%] Building CXX object _deps/benchmark-build/src/CMakeFiles/benchmark.dir/commandlineflags.cc.o
[ 38%] Linking CXX static library ../../../lib/libgtest_main.a
[ 38%] Built target gtest_main
[ 40%] Building CXX object _deps/benchmark-build/src/CMakeFiles/benchmark.dir/complexity.cc.o
[ 42%] Building CXX object _deps/googletest-build/googlemock/CMakeFiles/gmock_main.dir/src/gmock_main.cc.o
[ 44%] Building CXX object _deps/benchmark-build/src/CMakeFiles/benchmark.dir/console_reporter.cc.o
[ 46%] Building CXX object _deps/benchmark-build/src/CMakeFiles/benchmark.dir/counter.cc.o
[ 48%] Linking CXX static library ../../../lib/libgmock_main.a
[ 48%] Built target gmock_main
[ 51%] Building CXX object _deps/benchmark-build/src/CMakeFiles/benchmark.dir/csv_reporter.cc.o
[ 53%] Building CXX object tests/CMakeFiles/geryon_tests.dir/test_memory_region.cpp.o
[ 55%] Building CXX object _deps/benchmark-build/src/CMakeFiles/benchmark.dir/json_reporter.cc.o
[ 57%] Building CXX object _deps/benchmark-build/src/CMakeFiles/benchmark.dir/perf_counters.cc.o
[ 59%] Building CXX object _deps/benchmark-build/src/CMakeFiles/benchmark.dir/reporter.cc.o
[ 61%] Building CXX object tests/CMakeFiles/geryon_tests.dir/test_fault_handler.cpp.o
[ 63%] Building CXX object _deps/benchmark-build/src/CMakeFiles/benchmark.dir/statistics.cc.o
[ 65%] Building CXX object tests/CMakeFiles/geryon_tests.dir/test_network_sync.cpp.o
[ 68%] Building CXX object _deps/benchmark-build/src/CMakeFiles/benchmark.dir/string_util.cc.o
[ 70%] Building CXX object _deps/benchmark-build/src/CMakeFiles/benchmark.dir/sysinfo.cc.o
[ 72%] Building CXX object _deps/benchmark-build/src/CMakeFiles/benchmark.dir/timers.cc.o
[ 74%] Linking CXX static library libbenchmark.a
[ 74%] Built target benchmark
[ 76%] Building CXX object tests/CMakeFiles/geryon_tests.dir/test_multi_client.cpp.o
[ 78%] Building CXX object tests/CMakeFiles/geryon_tests.dir/test_synchronization.cpp.o
[ 80%] Building CXX object tests/CMakeFiles/geryon_tests.dir/test_interprocess.cpp.o
[ 82%] Building CXX object tests/CMakeFiles/geryon_tests.dir/test_memnon_integration.cpp.o
[ 85%] Building CXX object tests/CMakeFiles/geryon_tests.dir/test_consistency.cpp.o
[ 87%] Building CXX object _deps/benchmark-build/src/CMakeFiles/benchmark_main.dir/benchmark_main.cc.o
[ 89%] Linking CXX static library libbenchmark_main.a
[ 89%] Built target benchmark_main
[ 91%] Building CXX object benchmarks/CMakeFiles/benchmark_page_transfer.dir/benchmark_page_transfer.cpp.o
[ 93%] Building CXX object tests/CMakeFiles/geryon_tests.dir/test_correctness.cpp.o
[ 95%] Linking CXX executable benchmark_page_transfer
[ 95%] Built target benchmark_page_transfer
[ 97%] Building CXX object tests/CMakeFiles/geryon_tests.dir/test_distributed_sort.cpp.o
[91m/app/tests/test_distributed_sort.cpp: In lambda function:
/app/tests/test_distributed_sort.cpp:152:24: warning: ignoring return value of 'int system(const char*)' declared with attribute 'warn_unused_result' [-Wunused-result]
  152 |             std::system(cmd.c_str());
      |             ~~~~~~~~~~~^~~~~~~~~~~~~
[0m[100%] Linking CXX executable geryon_tests
[100%] Built target geryon_tests
 ---> Removed intermediate container 9ce5b923ffde
 ---> f1e5926af03a
Step 6/6 : CMD ["./build-linux/tests/geryon_tests"]
 ---> Running in 7bd446a6954b
 ---> Removed intermediate container 7bd446a6954b
 ---> 6183b42038d8
Successfully built 6183b42038d8
Successfully tagged geryon-linux-tests:latest
Running tests in Docker container...
Running main() from /app/build-linux/_deps/googletest-src/googletest/src/gtest_main.cc
[==========] Running 15 tests from 10 test suites.
[----------] Global test environment set-up.
[----------] 2 tests from MemoryRegionTest
[ RUN      ] MemoryRegionTest.AllocationAndPageSize
[       OK ] MemoryRegionTest.AllocationAndPageSize (0 ms)
[ RUN      ] MemoryRegionTest.ProtectionChanges
[       OK ] MemoryRegionTest.ProtectionChanges (1 ms)
[----------] 2 tests from MemoryRegionTest (1 ms total)

[----------] 1 test from FaultHandlerTest
[ RUN      ] FaultHandlerTest.SoftFaultHandling
[       OK ] FaultHandlerTest.SoftFaultHandling (0 ms)
[----------] 1 test from FaultHandlerTest (0 ms total)

[----------] 2 tests from NetworkSyncTest
[ RUN      ] NetworkSyncTest.BouncingOwnership
Replica 1 connected.
[       OK ] NetworkSyncTest.BouncingOwnership (2111 ms)
[ RUN      ] NetworkSyncTest.StressTest
Replica 1 connected.
[       OK ] NetworkSyncTest.StressTest (2171 ms)
[----------] 2 tests from NetworkSyncTest (4282 ms total)

[----------] 1 test from MultiClientTest
[ RUN      ] MultiClientTest.StarTopologyBouncing
Replica 1 connected.
Replica 2 connected.
Replica 3 connected.
[       OK ] MultiClientTest.StarTopologyBouncing (6530 ms)
[----------] 1 test from MultiClientTest (6530 ms total)

[----------] 1 test from SynchronizationTest
[ RUN      ] SynchronizationTest.DistributedSpinLock
Replica 1 connected.
Primary finished.
Replica finished.
[       OK ] SynchronizationTest.DistributedSpinLock (2276 ms)
[----------] 1 test from SynchronizationTest (2276 ms total)

[----------] 1 test from InterprocessTest
[ RUN      ] InterprocessTest.SharedVector
Replica 1 connected.
[       OK ] InterprocessTest.SharedVector (2109 ms)
[----------] 1 test from InterprocessTest (2109 ms total)

[----------] 1 test from MemnonIntegrationTest
[ RUN      ] MemnonIntegrationTest.SegmentedInterprocess
Replica 1 connected.
[       OK ] MemnonIntegrationTest.SegmentedInterprocess (2196 ms)
[----------] 1 test from MemnonIntegrationTest (2196 ms total)

[----------] 3 tests from ConsistencyTest
[ RUN      ] ConsistencyTest.TriggerSynchronization
Starting primary...
Replica 1 connected.
Primary started.
Starting replica...
Replica started.
Simulating replica page request 1
Simulating replica page request 2
Replica writing to pages
Primary triggering synchronization
Primary checking consistency
Stopping nodes
Test complete
[       OK ] ConsistencyTest.TriggerSynchronization (2208 ms)
[ RUN      ] ConsistencyTest.ReplicaStopFlushesData
Replica 1 connected.
[       OK ] ConsistencyTest.ReplicaStopFlushesData (2199 ms)
[ RUN      ] ConsistencyTest.PrimaryStopInitiatesHandshake
Replica 1 connected.
[       OK ] ConsistencyTest.PrimaryStopInitiatesHandshake (2099 ms)
[----------] 3 tests from ConsistencyTest (6507 ms total)

[----------] 2 tests from CorrectnessTest
[ RUN      ] CorrectnessTest.MultithreadMultipageCorrectness
Replica 1 connected.
Replica 2 connected.
Replica 3 connected.
[       OK ] CorrectnessTest.MultithreadMultipageCorrectness (21545 ms)
[ RUN      ] CorrectnessTest.MultiprocessMultipageCorrectness
Running main() from /app/build-linux/_deps/googletest-src/googletest/src/gtest_main.cc
Note: Google Test filter = CorrectnessTest.MultiprocessMultipageCorrectness
[==========] Running 1 test from 1 test suite.
[----------] Global test environment set-up.
[----------] 1 test from CorrectnessTest
[ RUN      ] CorrectnessTest.MultiprocessMultipageCorrectness
Replica 1 connected.
Running main() from /app/build-linux/_deps/googletest-src/googletest/src/gtest_main.cc
Note: Google Test filter = CorrectnessTest.MultiprocessMultipageCorrectness
[==========] Running 1 test from 1 test suite.
[----------] Global test environment set-up.
[----------] 1 test from CorrectnessTest
[ RUN      ] CorrectnessTest.MultiprocessMultipageCorrectness
Replica 2 connected.
Running main() from /app/build-linux/_deps/googletest-src/googletest/src/gtest_main.cc
Note: Google Test filter = CorrectnessTest.MultiprocessMultipageCorrectness
[==========] Running 1 test from 1 test suite.
[----------] Global test environment set-up.
[----------] 1 test from CorrectnessTest
[ RUN      ] CorrectnessTest.MultiprocessMultipageCorrectness
Replica 3 connected.
[       OK ] CorrectnessTest.MultiprocessMultipageCorrectness (2174 ms)
[----------] 2 tests from CorrectnessTest (23720 ms total)

[----------] 1 test from DistributedSortTest
[ RUN      ] DistributedSortTest.MultiprocessPiecewiseSort
Running main() from /app/build-linux/_deps/googletest-src/googletest/src/gtest_main.cc
Note: Google Test filter = DistributedSortTest.MultiprocessPiecewiseSort
[==========] Running 1 test from 1 test suite.
[----------] Global test environment set-up.
[----------] 1 test from DistributedSortTest
[ RUN      ] DistributedSortTest.MultiprocessPiecewiseSort
Replica 1 connected.
Running main() from /app/build-linux/_deps/googletest-src/googletest/src/gtest_main.cc
Note: Google Test filter = DistributedSortTest.MultiprocessPiecewiseSort
[==========] Running 1 test from 1 test suite.
[----------] Global test environment set-up.
[----------] 1 test from DistributedSortTest
[ RUN      ] DistributedSortTest.MultiprocessPiecewiseSort
Replica 2 connected.
Running main() from /app/build-linux/_deps/googletest-src/googletest/src/gtest_main.cc
Note: Google Test filter = DistributedSortTest.MultiprocessPiecewiseSort
[==========] Running 1 test from 1 test suite.
[----------] Global test environment set-up.
[----------] 1 test from DistributedSortTest
[ RUN      ] DistributedSortTest.MultiprocessPiecewiseSort
Replica 3 connected.
[Primary] Pages Sent: 14660, Pages Received: 14659 | Avg Transfer Time: 4.41917 us | Avg Time Between Transfers: 240.538 us
[Replica 1] Pages Sent: 5221, Pages Received: 5222 | Avg Transfer Time: 18.7148 us | Avg Time Between Transfers: 4807.78 us
[Replica 2] Pages Sent: 5225, Pages Received: 5226 | Avg Transfer Time: 19.0748 us | Avg Time Between Transfers: 4811.36 us
[Replica 3] Pages Sent: 5235, Pages Received: 5236 | Avg Transfer Time: 18.8651 us | Avg Time Between Transfers: 4810.19 us
[       OK ] DistributedSortTest.MultiprocessPiecewiseSort (28017 ms)
[----------] 1 test from DistributedSortTest (28017 ms total)

[----------] Global test environment tear-down
[==========] 15 tests from 10 test suites ran. (75641 ms total)
[  PASSED  ] 15 tests.
Building Docker image for Geryon Linux tests...
DEPRECATED: The legacy builder is deprecated and will be removed in a future release.
            Install the buildx component to build images with BuildKit:
            https://docs.docker.com/go/buildx/

Sending build context to Docker daemon  159.8MB
Step 1/6 : FROM ubuntu:24.04
 ---> 4fbb8e6a8395
Step 2/6 : RUN apt-get update && apt-get install -y     build-essential     cmake     git     wget     curl     pkg-config     libboost-system-dev     libboost-thread-dev     libboost-program-options-dev     libboost-test-dev     gdb
 ---> Using cache
 ---> 4caa702ced8d
Step 3/6 : WORKDIR /app
 ---> Using cache
 ---> 0e0bd87b4009
Step 4/6 : COPY . /app
 ---> 0c218428026a
Step 5/6 : RUN mkdir -p build-linux && cd build-linux &&     cmake .. -DCMAKE_BUILD_TYPE=Release &&     make -j$(nproc)
 ---> Running in 32a75c9e3af5
-- The CXX compiler identification is GNU 13.3.0
-- Detecting CXX compiler ABI info
-- Detecting CXX compiler ABI info - done
-- Check for working CXX compiler: /usr/bin/c++ - skipped
-- Detecting CXX compile features
-- Detecting CXX compile features - done
-- Found Boost: /usr/lib/aarch64-linux-gnu/cmake/Boost-1.83.0/BoostConfig.cmake (found version "1.83.0")  
-- The C compiler identification is GNU 13.3.0
-- Detecting C compiler ABI info
-- Detecting C compiler ABI info - done
-- Check for working C compiler: /usr/bin/cc - skipped
-- Detecting C compile features
-- Detecting C compile features - done
-- Could NOT find Python3 (missing: Python3_EXECUTABLE Interpreter) 
-- Performing Test CMAKE_HAVE_LIBC_PTHREAD
-- Performing Test CMAKE_HAVE_LIBC_PTHREAD - Success
-- Found Threads: TRUE  
-- Found Git: /usr/bin/git (found version "2.43.0") 
-- git version: v1.8.3 normalized to 1.8.3
-- Google Benchmark version: 1.8.3
-- Looking for shm_open in rt
-- Looking for shm_open in rt - found
-- Performing Test HAVE_CXX_FLAG_WALL
-- Performing Test HAVE_CXX_FLAG_WALL - Success
-- Performing Test HAVE_CXX_FLAG_WEXTRA
-- Performing Test HAVE_CXX_FLAG_WEXTRA - Success
-- Performing Test HAVE_CXX_FLAG_WSHADOW
-- Performing Test HAVE_CXX_FLAG_WSHADOW - Success
-- Performing Test HAVE_CXX_FLAG_WFLOAT_EQUAL
-- Performing Test HAVE_CXX_FLAG_WFLOAT_EQUAL - Success
-- Performing Test HAVE_CXX_FLAG_WOLD_STYLE_CAST
-- Performing Test HAVE_CXX_FLAG_WOLD_STYLE_CAST - Success
-- Performing Test HAVE_CXX_FLAG_WERROR
-- Performing Test HAVE_CXX_FLAG_WERROR - Success
-- Performing Test HAVE_CXX_FLAG_WSUGGEST_OVERRIDE
-- Performing Test HAVE_CXX_FLAG_WSUGGEST_OVERRIDE - Success
-- Performing Test HAVE_CXX_FLAG_PEDANTIC
-- Performing Test HAVE_CXX_FLAG_PEDANTIC - Success
-- Performing Test HAVE_CXX_FLAG_PEDANTIC_ERRORS
-- Performing Test HAVE_CXX_FLAG_PEDANTIC_ERRORS - Success
-- Performing Test HAVE_CXX_FLAG_WSHORTEN_64_TO_32
-- Performing Test HAVE_CXX_FLAG_WSHORTEN_64_TO_32 - Failed
-- Performing Test HAVE_CXX_FLAG_FSTRICT_ALIASING
-- Performing Test HAVE_CXX_FLAG_FSTRICT_ALIASING - Success
-- Performing Test HAVE_CXX_FLAG_WNO_DEPRECATED_DECLARATIONS
-- Performing Test HAVE_CXX_FLAG_WNO_DEPRECATED_DECLARATIONS - Success
-- Performing Test HAVE_CXX_FLAG_WNO_DEPRECATED
-- Performing Test HAVE_CXX_FLAG_WNO_DEPRECATED - Success
-- Performing Test HAVE_CXX_FLAG_WSTRICT_ALIASING
-- Performing Test HAVE_CXX_FLAG_WSTRICT_ALIASING - Success
-- Performing Test HAVE_CXX_FLAG_WD654
-- Performing Test HAVE_CXX_FLAG_WD654 - Failed
-- Performing Test HAVE_CXX_FLAG_WTHREAD_SAFETY
-- Performing Test HAVE_CXX_FLAG_WTHREAD_SAFETY - Failed
-- Performing Test HAVE_CXX_FLAG_COVERAGE
-- Performing Test HAVE_CXX_FLAG_COVERAGE - Success
-- Compiling and running to test HAVE_STD_REGEX
-- Performing Test HAVE_STD_REGEX -- success
-- Compiling and running to test HAVE_GNU_POSIX_REGEX
-- Performing Test HAVE_GNU_POSIX_REGEX -- failed to compile
-- Compiling and running to test HAVE_POSIX_REGEX
-- Performing Test HAVE_POSIX_REGEX -- success
-- Compiling and running to test HAVE_STEADY_CLOCK
-- Performing Test HAVE_STEADY_CLOCK -- success
-- Compiling and running to test HAVE_PTHREAD_AFFINITY
-- Performing Test HAVE_PTHREAD_AFFINITY -- success
-- Configuring done (8.6s)
-- Generating done (0.0s)
-- Build files have been written to: /app/build-linux
[  2%] Building CXX object CMakeFiles/geryon.dir/src/memory_region.cpp.o
[  4%] Building CXX object _deps/googletest-build/googletest/CMakeFiles/gtest.dir/src/gtest-all.cc.o
[  6%] Building CXX object CMakeFiles/geryon.dir/src/fault_handler.cpp.o
[91m/app/src/fault_handler.cpp: In member function 'bool geryon::GlobalFaultHandler::handle_fault_from_signal(void*)':
/app/src/fault_handler.cpp:230:18: warning: ignoring return value of 'ssize_t write(int, const void*, size_t)' declared with attribute 'warn_unused_result' [-Wunused-result]
  230 |             write(STDERR_FILENO, errmsg, len);
      |             ~~~~~^~~~~~~~~~~~~~~~~~~~~~~~~~~~
/app/src/fault_handler.cpp:234:22: warning: ignoring return value of 'ssize_t write(int, const void*, size_t)' declared with attribute 'warn_unused_result' [-Wunused-result]
  234 |                 write(STDERR_FILENO, errmsg, len);
      |                 ~~~~~^~~~~~~~~~~~~~~~~~~~~~~~~~~~
/app/src/fault_handler.cpp:236:18: warning: ignoring return value of 'ssize_t write(int, const void*, size_t)' declared with attribute 'warn_unused_result' [-Wunused-result]
  236 |             write(STDERR_FILENO, "\n", 1);
      |             ~~~~~^~~~~~~~~~~~~~~~~~~~~~~~
/app/src/fault_handler.cpp:259:22: warning: ignoring return value of 'ssize_t write(int, const void*, size_t)' declared with attribute 'warn_unused_result' [-Wunused-result]
  259 |                 write(STDERR_FILENO, errmsg, sizeof(errmsg) - 1);
      |                 ~~~~~^~~~~~~~~~~~~~~~~~~~~~~~~~~~~~~~~~~~~~~~~~~
[0m[  8%] Building CXX object CMakeFiles/geryon.dir/src/network_node.cpp.o
[ 10%] Linking CXX static library libgeryon.a
[ 10%] Built target geryon
[ 12%] Building CXX object _deps/benchmark-build/src/CMakeFiles/benchmark.dir/benchmark.cc.o
[ 14%] Linking CXX static library ../../../lib/libgtest.a
[ 14%] Built target gtest
[ 17%] Building CXX object _deps/benchmark-build/src/CMakeFiles/benchmark.dir/benchmark_api_internal.cc.o
[ 19%] Building CXX object _deps/benchmark-build/src/CMakeFiles/benchmark.dir/benchmark_name.cc.o
[ 21%] Building CXX object _deps/benchmark-build/src/CMakeFiles/benchmark.dir/benchmark_register.cc.o
[ 23%] Building CXX object _deps/googletest-build/googlemock/CMakeFiles/gmock.dir/src/gmock-all.cc.o
[ 25%] Linking CXX static library ../../../lib/libgmock.a
[ 25%] Built target gmock
[ 27%] Building CXX object _deps/benchmark-build/src/CMakeFiles/benchmark.dir/benchmark_runner.cc.o
[ 29%] Building CXX object _deps/benchmark-build/src/CMakeFiles/benchmark.dir/check.cc.o
[ 31%] Building CXX object _deps/benchmark-build/src/CMakeFiles/benchmark.dir/colorprint.cc.o
[ 34%] Building CXX object _deps/benchmark-build/src/CMakeFiles/benchmark.dir/commandlineflags.cc.o
[ 36%] Building CXX object _deps/benchmark-build/src/CMakeFiles/benchmark.dir/complexity.cc.o
[ 38%] Building CXX object _deps/benchmark-build/src/CMakeFiles/benchmark.dir/console_reporter.cc.o
[ 40%] Building CXX object _deps/benchmark-build/src/CMakeFiles/benchmark.dir/counter.cc.o
[ 42%] Building CXX object _deps/googletest-build/googletest/CMakeFiles/gtest_main.dir/src/gtest_main.cc.o
[ 44%] Building CXX object _deps/benchmark-build/src/CMakeFiles/benchmark.dir/csv_reporter.cc.o
[ 46%] Linking CXX static library ../../../lib/libgtest_main.a
[ 46%] Built target gtest_main
[ 48%] Building CXX object _deps/benchmark-build/src/CMakeFiles/benchmark.dir/json_reporter.cc.o
[ 51%] Building CXX object _deps/benchmark-build/src/CMakeFiles/benchmark.dir/perf_counters.cc.o
[ 53%] Building CXX object _deps/benchmark-build/src/CMakeFiles/benchmark.dir/reporter.cc.o
[ 55%] Building CXX object _deps/googletest-build/googlemock/CMakeFiles/gmock_main.dir/src/gmock_main.cc.o
[ 57%] Building CXX object _deps/benchmark-build/src/CMakeFiles/benchmark.dir/statistics.cc.o
[ 59%] Linking CXX static library ../../../lib/libgmock_main.a
[ 59%] Built target gmock_main
[ 61%] Building CXX object tests/CMakeFiles/geryon_tests.dir/test_memory_region.cpp.o
[ 63%] Building CXX object _deps/benchmark-build/src/CMakeFiles/benchmark.dir/string_util.cc.o
[ 65%] Building CXX object _deps/benchmark-build/src/CMakeFiles/benchmark.dir/sysinfo.cc.o
[ 68%] Building CXX object tests/CMakeFiles/geryon_tests.dir/test_fault_handler.cpp.o
[ 70%] Building CXX object _deps/benchmark-build/src/CMakeFiles/benchmark.dir/timers.cc.o
[ 72%] Linking CXX static library libbenchmark.a
[ 72%] Built target benchmark
[ 74%] Building CXX object tests/CMakeFiles/geryon_tests.dir/test_network_sync.cpp.o
[ 76%] Building CXX object tests/CMakeFiles/geryon_tests.dir/test_multi_client.cpp.o
[ 78%] Building CXX object _deps/benchmark-build/src/CMakeFiles/benchmark_main.dir/benchmark_main.cc.o
[ 80%] Linking CXX static library libbenchmark_main.a
[ 80%] Built target benchmark_main
[ 82%] Building CXX object tests/CMakeFiles/geryon_tests.dir/test_synchronization.cpp.o
[ 85%] Building CXX object tests/CMakeFiles/geryon_tests.dir/test_interprocess.cpp.o
[ 87%] Building CXX object tests/CMakeFiles/geryon_tests.dir/test_memnon_integration.cpp.o
[ 89%] Building CXX object tests/CMakeFiles/geryon_tests.dir/test_consistency.cpp.o
[ 91%] Building CXX object benchmarks/CMakeFiles/benchmark_page_transfer.dir/benchmark_page_transfer.cpp.o
[ 93%] Building CXX object tests/CMakeFiles/geryon_tests.dir/test_correctness.cpp.o
[ 95%] Linking CXX executable benchmark_page_transfer
[ 95%] Built target benchmark_page_transfer
[ 97%] Building CXX object tests/CMakeFiles/geryon_tests.dir/test_distributed_sort.cpp.o
[91m/app/tests/test_distributed_sort.cpp: In lambda function:
/app/tests/test_distributed_sort.cpp:152:24: warning: ignoring return value of 'int system(const char*)' declared with attribute 'warn_unused_result' [-Wunused-result]
  152 |             std::system(cmd.c_str());
      |             ~~~~~~~~~~~^~~~~~~~~~~~~
[0m[100%] Linking CXX executable geryon_tests
[100%] Built target geryon_tests
 ---> Removed intermediate container 32a75c9e3af5
 ---> ea6eb5974802
Step 6/6 : CMD ["./build-linux/tests/geryon_tests"]
 ---> Running in b2830a7713a1
 ---> Removed intermediate container b2830a7713a1
 ---> 1497200eadc5
Successfully built 1497200eadc5
Successfully tagged geryon-linux-tests:latest
Running tests in Docker container...
Running main() from /app/build-linux/_deps/googletest-src/googletest/src/gtest_main.cc
[==========] Running 15 tests from 10 test suites.
[----------] Global test environment set-up.
[----------] 2 tests from MemoryRegionTest
[ RUN      ] MemoryRegionTest.AllocationAndPageSize
[       OK ] MemoryRegionTest.AllocationAndPageSize (0 ms)
[ RUN      ] MemoryRegionTest.ProtectionChanges
[       OK ] MemoryRegionTest.ProtectionChanges (1 ms)
[----------] 2 tests from MemoryRegionTest (1 ms total)

[----------] 1 test from FaultHandlerTest
[ RUN      ] FaultHandlerTest.SoftFaultHandling
[       OK ] FaultHandlerTest.SoftFaultHandling (0 ms)
[----------] 1 test from FaultHandlerTest (0 ms total)

[----------] 2 tests from NetworkSyncTest
[ RUN      ] NetworkSyncTest.BouncingOwnership
Replica 1 connected.
[       OK ] NetworkSyncTest.BouncingOwnership (2110 ms)
[ RUN      ] NetworkSyncTest.StressTest
Replica 1 connected.
[       OK ] NetworkSyncTest.StressTest (2211 ms)
[----------] 2 tests from NetworkSyncTest (4321 ms total)

[----------] 1 test from MultiClientTest
[ RUN      ] MultiClientTest.StarTopologyBouncing
Replica 1 connected.
Replica 2 connected.
Replica 3 connected.
[       OK ] MultiClientTest.StarTopologyBouncing (6550 ms)
[----------] 1 test from MultiClientTest (6550 ms total)

[----------] 1 test from SynchronizationTest
[ RUN      ] SynchronizationTest.DistributedSpinLock
Replica 1 connected.
Primary finished.
Replica finished.
[       OK ] SynchronizationTest.DistributedSpinLock (2279 ms)
[----------] 1 test from SynchronizationTest (2279 ms total)

[----------] 1 test from InterprocessTest
[ RUN      ] InterprocessTest.SharedVector
Replica 1 connected.
[       OK ] InterprocessTest.SharedVector (2107 ms)
[----------] 1 test from InterprocessTest (2107 ms total)

[----------] 1 test from MemnonIntegrationTest
[ RUN      ] MemnonIntegrationTest.SegmentedInterprocess
Replica 1 connected.
[       OK ] MemnonIntegrationTest.SegmentedInterprocess (2203 ms)
[----------] 1 test from MemnonIntegrationTest (2203 ms total)

[----------] 3 tests from ConsistencyTest
[ RUN      ] ConsistencyTest.TriggerSynchronization
Starting primary...
Primary started.
Starting replica...
Replica started.
Replica 1 connected.
Simulating replica page request 1
Simulating replica page request 2
Replica writing to pages
Primary triggering synchronization
Primary checking consistency
Stopping nodes
Test complete
[       OK ] ConsistencyTest.TriggerSynchronization (2203 ms)
[ RUN      ] ConsistencyTest.ReplicaStopFlushesData
Replica 1 connected.
[       OK ] ConsistencyTest.ReplicaStopFlushesData (2197 ms)
[ RUN      ] ConsistencyTest.PrimaryStopInitiatesHandshake
Replica 1 connected.
[       OK ] ConsistencyTest.PrimaryStopInitiatesHandshake (2102 ms)
[----------] 3 tests from ConsistencyTest (6503 ms total)

[----------] 2 tests from CorrectnessTest
[ RUN      ] CorrectnessTest.MultithreadMultipageCorrectness
Replica 1 connected.
Replica 2 connected.
Replica 3 connected.
[       OK ] CorrectnessTest.MultithreadMultipageCorrectness (20397 ms)
[ RUN      ] CorrectnessTest.MultiprocessMultipageCorrectness
Running main() from /app/build-linux/_deps/googletest-src/googletest/src/gtest_main.cc
Note: Google Test filter = CorrectnessTest.MultiprocessMultipageCorrectness
[==========] Running 1 test from 1 test suite.
[----------] Global test environment set-up.
[----------] 1 test from CorrectnessTest
[ RUN      ] CorrectnessTest.MultiprocessMultipageCorrectness
Replica 1 connected.
Running main() from /app/build-linux/_deps/googletest-src/googletest/src/gtest_main.cc
Note: Google Test filter = CorrectnessTest.MultiprocessMultipageCorrectness
[==========] Running 1 test from 1 test suite.
[----------] Global test environment set-up.
[----------] 1 test from CorrectnessTest
[ RUN      ] CorrectnessTest.MultiprocessMultipageCorrectness
Replica 2 connected.
Running main() from /app/build-linux/_deps/googletest-src/googletest/src/gtest_main.cc
Note: Google Test filter = CorrectnessTest.MultiprocessMultipageCorrectness
[==========] Running 1 test from 1 test suite.
[----------] Global test environment set-up.
[----------] 1 test from CorrectnessTest
[ RUN      ] CorrectnessTest.MultiprocessMultipageCorrectness
Replica 3 connected.
[       OK ] CorrectnessTest.MultiprocessMultipageCorrectness (2202 ms)
[----------] 2 tests from CorrectnessTest (22599 ms total)

[----------] 1 test from DistributedSortTest
[ RUN      ] DistributedSortTest.MultiprocessPiecewiseSort
Running main() from /app/build-linux/_deps/googletest-src/googletest/src/gtest_main.cc
Note: Google Test filter = DistributedSortTest.MultiprocessPiecewiseSort
[==========] Running 1 test from 1 test suite.
[----------] Global test environment set-up.
[----------] 1 test from DistributedSortTest
[ RUN      ] DistributedSortTest.MultiprocessPiecewiseSort
Replica 1 connected.
Running main() from /app/build-linux/_deps/googletest-src/googletest/src/gtest_main.cc
Note: Google Test filter = DistributedSortTest.MultiprocessPiecewiseSort
[==========] Running 1 test from 1 test suite.
[----------] Global test environment set-up.
[----------] 1 test from DistributedSortTest
[ RUN      ] DistributedSortTest.MultiprocessPiecewiseSort
Replica 2 connected.
Running main() from /app/build-linux/_deps/googletest-src/googletest/src/gtest_main.cc
Note: Google Test filter = DistributedSortTest.MultiprocessPiecewiseSort
[==========] Running 1 test from 1 test suite.
[----------] Global test environment set-up.
[----------] 1 test from DistributedSortTest
[ RUN      ] DistributedSortTest.MultiprocessPiecewiseSort
Replica 3 connected.
[Primary] Pages Sent: 14660, Pages Received: 14659 | Avg Transfer Time: 4.46801 us | Avg Time Between Transfers: 235.39 us
[Replica 1] Pages Sent: 5211, Pages Received: 5212 | Avg Transfer Time: 18.4652 us | Avg Time Between Transfers: 4719.03 us
[Replica 2] Pages Sent: 5218, Pages Received: 5219 | Avg Transfer Time: 20.7436 us | Avg Time Between Transfers: 4718.4 us
[Replica 3] Pages Sent: 5206, Pages Received: 5207 | Avg Transfer Time: 19.1439 us | Avg Time Between Transfers: 4738.55 us
[       OK ] DistributedSortTest.MultiprocessPiecewiseSort (27513 ms)
[----------] 1 test from DistributedSortTest (27513 ms total)

[----------] Global test environment tear-down
[==========] 15 tests from 10 test suites ran. (74081 ms total)
[  PASSED  ] 15 tests.
Building Docker image for Geryon Linux tests...
DEPRECATED: The legacy builder is deprecated and will be removed in a future release.
            Install the buildx component to build images with BuildKit:
            https://docs.docker.com/go/buildx/

Sending build context to Docker daemon  159.9MB
Step 1/6 : FROM ubuntu:24.04
 ---> 4fbb8e6a8395
Step 2/6 : RUN apt-get update && apt-get install -y     build-essential     cmake     git     wget     curl     pkg-config     libboost-system-dev     libboost-thread-dev     libboost-program-options-dev     libboost-test-dev     gdb
 ---> Using cache
 ---> 4caa702ced8d
Step 3/6 : WORKDIR /app
 ---> Using cache
 ---> 0e0bd87b4009
Step 4/6 : COPY . /app
 ---> 2f4aa781447c
Step 5/6 : RUN mkdir -p build-linux && cd build-linux &&     cmake .. -DCMAKE_BUILD_TYPE=Release &&     make -j$(nproc)
 ---> Running in ebe06cf0ae28
-- The CXX compiler identification is GNU 13.3.0
-- Detecting CXX compiler ABI info
-- Detecting CXX compiler ABI info - done
-- Check for working CXX compiler: /usr/bin/c++ - skipped
-- Detecting CXX compile features
-- Detecting CXX compile features - done
-- Found Boost: /usr/lib/aarch64-linux-gnu/cmake/Boost-1.83.0/BoostConfig.cmake (found version "1.83.0")  
-- The C compiler identification is GNU 13.3.0
-- Detecting C compiler ABI info
-- Detecting C compiler ABI info - done
-- Check for working C compiler: /usr/bin/cc - skipped
-- Detecting C compile features
-- Detecting C compile features - done
-- Could NOT find Python3 (missing: Python3_EXECUTABLE Interpreter) 
-- Performing Test CMAKE_HAVE_LIBC_PTHREAD
-- Performing Test CMAKE_HAVE_LIBC_PTHREAD - Success
-- Found Threads: TRUE  
-- Found Git: /usr/bin/git (found version "2.43.0") 
-- git version: v1.8.3 normalized to 1.8.3
-- Google Benchmark version: 1.8.3
-- Looking for shm_open in rt
-- Looking for shm_open in rt - found
-- Performing Test HAVE_CXX_FLAG_WALL
-- Performing Test HAVE_CXX_FLAG_WALL - Success
-- Performing Test HAVE_CXX_FLAG_WEXTRA
-- Performing Test HAVE_CXX_FLAG_WEXTRA - Success
-- Performing Test HAVE_CXX_FLAG_WSHADOW
-- Performing Test HAVE_CXX_FLAG_WSHADOW - Success
-- Performing Test HAVE_CXX_FLAG_WFLOAT_EQUAL
-- Performing Test HAVE_CXX_FLAG_WFLOAT_EQUAL - Success
-- Performing Test HAVE_CXX_FLAG_WOLD_STYLE_CAST
-- Performing Test HAVE_CXX_FLAG_WOLD_STYLE_CAST - Success
-- Performing Test HAVE_CXX_FLAG_WERROR
-- Performing Test HAVE_CXX_FLAG_WERROR - Success
-- Performing Test HAVE_CXX_FLAG_WSUGGEST_OVERRIDE
-- Performing Test HAVE_CXX_FLAG_WSUGGEST_OVERRIDE - Success
-- Performing Test HAVE_CXX_FLAG_PEDANTIC
-- Performing Test HAVE_CXX_FLAG_PEDANTIC - Success
-- Performing Test HAVE_CXX_FLAG_PEDANTIC_ERRORS
-- Performing Test HAVE_CXX_FLAG_PEDANTIC_ERRORS - Success
-- Performing Test HAVE_CXX_FLAG_WSHORTEN_64_TO_32
-- Performing Test HAVE_CXX_FLAG_WSHORTEN_64_TO_32 - Failed
-- Performing Test HAVE_CXX_FLAG_FSTRICT_ALIASING
-- Performing Test HAVE_CXX_FLAG_FSTRICT_ALIASING - Success
-- Performing Test HAVE_CXX_FLAG_WNO_DEPRECATED_DECLARATIONS
-- Performing Test HAVE_CXX_FLAG_WNO_DEPRECATED_DECLARATIONS - Success
-- Performing Test HAVE_CXX_FLAG_WNO_DEPRECATED
-- Performing Test HAVE_CXX_FLAG_WNO_DEPRECATED - Success
-- Performing Test HAVE_CXX_FLAG_WSTRICT_ALIASING
-- Performing Test HAVE_CXX_FLAG_WSTRICT_ALIASING - Success
-- Performing Test HAVE_CXX_FLAG_WD654
-- Performing Test HAVE_CXX_FLAG_WD654 - Failed
-- Performing Test HAVE_CXX_FLAG_WTHREAD_SAFETY
-- Performing Test HAVE_CXX_FLAG_WTHREAD_SAFETY - Failed
-- Performing Test HAVE_CXX_FLAG_COVERAGE
-- Performing Test HAVE_CXX_FLAG_COVERAGE - Success
-- Compiling and running to test HAVE_STD_REGEX
-- Performing Test HAVE_STD_REGEX -- success
-- Compiling and running to test HAVE_GNU_POSIX_REGEX
-- Performing Test HAVE_GNU_POSIX_REGEX -- failed to compile
-- Compiling and running to test HAVE_POSIX_REGEX
-- Performing Test HAVE_POSIX_REGEX -- success
-- Compiling and running to test HAVE_STEADY_CLOCK
-- Performing Test HAVE_STEADY_CLOCK -- success
-- Compiling and running to test HAVE_PTHREAD_AFFINITY
-- Performing Test HAVE_PTHREAD_AFFINITY -- success
-- Configuring done (9.4s)
-- Generating done (0.0s)
-- Build files have been written to: /app/build-linux
[  2%] Building CXX object _deps/googletest-build/googletest/CMakeFiles/gtest.dir/src/gtest-all.cc.o
[  4%] Building CXX object CMakeFiles/geryon.dir/src/memory_region.cpp.o
[  6%] Building CXX object CMakeFiles/geryon.dir/src/fault_handler.cpp.o
[91m/app/src/fault_handler.cpp: In member function 'bool geryon::GlobalFaultHandler::handle_fault_from_signal(void*)':
/app/src/fault_handler.cpp:230:18: warning: ignoring return value of 'ssize_t write(int, const void*, size_t)' declared with attribute 'warn_unused_result' [-Wunused-result]
  230 |             write(STDERR_FILENO, errmsg, len);
      |             ~~~~~^~~~~~~~~~~~~~~~~~~~~~~~~~~~
/app/src/fault_handler.cpp:234:22: warning: ignoring return value of 'ssize_t write(int, const void*, size_t)' declared with attribute 'warn_unused_result' [-Wunused-result]
  234 |                 write(STDERR_FILENO, errmsg, len);
      |                 ~~~~~^~~~~~~~~~~~~~~~~~~~~~~~~~~~
/app/src/fault_handler.cpp:236:18: warning: ignoring return value of 'ssize_t write(int, const void*, size_t)' declared with attribute 'warn_unused_result' [-Wunused-result]
  236 |             write(STDERR_FILENO, "\n", 1);
      |             ~~~~~^~~~~~~~~~~~~~~~~~~~~~~~
/app/src/fault_handler.cpp:259:22: warning: ignoring return value of 'ssize_t write(int, const void*, size_t)' declared with attribute 'warn_unused_result' [-Wunused-result]
  259 |                 write(STDERR_FILENO, errmsg, sizeof(errmsg) - 1);
      |                 ~~~~~^~~~~~~~~~~~~~~~~~~~~~~~~~~~~~~~~~~~~~~~~~~
[0m[  8%] Building CXX object CMakeFiles/geryon.dir/src/network_node.cpp.o
[ 10%] Linking CXX static library libgeryon.a
[ 10%] Built target geryon
[ 12%] Building CXX object _deps/benchmark-build/src/CMakeFiles/benchmark.dir/benchmark.cc.o
[ 14%] Linking CXX static library ../../../lib/libgtest.a
[ 14%] Built target gtest
[ 17%] Building CXX object _deps/benchmark-build/src/CMakeFiles/benchmark.dir/benchmark_api_internal.cc.o
[ 19%] Building CXX object _deps/googletest-build/googlemock/CMakeFiles/gmock.dir/src/gmock-all.cc.o
[ 21%] Building CXX object _deps/benchmark-build/src/CMakeFiles/benchmark.dir/benchmark_name.cc.o
[ 23%] Building CXX object _deps/benchmark-build/src/CMakeFiles/benchmark.dir/benchmark_register.cc.o
[ 25%] Linking CXX static library ../../../lib/libgmock.a
[ 25%] Built target gmock
[ 27%] Building CXX object _deps/benchmark-build/src/CMakeFiles/benchmark.dir/benchmark_runner.cc.o
[ 29%] Building CXX object _deps/benchmark-build/src/CMakeFiles/benchmark.dir/check.cc.o
[ 31%] Building CXX object _deps/googletest-build/googletest/CMakeFiles/gtest_main.dir/src/gtest_main.cc.o
[ 34%] Building CXX object _deps/benchmark-build/src/CMakeFiles/benchmark.dir/colorprint.cc.o
[ 36%] Building CXX object _deps/benchmark-build/src/CMakeFiles/benchmark.dir/commandlineflags.cc.o
[ 38%] Linking CXX static library ../../../lib/libgtest_main.a
[ 38%] Built target gtest_main
[ 40%] Building CXX object _deps/benchmark-build/src/CMakeFiles/benchmark.dir/complexity.cc.o
[ 42%] Building CXX object _deps/benchmark-build/src/CMakeFiles/benchmark.dir/console_reporter.cc.o
[ 44%] Building CXX object _deps/googletest-build/googlemock/CMakeFiles/gmock_main.dir/src/gmock_main.cc.o
[ 46%] Building CXX object _deps/benchmark-build/src/CMakeFiles/benchmark.dir/counter.cc.o
[ 48%] Building CXX object _deps/benchmark-build/src/CMakeFiles/benchmark.dir/csv_reporter.cc.o
[ 51%] Building CXX object _deps/benchmark-build/src/CMakeFiles/benchmark.dir/json_reporter.cc.o
[ 53%] Linking CXX static library ../../../lib/libgmock_main.a
[ 53%] Built target gmock_main
[ 55%] Building CXX object _deps/benchmark-build/src/CMakeFiles/benchmark.dir/perf_counters.cc.o
[ 57%] Building CXX object tests/CMakeFiles/geryon_tests.dir/test_memory_region.cpp.o
[ 59%] Building CXX object _deps/benchmark-build/src/CMakeFiles/benchmark.dir/reporter.cc.o
[ 61%] Building CXX object _deps/benchmark-build/src/CMakeFiles/benchmark.dir/statistics.cc.o
[ 63%] Building CXX object tests/CMakeFiles/geryon_tests.dir/test_fault_handler.cpp.o
[ 65%] Building CXX object _deps/benchmark-build/src/CMakeFiles/benchmark.dir/string_util.cc.o
[ 68%] Building CXX object _deps/benchmark-build/src/CMakeFiles/benchmark.dir/sysinfo.cc.o
[ 70%] Building CXX object tests/CMakeFiles/geryon_tests.dir/test_network_sync.cpp.o
[ 72%] Building CXX object _deps/benchmark-build/src/CMakeFiles/benchmark.dir/timers.cc.o
[ 74%] Linking CXX static library libbenchmark.a
[ 74%] Built target benchmark
[ 76%] Building CXX object _deps/benchmark-build/src/CMakeFiles/benchmark_main.dir/benchmark_main.cc.o
[ 78%] Linking CXX static library libbenchmark_main.a
[ 78%] Built target benchmark_main
[ 80%] Building CXX object benchmarks/CMakeFiles/benchmark_page_transfer.dir/benchmark_page_transfer.cpp.o
[ 82%] Building CXX object tests/CMakeFiles/geryon_tests.dir/test_multi_client.cpp.o
[ 85%] Linking CXX executable benchmark_page_transfer
[ 85%] Built target benchmark_page_transfer
[ 87%] Building CXX object tests/CMakeFiles/geryon_tests.dir/test_synchronization.cpp.o
[ 89%] Building CXX object tests/CMakeFiles/geryon_tests.dir/test_interprocess.cpp.o
[ 91%] Building CXX object tests/CMakeFiles/geryon_tests.dir/test_memnon_integration.cpp.o
[ 93%] Building CXX object tests/CMakeFiles/geryon_tests.dir/test_consistency.cpp.o
[ 95%] Building CXX object tests/CMakeFiles/geryon_tests.dir/test_correctness.cpp.o
[ 97%] Building CXX object tests/CMakeFiles/geryon_tests.dir/test_distributed_sort.cpp.o
[91m/app/tests/test_distributed_sort.cpp: In lambda function:
/app/tests/test_distributed_sort.cpp:152:24: warning: ignoring return value of 'int system(const char*)' declared with attribute 'warn_unused_result' [-Wunused-result]
  152 |             std::system(cmd.c_str());
      |             ~~~~~~~~~~~^~~~~~~~~~~~~
[0m[100%] Linking CXX executable geryon_tests
[100%] Built target geryon_tests
 ---> Removed intermediate container ebe06cf0ae28
 ---> b6c1547ff19e
Step 6/6 : CMD ["./build-linux/tests/geryon_tests"]
 ---> Running in 17964d09adac
 ---> Removed intermediate container 17964d09adac
 ---> d772bf5a8cfa
Successfully built d772bf5a8cfa
Successfully tagged geryon-linux-tests:latest
Running tests in Docker container...
Running main() from /app/build-linux/_deps/googletest-src/googletest/src/gtest_main.cc
[==========] Running 15 tests from 10 test suites.
[----------] Global test environment set-up.
[----------] 2 tests from MemoryRegionTest
[ RUN      ] MemoryRegionTest.AllocationAndPageSize
[       OK ] MemoryRegionTest.AllocationAndPageSize (0 ms)
[ RUN      ] MemoryRegionTest.ProtectionChanges
[       OK ] MemoryRegionTest.ProtectionChanges (1 ms)
[----------] 2 tests from MemoryRegionTest (1 ms total)

[----------] 1 test from FaultHandlerTest
[ RUN      ] FaultHandlerTest.SoftFaultHandling
[       OK ] FaultHandlerTest.SoftFaultHandling (0 ms)
[----------] 1 test from FaultHandlerTest (0 ms total)

[----------] 2 tests from NetworkSyncTest
[ RUN      ] NetworkSyncTest.BouncingOwnership
Replica 1 connected.
[       OK ] NetworkSyncTest.BouncingOwnership (2106 ms)
[ RUN      ] NetworkSyncTest.StressTest
Replica 1 connected.
[       OK ] NetworkSyncTest.StressTest (2169 ms)
[----------] 2 tests from NetworkSyncTest (4276 ms total)

[----------] 1 test from MultiClientTest
[ RUN      ] MultiClientTest.StarTopologyBouncing
Replica 1 connected.
Replica 2 connected.
Replica 3 connected.
[       OK ] MultiClientTest.StarTopologyBouncing (6539 ms)
[----------] 1 test from MultiClientTest (6539 ms total)

[----------] 1 test from SynchronizationTest
[ RUN      ] SynchronizationTest.DistributedSpinLock
Replica 1 connected.
Primary finished.
Replica finished.
[       OK ] SynchronizationTest.DistributedSpinLock (2277 ms)
[----------] 1 test from SynchronizationTest (2277 ms total)

[----------] 1 test from InterprocessTest
[ RUN      ] InterprocessTest.SharedVector
Replica 1 connected.
[       OK ] InterprocessTest.SharedVector (2106 ms)
[----------] 1 test from InterprocessTest (2106 ms total)

[----------] 1 test from MemnonIntegrationTest
[ RUN      ] MemnonIntegrationTest.SegmentedInterprocess
Replica 1 connected.
[       OK ] MemnonIntegrationTest.SegmentedInterprocess (2200 ms)
[----------] 1 test from MemnonIntegrationTest (2200 ms total)

[----------] 3 tests from ConsistencyTest
[ RUN      ] ConsistencyTest.TriggerSynchronization
Starting primary...
Primary started.
Starting replica...
Replica 1 connected.
Replica started.
Simulating replica page request 1
Simulating replica page request 2
Replica writing to pages
Primary triggering synchronization
Primary checking consistency
Stopping nodes
Test complete
[       OK ] ConsistencyTest.TriggerSynchronization (2203 ms)
[ RUN      ] ConsistencyTest.ReplicaStopFlushesData
Replica 1 connected.
[       OK ] ConsistencyTest.ReplicaStopFlushesData (2204 ms)
[ RUN      ] ConsistencyTest.PrimaryStopInitiatesHandshake
Replica 1 connected.
[       OK ] ConsistencyTest.PrimaryStopInitiatesHandshake (2097 ms)
[----------] 3 tests from ConsistencyTest (6504 ms total)

[----------] 2 tests from CorrectnessTest
[ RUN      ] CorrectnessTest.MultithreadMultipageCorrectness
Replica 1 connected.
Replica 2 connected.
Replica 3 connected.
[       OK ] CorrectnessTest.MultithreadMultipageCorrectness (20249 ms)
[ RUN      ] CorrectnessTest.MultiprocessMultipageCorrectness
Running main() from /app/build-linux/_deps/googletest-src/googletest/src/gtest_main.cc
Note: Google Test filter = CorrectnessTest.MultiprocessMultipageCorrectness
[==========] Running 1 test from 1 test suite.
[----------] Global test environment set-up.
[----------] 1 test from CorrectnessTest
[ RUN      ] CorrectnessTest.MultiprocessMultipageCorrectness
Replica 1 connected.
Running main() from /app/build-linux/_deps/googletest-src/googletest/src/gtest_main.cc
Note: Google Test filter = CorrectnessTest.MultiprocessMultipageCorrectness
[==========] Running 1 test from 1 test suite.
[----------] Global test environment set-up.
[----------] 1 test from CorrectnessTest
[ RUN      ] CorrectnessTest.MultiprocessMultipageCorrectness
Replica 2 connected.
Running main() from /app/build-linux/_deps/googletest-src/googletest/src/gtest_main.cc
Note: Google Test filter = CorrectnessTest.MultiprocessMultipageCorrectness
[==========] Running 1 test from 1 test suite.
[----------] Global test environment set-up.
[----------] 1 test from CorrectnessTest
[ RUN      ] CorrectnessTest.MultiprocessMultipageCorrectness
Replica 3 connected.
[       OK ] CorrectnessTest.MultiprocessMultipageCorrectness (2177 ms)
[----------] 2 tests from CorrectnessTest (22426 ms total)

[----------] 1 test from DistributedSortTest
[ RUN      ] DistributedSortTest.MultiprocessPiecewiseSort
Running main() from /app/build-linux/_deps/googletest-src/googletest/src/gtest_main.cc
Note: Google Test filter = DistributedSortTest.MultiprocessPiecewiseSort
[==========] Running 1 test from 1 test suite.
[----------] Global test environment set-up.
[----------] 1 test from DistributedSortTest
[ RUN      ] DistributedSortTest.MultiprocessPiecewiseSort
Replica 1 connected.
Running main() from /app/build-linux/_deps/googletest-src/googletest/src/gtest_main.cc
Note: Google Test filter = DistributedSortTest.MultiprocessPiecewiseSort
[==========] Running 1 test from 1 test suite.
[----------] Global test environment set-up.
[----------] 1 test from DistributedSortTest
[ RUN      ] DistributedSortTest.MultiprocessPiecewiseSort
Replica 2 connected.
Running main() from /app/build-linux/_deps/googletest-src/googletest/src/gtest_main.cc
Note: Google Test filter = DistributedSortTest.MultiprocessPiecewiseSort
[==========] Running 1 test from 1 test suite.
[----------] Global test environment set-up.
[----------] 1 test from DistributedSortTest
[ RUN      ] DistributedSortTest.MultiprocessPiecewiseSort
Replica 3 connected.
[Primary] Pages Sent: 14660, Pages Received: 14659 | Avg Transfer Time: 4.49714 us | Avg Time Between Transfers: 240.063 us
[Replica 2] Pages Sent: 5201, Pages Received: 5202 | Avg Transfer Time: 19.5478 us | Avg Time Between Transfers: 4648.7 us
[Replica 1] Pages Sent: 5184, Pages Received: 5185 | Avg Transfer Time: 18.5845 us | Avg Time Between Transfers: 4673.25 us
[Replica 3] Pages Sent: 5219, Pages Received: 5220 | Avg Transfer Time: 19.087 us | Avg Time Between Transfers: 4648.82 us
[       OK ] DistributedSortTest.MultiprocessPiecewiseSort (27110 ms)
[----------] 1 test from DistributedSortTest (27110 ms total)

[----------] Global test environment tear-down
[==========] 15 tests from 10 test suites ran. (73445 ms total)
[  PASSED  ] 15 tests.
Building Docker image for Geryon Linux tests...
DEPRECATED: The legacy builder is deprecated and will be removed in a future release.
            Install the buildx component to build images with BuildKit:
            https://docs.docker.com/go/buildx/

Sending build context to Docker daemon  159.9MB
Step 1/6 : FROM ubuntu:24.04
 ---> 4fbb8e6a8395
Step 2/6 : RUN apt-get update && apt-get install -y     build-essential     cmake     git     wget     curl     pkg-config     libboost-system-dev     libboost-thread-dev     libboost-program-options-dev     libboost-test-dev     gdb
 ---> Using cache
 ---> 4caa702ced8d
Step 3/6 : WORKDIR /app
 ---> Using cache
 ---> 0e0bd87b4009
Step 4/6 : COPY . /app
 ---> f80d5af37711
Step 5/6 : RUN mkdir -p build-linux && cd build-linux &&     cmake .. -DCMAKE_BUILD_TYPE=Release &&     make -j$(nproc)
 ---> Running in 714c4ea638f8
-- The CXX compiler identification is GNU 13.3.0
-- Detecting CXX compiler ABI info
-- Detecting CXX compiler ABI info - done
-- Check for working CXX compiler: /usr/bin/c++ - skipped
-- Detecting CXX compile features
-- Detecting CXX compile features - done
-- Found Boost: /usr/lib/aarch64-linux-gnu/cmake/Boost-1.83.0/BoostConfig.cmake (found version "1.83.0")  
-- The C compiler identification is GNU 13.3.0
-- Detecting C compiler ABI info
-- Detecting C compiler ABI info - done
-- Check for working C compiler: /usr/bin/cc - skipped
-- Detecting C compile features
-- Detecting C compile features - done
-- Could NOT find Python3 (missing: Python3_EXECUTABLE Interpreter) 
-- Performing Test CMAKE_HAVE_LIBC_PTHREAD
-- Performing Test CMAKE_HAVE_LIBC_PTHREAD - Success
-- Found Threads: TRUE  
-- Found Git: /usr/bin/git (found version "2.43.0") 
-- git version: v1.8.3 normalized to 1.8.3
-- Google Benchmark version: 1.8.3
-- Looking for shm_open in rt
-- Looking for shm_open in rt - found
-- Performing Test HAVE_CXX_FLAG_WALL
-- Performing Test HAVE_CXX_FLAG_WALL - Success
-- Performing Test HAVE_CXX_FLAG_WEXTRA
-- Performing Test HAVE_CXX_FLAG_WEXTRA - Success
-- Performing Test HAVE_CXX_FLAG_WSHADOW
-- Performing Test HAVE_CXX_FLAG_WSHADOW - Success
-- Performing Test HAVE_CXX_FLAG_WFLOAT_EQUAL
-- Performing Test HAVE_CXX_FLAG_WFLOAT_EQUAL - Success
-- Performing Test HAVE_CXX_FLAG_WOLD_STYLE_CAST
-- Performing Test HAVE_CXX_FLAG_WOLD_STYLE_CAST - Success
-- Performing Test HAVE_CXX_FLAG_WERROR
-- Performing Test HAVE_CXX_FLAG_WERROR - Success
-- Performing Test HAVE_CXX_FLAG_WSUGGEST_OVERRIDE
-- Performing Test HAVE_CXX_FLAG_WSUGGEST_OVERRIDE - Success
-- Performing Test HAVE_CXX_FLAG_PEDANTIC
-- Performing Test HAVE_CXX_FLAG_PEDANTIC - Success
-- Performing Test HAVE_CXX_FLAG_PEDANTIC_ERRORS
-- Performing Test HAVE_CXX_FLAG_PEDANTIC_ERRORS - Success
-- Performing Test HAVE_CXX_FLAG_WSHORTEN_64_TO_32
-- Performing Test HAVE_CXX_FLAG_WSHORTEN_64_TO_32 - Failed
-- Performing Test HAVE_CXX_FLAG_FSTRICT_ALIASING
-- Performing Test HAVE_CXX_FLAG_FSTRICT_ALIASING - Success
-- Performing Test HAVE_CXX_FLAG_WNO_DEPRECATED_DECLARATIONS
-- Performing Test HAVE_CXX_FLAG_WNO_DEPRECATED_DECLARATIONS - Success
-- Performing Test HAVE_CXX_FLAG_WNO_DEPRECATED
-- Performing Test HAVE_CXX_FLAG_WNO_DEPRECATED - Success
-- Performing Test HAVE_CXX_FLAG_WSTRICT_ALIASING
-- Performing Test HAVE_CXX_FLAG_WSTRICT_ALIASING - Success
-- Performing Test HAVE_CXX_FLAG_WD654
-- Performing Test HAVE_CXX_FLAG_WD654 - Failed
-- Performing Test HAVE_CXX_FLAG_WTHREAD_SAFETY
-- Performing Test HAVE_CXX_FLAG_WTHREAD_SAFETY - Failed
-- Performing Test HAVE_CXX_FLAG_COVERAGE
-- Performing Test HAVE_CXX_FLAG_COVERAGE - Success
-- Compiling and running to test HAVE_STD_REGEX
-- Performing Test HAVE_STD_REGEX -- success
-- Compiling and running to test HAVE_GNU_POSIX_REGEX
-- Performing Test HAVE_GNU_POSIX_REGEX -- failed to compile
-- Compiling and running to test HAVE_POSIX_REGEX
-- Performing Test HAVE_POSIX_REGEX -- success
-- Compiling and running to test HAVE_STEADY_CLOCK
-- Performing Test HAVE_STEADY_CLOCK -- success
-- Compiling and running to test HAVE_PTHREAD_AFFINITY
-- Performing Test HAVE_PTHREAD_AFFINITY -- success
-- Configuring done (8.4s)
-- Generating done (0.0s)
-- Build files have been written to: /app/build-linux
[  4%] Building CXX object CMakeFiles/geryon.dir/src/memory_region.cpp.o
[  4%] Building CXX object _deps/googletest-build/googletest/CMakeFiles/gtest.dir/src/gtest-all.cc.o
[  6%] Building CXX object CMakeFiles/geryon.dir/src/fault_handler.cpp.o
[91m/app/src/fault_handler.cpp: In member function 'bool geryon::GlobalFaultHandler::handle_fault_from_signal(void*)':
/app/src/fault_handler.cpp:230:18: warning: ignoring return value of 'ssize_t write(int, const void*, size_t)' declared with attribute 'warn_unused_result' [-Wunused-result]
  230 |             write(STDERR_FILENO, errmsg, len);
      |             ~~~~~^~~~~~~~~~~~~~~~~~~~~~~~~~~~
/app/src/fault_handler.cpp:234:22: warning: ignoring return value of 'ssize_t write(int, const void*, size_t)' declared with attribute 'warn_unused_result' [-Wunused-result]
  234 |                 write(STDERR_FILENO, errmsg, len);
      |                 ~~~~~^~~~~~~~~~~~~~~~~~~~~~~~~~~~
[0m[91m/app/src/fault_handler.cpp:236:18: warning: ignoring return value of 'ssize_t write(int, const void*, size_t)' declared with attribute 'warn_unused_result' [-Wunused-result]
  236 |             write(STDERR_FILENO, "\n", 1);
      |             ~~~~~^~~~~~~~~~~~~~~~~~~~~~~~
/app/src/fault_handler.cpp:259:22: warning: ignoring return value of 'ssize_t write(int, const void*, size_t)' declared with attribute 'warn_unused_result' [-Wunused-result]
  259 |                 write(STDERR_FILENO, errmsg, sizeof(errmsg) - 1);
      |                 ~~~~~^~~~~~~~~~~~~~~~~~~~~~~~~~~~~~~~~~~~~~~~~~~
[0m[  8%] Building CXX object CMakeFiles/geryon.dir/src/network_node.cpp.o
[ 10%] Linking CXX static library libgeryon.a
[ 10%] Built target geryon
[ 12%] Building CXX object _deps/benchmark-build/src/CMakeFiles/benchmark.dir/benchmark.cc.o
[ 14%] Linking CXX static library ../../../lib/libgtest.a
[ 14%] Built target gtest
[ 17%] Building CXX object _deps/benchmark-build/src/CMakeFiles/benchmark.dir/benchmark_api_internal.cc.o
[ 19%] Building CXX object _deps/googletest-build/googlemock/CMakeFiles/gmock.dir/src/gmock-all.cc.o
[ 21%] Building CXX object _deps/benchmark-build/src/CMakeFiles/benchmark.dir/benchmark_name.cc.o
[ 23%] Building CXX object _deps/benchmark-build/src/CMakeFiles/benchmark.dir/benchmark_register.cc.o
[ 25%] Linking CXX static library ../../../lib/libgmock.a
[ 25%] Built target gmock
[ 27%] Building CXX object _deps/benchmark-build/src/CMakeFiles/benchmark.dir/benchmark_runner.cc.o
[ 29%] Building CXX object _deps/googletest-build/googletest/CMakeFiles/gtest_main.dir/src/gtest_main.cc.o
[ 31%] Building CXX object _deps/benchmark-build/src/CMakeFiles/benchmark.dir/check.cc.o
[ 34%] Building CXX object _deps/benchmark-build/src/CMakeFiles/benchmark.dir/colorprint.cc.o
[ 36%] Building CXX object _deps/benchmark-build/src/CMakeFiles/benchmark.dir/commandlineflags.cc.o
[ 38%] Linking CXX static library ../../../lib/libgtest_main.a
[ 38%] Built target gtest_main
[ 40%] Building CXX object _deps/benchmark-build/src/CMakeFiles/benchmark.dir/complexity.cc.o
[ 42%] Building CXX object _deps/googletest-build/googlemock/CMakeFiles/gmock_main.dir/src/gmock_main.cc.o
[ 44%] Building CXX object _deps/benchmark-build/src/CMakeFiles/benchmark.dir/console_reporter.cc.o
[ 46%] Building CXX object _deps/benchmark-build/src/CMakeFiles/benchmark.dir/counter.cc.o
[ 48%] Linking CXX static library ../../../lib/libgmock_main.a
[ 48%] Built target gmock_main
[ 51%] Building CXX object _deps/benchmark-build/src/CMakeFiles/benchmark.dir/csv_reporter.cc.o
[ 53%] Building CXX object tests/CMakeFiles/geryon_tests.dir/test_memory_region.cpp.o
[ 55%] Building CXX object _deps/benchmark-build/src/CMakeFiles/benchmark.dir/json_reporter.cc.o
[ 57%] Building CXX object _deps/benchmark-build/src/CMakeFiles/benchmark.dir/perf_counters.cc.o
[ 59%] Building CXX object tests/CMakeFiles/geryon_tests.dir/test_fault_handler.cpp.o
[ 61%] Building CXX object _deps/benchmark-build/src/CMakeFiles/benchmark.dir/reporter.cc.o
[ 63%] Building CXX object _deps/benchmark-build/src/CMakeFiles/benchmark.dir/statistics.cc.o
[ 65%] Building CXX object tests/CMakeFiles/geryon_tests.dir/test_network_sync.cpp.o
[ 68%] Building CXX object _deps/benchmark-build/src/CMakeFiles/benchmark.dir/string_util.cc.o
[ 70%] Building CXX object _deps/benchmark-build/src/CMakeFiles/benchmark.dir/sysinfo.cc.o
[ 72%] Building CXX object _deps/benchmark-build/src/CMakeFiles/benchmark.dir/timers.cc.o
[ 74%] Linking CXX static library libbenchmark.a
[ 74%] Built target benchmark
[ 76%] Building CXX object _deps/benchmark-build/src/CMakeFiles/benchmark_main.dir/benchmark_main.cc.o
[ 78%] Building CXX object tests/CMakeFiles/geryon_tests.dir/test_multi_client.cpp.o
[ 80%] Linking CXX static library libbenchmark_main.a
[ 80%] Built target benchmark_main
[ 82%] Building CXX object tests/CMakeFiles/geryon_tests.dir/test_synchronization.cpp.o
[ 85%] Building CXX object tests/CMakeFiles/geryon_tests.dir/test_interprocess.cpp.o
[ 87%] Building CXX object benchmarks/CMakeFiles/benchmark_page_transfer.dir/benchmark_page_transfer.cpp.o
[ 89%] Linking CXX executable benchmark_page_transfer
[ 89%] Built target benchmark_page_transfer
[ 91%] Building CXX object tests/CMakeFiles/geryon_tests.dir/test_memnon_integration.cpp.o
[ 93%] Building CXX object tests/CMakeFiles/geryon_tests.dir/test_consistency.cpp.o
[ 95%] Building CXX object tests/CMakeFiles/geryon_tests.dir/test_correctness.cpp.o
[ 97%] Building CXX object tests/CMakeFiles/geryon_tests.dir/test_distributed_sort.cpp.o
[91m/app/tests/test_distributed_sort.cpp: In lambda function:
/app/tests/test_distributed_sort.cpp:152:24: warning: ignoring return value of 'int system(const char*)' declared with attribute 'warn_unused_result' [-Wunused-result]
  152 |             std::system(cmd.c_str());
      |             ~~~~~~~~~~~^~~~~~~~~~~~~
[0m[100%] Linking CXX executable geryon_tests
[100%] Built target geryon_tests
 ---> Removed intermediate container 714c4ea638f8
 ---> 71f3b862c7d5
Step 6/6 : CMD ["./build-linux/tests/geryon_tests"]
 ---> Running in 1a77f337db69
 ---> Removed intermediate container 1a77f337db69
 ---> 424bac892fd6
Successfully built 424bac892fd6
Successfully tagged geryon-linux-tests:latest
Running tests in Docker container...
Running main() from /app/build-linux/_deps/googletest-src/googletest/src/gtest_main.cc
[==========] Running 15 tests from 10 test suites.
[----------] Global test environment set-up.
[----------] 2 tests from MemoryRegionTest
[ RUN      ] MemoryRegionTest.AllocationAndPageSize
[       OK ] MemoryRegionTest.AllocationAndPageSize (0 ms)
[ RUN      ] MemoryRegionTest.ProtectionChanges
[       OK ] MemoryRegionTest.ProtectionChanges (1 ms)
[----------] 2 tests from MemoryRegionTest (1 ms total)

[----------] 1 test from FaultHandlerTest
[ RUN      ] FaultHandlerTest.SoftFaultHandling
[       OK ] FaultHandlerTest.SoftFaultHandling (0 ms)
[----------] 1 test from FaultHandlerTest (0 ms total)

[----------] 2 tests from NetworkSyncTest
[ RUN      ] NetworkSyncTest.BouncingOwnership
Replica 1 connected.
[       OK ] NetworkSyncTest.BouncingOwnership (2102 ms)
[ RUN      ] NetworkSyncTest.StressTest
Replica 1 connected.
[       OK ] NetworkSyncTest.StressTest (2211 ms)
[----------] 2 tests from NetworkSyncTest (4314 ms total)

[----------] 1 test from MultiClientTest
[ RUN      ] MultiClientTest.StarTopologyBouncing
Replica 1 connected.
Replica 2 connected.
Replica 3 connected.
[       OK ] MultiClientTest.StarTopologyBouncing (6534 ms)
[----------] 1 test from MultiClientTest (6534 ms total)

[----------] 1 test from SynchronizationTest
[ RUN      ] SynchronizationTest.DistributedSpinLock
Replica 1 connected.
Primary finished.
Replica finished.
[       OK ] SynchronizationTest.DistributedSpinLock (2270 ms)
[----------] 1 test from SynchronizationTest (2270 ms total)

[----------] 1 test from InterprocessTest
[ RUN      ] InterprocessTest.SharedVector
Replica 1 connected.
[       OK ] InterprocessTest.SharedVector (2109 ms)
[----------] 1 test from InterprocessTest (2109 ms total)

[----------] 1 test from MemnonIntegrationTest
[ RUN      ] MemnonIntegrationTest.SegmentedInterprocess
Replica 1 connected.
[       OK ] MemnonIntegrationTest.SegmentedInterprocess (2195 ms)
[----------] 1 test from MemnonIntegrationTest (2195 ms total)

[----------] 3 tests from ConsistencyTest
[ RUN      ] ConsistencyTest.TriggerSynchronization
Starting primary...
Replica 1 connected.
Primary started.
Starting replica...
Replica started.
Simulating replica page request 1
Simulating replica page request 2
Replica writing to pages
Primary triggering synchronization
Primary checking consistency
Stopping nodes
Test complete
[       OK ] ConsistencyTest.TriggerSynchronization (2201 ms)
[ RUN      ] ConsistencyTest.ReplicaStopFlushesData
Replica 1 connected.
[       OK ] ConsistencyTest.ReplicaStopFlushesData (2198 ms)
[ RUN      ] ConsistencyTest.PrimaryStopInitiatesHandshake
Replica 1 connected.
[       OK ] ConsistencyTest.PrimaryStopInitiatesHandshake (2096 ms)
[----------] 3 tests from ConsistencyTest (6496 ms total)

[----------] 2 tests from CorrectnessTest
[ RUN      ] CorrectnessTest.MultithreadMultipageCorrectness
Replica 1 connected.
Replica 2 connected.
Replica 3 connected.
[       OK ] CorrectnessTest.MultithreadMultipageCorrectness (20018 ms)
[ RUN      ] CorrectnessTest.MultiprocessMultipageCorrectness
Running main() from /app/build-linux/_deps/googletest-src/googletest/src/gtest_main.cc
Note: Google Test filter = CorrectnessTest.MultiprocessMultipageCorrectness
[==========] Running 1 test from 1 test suite.
[----------] Global test environment set-up.
[----------] 1 test from CorrectnessTest
[ RUN      ] CorrectnessTest.MultiprocessMultipageCorrectness
Replica 1 connected.
Running main() from /app/build-linux/_deps/googletest-src/googletest/src/gtest_main.cc
Note: Google Test filter = CorrectnessTest.MultiprocessMultipageCorrectness
[==========] Running 1 test from 1 test suite.
[----------] Global test environment set-up.
[----------] 1 test from CorrectnessTest
[ RUN      ] CorrectnessTest.MultiprocessMultipageCorrectness
Replica 2 connected.
Running main() from /app/build-linux/_deps/googletest-src/googletest/src/gtest_main.cc
Note: Google Test filter = CorrectnessTest.MultiprocessMultipageCorrectness
[==========] Running 1 test from 1 test suite.
[----------] Global test environment set-up.
[----------] 1 test from CorrectnessTest
[ RUN      ] CorrectnessTest.MultiprocessMultipageCorrectness
Replica 3 connected.
[       OK ] CorrectnessTest.MultiprocessMultipageCorrectness (2173 ms)
[----------] 2 tests from CorrectnessTest (22191 ms total)

[----------] 1 test from DistributedSortTest
[ RUN      ] DistributedSortTest.MultiprocessPiecewiseSort
Running main() from /app/build-linux/_deps/googletest-src/googletest/src/gtest_main.cc
Note: Google Test filter = DistributedSortTest.MultiprocessPiecewiseSort
[==========] Running 1 test from 1 test suite.
[----------] Global test environment set-up.
[----------] 1 test from DistributedSortTest
[ RUN      ] DistributedSortTest.MultiprocessPiecewiseSort
Replica 1 connected.
Running main() from /app/build-linux/_deps/googletest-src/googletest/src/gtest_main.cc
Note: Google Test filter = DistributedSortTest.MultiprocessPiecewiseSort
[==========] Running 1 test from 1 test suite.
[----------] Global test environment set-up.
[----------] 1 test from DistributedSortTest
[ RUN      ] DistributedSortTest.MultiprocessPiecewiseSort
Replica 2 connected.
Running main() from /app/build-linux/_deps/googletest-src/googletest/src/gtest_main.cc
Note: Google Test filter = DistributedSortTest.MultiprocessPiecewiseSort
[==========] Running 1 test from 1 test suite.
[----------] Global test environment set-up.
[----------] 1 test from DistributedSortTest
[ RUN      ] DistributedSortTest.MultiprocessPiecewiseSort
Replica 3 connected.
[Primary] Pages Sent: 14660, Pages Received: 14659 | Avg Transfer Time: 4.49795 us | Avg Time Between Transfers: 240.881 us
[Replica 2] Pages Sent: 5226, Pages Received: 5227 | Avg Transfer Time: 16.9497 us | Avg Time Between Transfers: 6298.34 us
[Replica 3] Pages Sent: 5238, Pages Received: 5239 | Avg Transfer Time: 17.6012 us | Avg Time Between Transfers: 6290.85 us
[       OK ] DistributedSortTest.MultiprocessPiecewiseSort (35780 ms)
[----------] 1 test from DistributedSortTest (35780 ms total)

[----------] Global test environment tear-down
[==========] 15 tests from 10 test suites ran. (81895 ms total)
[  PASSED  ] 15 tests.
Building Docker image for Geryon Linux tests...
DEPRECATED: The legacy builder is deprecated and will be removed in a future release.
            Install the buildx component to build images with BuildKit:
            https://docs.docker.com/go/buildx/

Sending build context to Docker daemon  159.9MB
Step 1/6 : FROM ubuntu:24.04
 ---> 4fbb8e6a8395
Step 2/6 : RUN apt-get update && apt-get install -y     build-essential     cmake     git     wget     curl     pkg-config     libboost-system-dev     libboost-thread-dev     libboost-program-options-dev     libboost-test-dev     gdb
 ---> Using cache
 ---> 4caa702ced8d
Step 3/6 : WORKDIR /app
 ---> Using cache
 ---> 0e0bd87b4009
Step 4/6 : COPY . /app
 ---> 00c1709637c3
Step 5/6 : RUN mkdir -p build-linux && cd build-linux &&     cmake .. -DCMAKE_BUILD_TYPE=Release &&     make -j$(nproc)
 ---> Running in df640d034efa
-- The CXX compiler identification is GNU 13.3.0
-- Detecting CXX compiler ABI info
-- Detecting CXX compiler ABI info - done
-- Check for working CXX compiler: /usr/bin/c++ - skipped
-- Detecting CXX compile features
-- Detecting CXX compile features - done
-- Found Boost: /usr/lib/aarch64-linux-gnu/cmake/Boost-1.83.0/BoostConfig.cmake (found version "1.83.0")  
-- The C compiler identification is GNU 13.3.0
-- Detecting C compiler ABI info
-- Detecting C compiler ABI info - done
-- Check for working C compiler: /usr/bin/cc - skipped
-- Detecting C compile features
-- Detecting C compile features - done
-- Could NOT find Python3 (missing: Python3_EXECUTABLE Interpreter) 
-- Performing Test CMAKE_HAVE_LIBC_PTHREAD
-- Performing Test CMAKE_HAVE_LIBC_PTHREAD - Success
-- Found Threads: TRUE  
-- Found Git: /usr/bin/git (found version "2.43.0") 
-- git version: v1.8.3 normalized to 1.8.3
-- Google Benchmark version: 1.8.3
-- Looking for shm_open in rt
-- Looking for shm_open in rt - found
-- Performing Test HAVE_CXX_FLAG_WALL
-- Performing Test HAVE_CXX_FLAG_WALL - Success
-- Performing Test HAVE_CXX_FLAG_WEXTRA
-- Performing Test HAVE_CXX_FLAG_WEXTRA - Success
-- Performing Test HAVE_CXX_FLAG_WSHADOW
-- Performing Test HAVE_CXX_FLAG_WSHADOW - Success
-- Performing Test HAVE_CXX_FLAG_WFLOAT_EQUAL
-- Performing Test HAVE_CXX_FLAG_WFLOAT_EQUAL - Success
-- Performing Test HAVE_CXX_FLAG_WOLD_STYLE_CAST
-- Performing Test HAVE_CXX_FLAG_WOLD_STYLE_CAST - Success
-- Performing Test HAVE_CXX_FLAG_WERROR
-- Performing Test HAVE_CXX_FLAG_WERROR - Success
-- Performing Test HAVE_CXX_FLAG_WSUGGEST_OVERRIDE
-- Performing Test HAVE_CXX_FLAG_WSUGGEST_OVERRIDE - Success
-- Performing Test HAVE_CXX_FLAG_PEDANTIC
-- Performing Test HAVE_CXX_FLAG_PEDANTIC - Success
-- Performing Test HAVE_CXX_FLAG_PEDANTIC_ERRORS
-- Performing Test HAVE_CXX_FLAG_PEDANTIC_ERRORS - Success
-- Performing Test HAVE_CXX_FLAG_WSHORTEN_64_TO_32
-- Performing Test HAVE_CXX_FLAG_WSHORTEN_64_TO_32 - Failed
-- Performing Test HAVE_CXX_FLAG_FSTRICT_ALIASING
-- Performing Test HAVE_CXX_FLAG_FSTRICT_ALIASING - Success
-- Performing Test HAVE_CXX_FLAG_WNO_DEPRECATED_DECLARATIONS
-- Performing Test HAVE_CXX_FLAG_WNO_DEPRECATED_DECLARATIONS - Success
-- Performing Test HAVE_CXX_FLAG_WNO_DEPRECATED
-- Performing Test HAVE_CXX_FLAG_WNO_DEPRECATED - Success
-- Performing Test HAVE_CXX_FLAG_WSTRICT_ALIASING
-- Performing Test HAVE_CXX_FLAG_WSTRICT_ALIASING - Success
-- Performing Test HAVE_CXX_FLAG_WD654
-- Performing Test HAVE_CXX_FLAG_WD654 - Failed
-- Performing Test HAVE_CXX_FLAG_WTHREAD_SAFETY
-- Performing Test HAVE_CXX_FLAG_WTHREAD_SAFETY - Failed
-- Performing Test HAVE_CXX_FLAG_COVERAGE
-- Performing Test HAVE_CXX_FLAG_COVERAGE - Success
-- Compiling and running to test HAVE_STD_REGEX
-- Performing Test HAVE_STD_REGEX -- success
-- Compiling and running to test HAVE_GNU_POSIX_REGEX
-- Performing Test HAVE_GNU_POSIX_REGEX -- failed to compile
-- Compiling and running to test HAVE_POSIX_REGEX
-- Performing Test HAVE_POSIX_REGEX -- success
-- Compiling and running to test HAVE_STEADY_CLOCK
-- Performing Test HAVE_STEADY_CLOCK -- success
-- Compiling and running to test HAVE_PTHREAD_AFFINITY
-- Performing Test HAVE_PTHREAD_AFFINITY -- success
-- Configuring done (8.4s)
-- Generating done (0.0s)
-- Build files have been written to: /app/build-linux
[  2%] Building CXX object CMakeFiles/geryon.dir/src/memory_region.cpp.o
[  4%] Building CXX object _deps/googletest-build/googletest/CMakeFiles/gtest.dir/src/gtest-all.cc.o
[  6%] Building CXX object CMakeFiles/geryon.dir/src/fault_handler.cpp.o
[91m/app/src/fault_handler.cpp: In member function 'bool geryon::GlobalFaultHandler::handle_fault_from_signal(void*)':
/app/src/fault_handler.cpp:230:18: warning: ignoring return value of 'ssize_t write(int, const void*, size_t)' declared with attribute 'warn_unused_result' [-Wunused-result]
  230 |             write(STDERR_FILENO, errmsg, len);
      |             ~~~~~^~~~~~~~~~~~~~~~~~~~~~~~~~~~
[0m[91m/app/src/fault_handler.cpp:234:22: warning: ignoring return value of 'ssize_t write(int, const void*, size_t)' declared with attribute 'warn_unused_result' [-Wunused-result]
  234 |                 write(STDERR_FILENO, errmsg, len);
      |                 ~~~~~^~~~~~~~~~~~~~~~~~~~~~~~~~~~
[0m[91m/app/src/fault_handler.cpp:236:18: warning: ignoring return value of 'ssize_t write(int, const void*, size_t)' declared with attribute 'warn_unused_result' [-Wunused-result]
  236 |             write(STDERR_FILENO, "\n", 1);
      |             ~~~~~^~~~~~~~~~~~~~~~~~~~~~~~
/app/src/fault_handler.cpp:259:22: warning: ignoring return value of 'ssize_t write(int, const void*, size_t)' declared with attribute 'warn_unused_result' [-Wunused-result]
  259 |                 write(STDERR_FILENO, errmsg, sizeof(errmsg) - 1);
      |                 ~~~~~^~~~~~~~~~~~~~~~~~~~~~~~~~~~~~~~~~~~~~~~~~~
[0m[  8%] Building CXX object CMakeFiles/geryon.dir/src/network_node.cpp.o
[ 10%] Linking CXX static library libgeryon.a
[ 10%] Built target geryon
[ 12%] Building CXX object _deps/benchmark-build/src/CMakeFiles/benchmark.dir/benchmark.cc.o
[ 14%] Linking CXX static library ../../../lib/libgtest.a
[ 14%] Built target gtest
[ 17%] Building CXX object _deps/benchmark-build/src/CMakeFiles/benchmark.dir/benchmark_api_internal.cc.o
[ 19%] Building CXX object _deps/benchmark-build/src/CMakeFiles/benchmark.dir/benchmark_name.cc.o
[ 21%] Building CXX object _deps/googletest-build/googlemock/CMakeFiles/gmock.dir/src/gmock-all.cc.o
[ 23%] Building CXX object _deps/benchmark-build/src/CMakeFiles/benchmark.dir/benchmark_register.cc.o
[ 25%] Linking CXX static library ../../../lib/libgmock.a
[ 25%] Built target gmock
[ 27%] Building CXX object _deps/benchmark-build/src/CMakeFiles/benchmark.dir/benchmark_runner.cc.o
[ 29%] Building CXX object _deps/benchmark-build/src/CMakeFiles/benchmark.dir/check.cc.o
[ 31%] Building CXX object _deps/googletest-build/googletest/CMakeFiles/gtest_main.dir/src/gtest_main.cc.o
[ 34%] Building CXX object _deps/benchmark-build/src/CMakeFiles/benchmark.dir/colorprint.cc.o
[ 36%] Building CXX object _deps/benchmark-build/src/CMakeFiles/benchmark.dir/commandlineflags.cc.o
[ 38%] Linking CXX static library ../../../lib/libgtest_main.a
[ 38%] Built target gtest_main
[ 40%] Building CXX object _deps/benchmark-build/src/CMakeFiles/benchmark.dir/complexity.cc.o
[ 42%] Building CXX object _deps/googletest-build/googlemock/CMakeFiles/gmock_main.dir/src/gmock_main.cc.o
[ 44%] Building CXX object _deps/benchmark-build/src/CMakeFiles/benchmark.dir/console_reporter.cc.o
[ 46%] Linking CXX static library ../../../lib/libgmock_main.a
[ 46%] Built target gmock_main
[ 48%] Building CXX object _deps/benchmark-build/src/CMakeFiles/benchmark.dir/counter.cc.o
[ 51%] Building CXX object _deps/benchmark-build/src/CMakeFiles/benchmark.dir/csv_reporter.cc.o
[ 53%] Building CXX object _deps/benchmark-build/src/CMakeFiles/benchmark.dir/json_reporter.cc.o
[ 55%] Building CXX object _deps/benchmark-build/src/CMakeFiles/benchmark.dir/perf_counters.cc.o
[ 57%] Building CXX object _deps/benchmark-build/src/CMakeFiles/benchmark.dir/reporter.cc.o
[ 59%] Building CXX object _deps/benchmark-build/src/CMakeFiles/benchmark.dir/statistics.cc.o
[ 61%] Building CXX object _deps/benchmark-build/src/CMakeFiles/benchmark.dir/string_util.cc.o
[ 63%] Building CXX object _deps/benchmark-build/src/CMakeFiles/benchmark.dir/sysinfo.cc.o
[ 65%] Building CXX object _deps/benchmark-build/src/CMakeFiles/benchmark.dir/timers.cc.o
[ 68%] Building CXX object tests/CMakeFiles/geryon_tests.dir/test_memory_region.cpp.o
[ 70%] Linking CXX static library libbenchmark.a
[ 70%] Built target benchmark
[ 72%] Building CXX object tests/CMakeFiles/geryon_tests.dir/test_fault_handler.cpp.o
[ 74%] Building CXX object _deps/benchmark-build/src/CMakeFiles/benchmark_main.dir/benchmark_main.cc.o
[ 76%] Building CXX object tests/CMakeFiles/geryon_tests.dir/test_network_sync.cpp.o
[ 78%] Linking CXX static library libbenchmark_main.a
[ 78%] Built target benchmark_main
[ 80%] Building CXX object tests/CMakeFiles/geryon_tests.dir/test_multi_client.cpp.o
[ 82%] Building CXX object tests/CMakeFiles/geryon_tests.dir/test_synchronization.cpp.o
[ 85%] Building CXX object benchmarks/CMakeFiles/benchmark_page_transfer.dir/benchmark_page_transfer.cpp.o
[ 87%] Linking CXX executable benchmark_page_transfer
[ 89%] Building CXX object tests/CMakeFiles/geryon_tests.dir/test_interprocess.cpp.o
[ 89%] Built target benchmark_page_transfer
[ 91%] Building CXX object tests/CMakeFiles/geryon_tests.dir/test_memnon_integration.cpp.o
[ 93%] Building CXX object tests/CMakeFiles/geryon_tests.dir/test_consistency.cpp.o
[ 95%] Building CXX object tests/CMakeFiles/geryon_tests.dir/test_correctness.cpp.o
[ 97%] Building CXX object tests/CMakeFiles/geryon_tests.dir/test_distributed_sort.cpp.o
[91m/app/tests/test_distributed_sort.cpp: In lambda function:
/app/tests/test_distributed_sort.cpp:152:24: warning: ignoring return value of 'int system(const char*)' declared with attribute 'warn_unused_result' [-Wunused-result]
  152 |             std::system(cmd.c_str());
      |             ~~~~~~~~~~~^~~~~~~~~~~~~
[0m[100%] Linking CXX executable geryon_tests
[100%] Built target geryon_tests
 ---> Removed intermediate container df640d034efa
 ---> 2f7b94cac920
Step 6/6 : CMD ["./build-linux/tests/geryon_tests"]
 ---> Running in e370f220e973
 ---> Removed intermediate container e370f220e973
 ---> bff77cd9910d
Successfully built bff77cd9910d
Successfully tagged geryon-linux-tests:latest
Running tests in Docker container...
Running main() from /app/build-linux/_deps/googletest-src/googletest/src/gtest_main.cc
[==========] Running 15 tests from 10 test suites.
[----------] Global test environment set-up.
[----------] 2 tests from MemoryRegionTest
[ RUN      ] MemoryRegionTest.AllocationAndPageSize
[       OK ] MemoryRegionTest.AllocationAndPageSize (0 ms)
[ RUN      ] MemoryRegionTest.ProtectionChanges
[       OK ] MemoryRegionTest.ProtectionChanges (2 ms)
[----------] 2 tests from MemoryRegionTest (2 ms total)

[----------] 1 test from FaultHandlerTest
[ RUN      ] FaultHandlerTest.SoftFaultHandling
[       OK ] FaultHandlerTest.SoftFaultHandling (0 ms)
[----------] 1 test from FaultHandlerTest (0 ms total)

[----------] 2 tests from NetworkSyncTest
[ RUN      ] NetworkSyncTest.BouncingOwnership
Replica 1 connected.
[       OK ] NetworkSyncTest.BouncingOwnership (2106 ms)
[ RUN      ] NetworkSyncTest.StressTest
Replica 1 connected.
[       OK ] NetworkSyncTest.StressTest (2171 ms)
[----------] 2 tests from NetworkSyncTest (4278 ms total)

[----------] 1 test from MultiClientTest
[ RUN      ] MultiClientTest.StarTopologyBouncing
Replica 1 connected.
Replica 2 connected.
Replica 3 connected.
[       OK ] MultiClientTest.StarTopologyBouncing (6532 ms)
[----------] 1 test from MultiClientTest (6532 ms total)

[----------] 1 test from SynchronizationTest
[ RUN      ] SynchronizationTest.DistributedSpinLock
Replica 1 connected.
Primary finished.
Replica finished.
[       OK ] SynchronizationTest.DistributedSpinLock (2272 ms)
[----------] 1 test from SynchronizationTest (2272 ms total)

[----------] 1 test from InterprocessTest
[ RUN      ] InterprocessTest.SharedVector
Replica 1 connected.
[       OK ] InterprocessTest.SharedVector (2106 ms)
[----------] 1 test from InterprocessTest (2106 ms total)

[----------] 1 test from MemnonIntegrationTest
[ RUN      ] MemnonIntegrationTest.SegmentedInterprocess
Replica 1 connected.
[       OK ] MemnonIntegrationTest.SegmentedInterprocess (2198 ms)
[----------] 1 test from MemnonIntegrationTest (2198 ms total)

[----------] 3 tests from ConsistencyTest
[ RUN      ] ConsistencyTest.TriggerSynchronization
Starting primary...
Primary started.
Starting replica...
Replica 1 connected.
Replica started.
Simulating replica page request 1
Simulating replica page request 2
Replica writing to pages
Primary triggering synchronization
Primary checking consistency
Stopping nodes
[       OK ] ConsistencyTest.TriggerSynchronization (2199 ms)
[ RUN      ] ConsistencyTest.ReplicaStopFlushesData
Test complete
Replica 1 connected.
[       OK ] ConsistencyTest.ReplicaStopFlushesData (2196 ms)
[ RUN      ] ConsistencyTest.PrimaryStopInitiatesHandshake
Replica 1 connected.
[       OK ] ConsistencyTest.PrimaryStopInitiatesHandshake (2096 ms)
[----------] 3 tests from ConsistencyTest (6491 ms total)

[----------] 2 tests from CorrectnessTest
[ RUN      ] CorrectnessTest.MultithreadMultipageCorrectness
Replica 1 connected.
Replica 2 connected.
Replica 3 connected.
[       OK ] CorrectnessTest.MultithreadMultipageCorrectness (28235 ms)
[ RUN      ] CorrectnessTest.MultiprocessMultipageCorrectness
Running main() from /app/build-linux/_deps/googletest-src/googletest/src/gtest_main.cc
Note: Google Test filter = CorrectnessTest.MultiprocessMultipageCorrectness
[==========] Running 1 test from 1 test suite.
[----------] Global test environment set-up.
[----------] 1 test from CorrectnessTest
[ RUN      ] CorrectnessTest.MultiprocessMultipageCorrectness
Replica 1 connected.
Running main() from /app/build-linux/_deps/googletest-src/googletest/src/gtest_main.cc
Note: Google Test filter = CorrectnessTest.MultiprocessMultipageCorrectness
[==========] Running 1 test from 1 test suite.
[----------] Global test environment set-up.
[----------] 1 test from CorrectnessTest
[ RUN      ] CorrectnessTest.MultiprocessMultipageCorrectness
Replica 2 connected.
Running main() from /app/build-linux/_deps/googletest-src/googletest/src/gtest_main.cc
Note: Google Test filter = CorrectnessTest.MultiprocessMultipageCorrectness
[==========] Running 1 test from 1 test suite.
[----------] Global test environment set-up.
[----------] 1 test from CorrectnessTest
[ RUN      ] CorrectnessTest.MultiprocessMultipageCorrectness
Replica 3 connected.
[       OK ] CorrectnessTest.MultiprocessMultipageCorrectness (2176 ms)
[----------] 2 tests from CorrectnessTest (30412 ms total)

[----------] 1 test from DistributedSortTest
[ RUN      ] DistributedSortTest.MultiprocessPiecewiseSort
Running main() from /app/build-linux/_deps/googletest-src/googletest/src/gtest_main.cc
Note: Google Test filter = DistributedSortTest.MultiprocessPiecewiseSort
[==========] Running 1 test from 1 test suite.
[----------] Global test environment set-up.
[----------] 1 test from DistributedSortTest
[ RUN      ] DistributedSortTest.MultiprocessPiecewiseSort
Replica 1 connected.
Running main() from /app/build-linux/_deps/googletest-src/googletest/src/gtest_main.cc
Note: Google Test filter = DistributedSortTest.MultiprocessPiecewiseSort
[==========] Running 1 test from 1 test suite.
[----------] Global test environment set-up.
[----------] 1 test from DistributedSortTest
[ RUN      ] DistributedSortTest.MultiprocessPiecewiseSort
Replica 2 connected.
Running main() from /app/build-linux/_deps/googletest-src/googletest/src/gtest_main.cc
Note: Google Test filter = DistributedSortTest.MultiprocessPiecewiseSort
[==========] Running 1 test from 1 test suite.
[----------] Global test environment set-up.
[----------] 1 test from DistributedSortTest
[ RUN      ] DistributedSortTest.MultiprocessPiecewiseSort
Replica 3 connected.
[Primary] Pages Sent: 14660, Pages Received: 14659 | Avg Transfer Time: 4.54727 us | Avg Time Between Transfers: 241.917 us
[Replica 3] Pages Sent: 5332, Pages Received: 5333 | Avg Transfer Time: 19.0947 us | Avg Time Between Transfers: 7625.78 us
[Replica 2] Pages Sent: 5322, Pages Received: 5323 | Avg Transfer Time: 20.9077 us | Avg Time Between Transfers: 7646.37 us
[       OK ] DistributedSortTest.MultiprocessPiecewiseSort (43535 ms)
[----------] 1 test from DistributedSortTest (43535 ms total)

[----------] Global test environment tear-down
[==========] 15 tests from 10 test suites ran. (97831 ms total)
[  PASSED  ] 15 tests.
Building Docker image for Geryon Linux tests...
DEPRECATED: The legacy builder is deprecated and will be removed in a future release.
            Install the buildx component to build images with BuildKit:
            https://docs.docker.com/go/buildx/

Sending build context to Docker daemon  159.9MB
Step 1/6 : FROM ubuntu:24.04
 ---> 4fbb8e6a8395
Step 2/6 : RUN apt-get update && apt-get install -y     build-essential     cmake     git     wget     curl     pkg-config     libboost-system-dev     libboost-thread-dev     libboost-program-options-dev     libboost-test-dev     gdb
 ---> Using cache
 ---> 4caa702ced8d
Step 3/6 : WORKDIR /app
 ---> Using cache
 ---> 0e0bd87b4009
Step 4/6 : COPY . /app
 ---> 67dcfc521bb8
Step 5/6 : RUN mkdir -p build-linux && cd build-linux &&     cmake .. -DCMAKE_BUILD_TYPE=Release &&     make -j$(nproc)
 ---> Running in a0d72866a412
-- The CXX compiler identification is GNU 13.3.0
-- Detecting CXX compiler ABI info
-- Detecting CXX compiler ABI info - done
-- Check for working CXX compiler: /usr/bin/c++ - skipped
-- Detecting CXX compile features
-- Detecting CXX compile features - done
-- Found Boost: /usr/lib/aarch64-linux-gnu/cmake/Boost-1.83.0/BoostConfig.cmake (found version "1.83.0")  
-- The C compiler identification is GNU 13.3.0
-- Detecting C compiler ABI info
-- Detecting C compiler ABI info - done
-- Check for working C compiler: /usr/bin/cc - skipped
-- Detecting C compile features
-- Detecting C compile features - done
-- Could NOT find Python3 (missing: Python3_EXECUTABLE Interpreter) 
-- Performing Test CMAKE_HAVE_LIBC_PTHREAD
-- Performing Test CMAKE_HAVE_LIBC_PTHREAD - Success
-- Found Threads: TRUE  
-- Found Git: /usr/bin/git (found version "2.43.0") 
-- git version: v1.8.3 normalized to 1.8.3
-- Google Benchmark version: 1.8.3
-- Looking for shm_open in rt
-- Looking for shm_open in rt - found
-- Performing Test HAVE_CXX_FLAG_WALL
-- Performing Test HAVE_CXX_FLAG_WALL - Success
-- Performing Test HAVE_CXX_FLAG_WEXTRA
-- Performing Test HAVE_CXX_FLAG_WEXTRA - Success
-- Performing Test HAVE_CXX_FLAG_WSHADOW
-- Performing Test HAVE_CXX_FLAG_WSHADOW - Success
-- Performing Test HAVE_CXX_FLAG_WFLOAT_EQUAL
-- Performing Test HAVE_CXX_FLAG_WFLOAT_EQUAL - Success
-- Performing Test HAVE_CXX_FLAG_WOLD_STYLE_CAST
-- Performing Test HAVE_CXX_FLAG_WOLD_STYLE_CAST - Success
-- Performing Test HAVE_CXX_FLAG_WERROR
-- Performing Test HAVE_CXX_FLAG_WERROR - Success
-- Performing Test HAVE_CXX_FLAG_WSUGGEST_OVERRIDE
-- Performing Test HAVE_CXX_FLAG_WSUGGEST_OVERRIDE - Success
-- Performing Test HAVE_CXX_FLAG_PEDANTIC
-- Performing Test HAVE_CXX_FLAG_PEDANTIC - Success
-- Performing Test HAVE_CXX_FLAG_PEDANTIC_ERRORS
-- Performing Test HAVE_CXX_FLAG_PEDANTIC_ERRORS - Success
-- Performing Test HAVE_CXX_FLAG_WSHORTEN_64_TO_32
-- Performing Test HAVE_CXX_FLAG_WSHORTEN_64_TO_32 - Failed
-- Performing Test HAVE_CXX_FLAG_FSTRICT_ALIASING
-- Performing Test HAVE_CXX_FLAG_FSTRICT_ALIASING - Success
-- Performing Test HAVE_CXX_FLAG_WNO_DEPRECATED_DECLARATIONS
-- Performing Test HAVE_CXX_FLAG_WNO_DEPRECATED_DECLARATIONS - Success
-- Performing Test HAVE_CXX_FLAG_WNO_DEPRECATED
-- Performing Test HAVE_CXX_FLAG_WNO_DEPRECATED - Success
-- Performing Test HAVE_CXX_FLAG_WSTRICT_ALIASING
-- Performing Test HAVE_CXX_FLAG_WSTRICT_ALIASING - Success
-- Performing Test HAVE_CXX_FLAG_WD654
-- Performing Test HAVE_CXX_FLAG_WD654 - Failed
-- Performing Test HAVE_CXX_FLAG_WTHREAD_SAFETY
-- Performing Test HAVE_CXX_FLAG_WTHREAD_SAFETY - Failed
-- Performing Test HAVE_CXX_FLAG_COVERAGE
-- Performing Test HAVE_CXX_FLAG_COVERAGE - Success
-- Compiling and running to test HAVE_STD_REGEX
-- Performing Test HAVE_STD_REGEX -- success
-- Compiling and running to test HAVE_GNU_POSIX_REGEX
-- Performing Test HAVE_GNU_POSIX_REGEX -- failed to compile
-- Compiling and running to test HAVE_POSIX_REGEX
-- Performing Test HAVE_POSIX_REGEX -- success
-- Compiling and running to test HAVE_STEADY_CLOCK
-- Performing Test HAVE_STEADY_CLOCK -- success
-- Compiling and running to test HAVE_PTHREAD_AFFINITY
-- Performing Test HAVE_PTHREAD_AFFINITY -- success
-- Configuring done (12.9s)
-- Generating done (0.0s)
-- Build files have been written to: /app/build-linux
[  2%] Building CXX object CMakeFiles/geryon.dir/src/memory_region.cpp.o
[  4%] Building CXX object _deps/googletest-build/googletest/CMakeFiles/gtest.dir/src/gtest-all.cc.o
[  6%] Building CXX object CMakeFiles/geryon.dir/src/fault_handler.cpp.o
[91m/app/src/fault_handler.cpp: In member function 'bool geryon::GlobalFaultHandler::handle_fault_from_signal(void*)':
/app/src/fault_handler.cpp:230:18: warning: ignoring return value of 'ssize_t write(int, const void*, size_t)' declared with attribute 'warn_unused_result' [-Wunused-result]
  230 |             write(STDERR_FILENO, errmsg, len);
      |             ~~~~~^~~~~~~~~~~~~~~~~~~~~~~~~~~~
[0m[91m/app/src/fault_handler.cpp:234:22: warning: ignoring return value of 'ssize_t write(int, const void*, size_t)' declared with attribute 'warn_unused_result' [-Wunused-result]
  234 |                 write(STDERR_FILENO, errmsg, len);
      |                 ~~~~~^~~~~~~~~~~~~~~~~~~~~~~~~~~~
[0m[91m/app/src/fault_handler.cpp:236:18: warning: ignoring return value of 'ssize_t write(int, const void*, size_t)' declared with attribute 'warn_unused_result' [-Wunused-result]
  236 |             write(STDERR_FILENO, "\n", 1);
      |             ~~~~~^~~~~~~~~~~~~~~~~~~~~~~~
[0m[91m/app/src/fault_handler.cpp:259:22: warning: ignoring return value of 'ssize_t write(int, const void*, size_t)' declared with attribute 'warn_unused_result' [-Wunused-result]
  259 |                 write(STDERR_FILENO, errmsg, sizeof(errmsg) - 1);
      |                 ~~~~~^~~~~~~~~~~~~~~~~~~~~~~~~~~~~~~~~~~~~~~~~~~
[0m[  8%] Building CXX object CMakeFiles/geryon.dir/src/network_node.cpp.o
[ 10%] Linking CXX static library libgeryon.a
[ 10%] Built target geryon
[ 12%] Building CXX object _deps/benchmark-build/src/CMakeFiles/benchmark.dir/benchmark.cc.o
[ 14%] Linking CXX static library ../../../lib/libgtest.a
[ 14%] Built target gtest
[ 17%] Building CXX object _deps/benchmark-build/src/CMakeFiles/benchmark.dir/benchmark_api_internal.cc.o
[ 19%] Building CXX object _deps/benchmark-build/src/CMakeFiles/benchmark.dir/benchmark_name.cc.o
[ 21%] Building CXX object _deps/googletest-build/googlemock/CMakeFiles/gmock.dir/src/gmock-all.cc.o
[ 23%] Building CXX object _deps/benchmark-build/src/CMakeFiles/benchmark.dir/benchmark_register.cc.o
[ 25%] Linking CXX static library ../../../lib/libgmock.a
[ 25%] Built target gmock
[ 27%] Building CXX object _deps/benchmark-build/src/CMakeFiles/benchmark.dir/benchmark_runner.cc.o
[ 29%] Building CXX object _deps/benchmark-build/src/CMakeFiles/benchmark.dir/check.cc.o
[ 31%] Building CXX object _deps/benchmark-build/src/CMakeFiles/benchmark.dir/colorprint.cc.o
[ 34%] Building CXX object _deps/googletest-build/googletest/CMakeFiles/gtest_main.dir/src/gtest_main.cc.o
[ 36%] Building CXX object _deps/benchmark-build/src/CMakeFiles/benchmark.dir/commandlineflags.cc.o
[ 38%] Building CXX object _deps/benchmark-build/src/CMakeFiles/benchmark.dir/complexity.cc.o
[ 40%] Linking CXX static library ../../../lib/libgtest_main.a
[ 40%] Built target gtest_main
[ 42%] Building CXX object _deps/benchmark-build/src/CMakeFiles/benchmark.dir/console_reporter.cc.o
[ 44%] Building CXX object _deps/benchmark-build/src/CMakeFiles/benchmark.dir/counter.cc.o
[ 46%] Building CXX object _deps/benchmark-build/src/CMakeFiles/benchmark.dir/csv_reporter.cc.o
[ 48%] Building CXX object _deps/googletest-build/googlemock/CMakeFiles/gmock_main.dir/src/gmock_main.cc.o
[ 51%] Building CXX object _deps/benchmark-build/src/CMakeFiles/benchmark.dir/json_reporter.cc.o
[ 53%] Linking CXX static library ../../../lib/libgmock_main.a
[ 53%] Built target gmock_main
[ 55%] Building CXX object tests/CMakeFiles/geryon_tests.dir/test_memory_region.cpp.o
[ 57%] Building CXX object _deps/benchmark-build/src/CMakeFiles/benchmark.dir/perf_counters.cc.o
[ 59%] Building CXX object _deps/benchmark-build/src/CMakeFiles/benchmark.dir/reporter.cc.o
[ 61%] Building CXX object _deps/benchmark-build/src/CMakeFiles/benchmark.dir/statistics.cc.o
[ 63%] Building CXX object tests/CMakeFiles/geryon_tests.dir/test_fault_handler.cpp.o
[ 65%] Building CXX object _deps/benchmark-build/src/CMakeFiles/benchmark.dir/string_util.cc.o
[ 68%] Building CXX object tests/CMakeFiles/geryon_tests.dir/test_network_sync.cpp.o
[ 70%] Building CXX object _deps/benchmark-build/src/CMakeFiles/benchmark.dir/sysinfo.cc.o
[ 72%] Building CXX object _deps/benchmark-build/src/CMakeFiles/benchmark.dir/timers.cc.o
[ 74%] Linking CXX static library libbenchmark.a
[ 74%] Built target benchmark
[ 76%] Building CXX object _deps/benchmark-build/src/CMakeFiles/benchmark_main.dir/benchmark_main.cc.o
[ 78%] Linking CXX static library libbenchmark_main.a
[ 78%] Built target benchmark_main
[ 80%] Building CXX object tests/CMakeFiles/geryon_tests.dir/test_multi_client.cpp.o
[ 82%] Building CXX object tests/CMakeFiles/geryon_tests.dir/test_synchronization.cpp.o
[ 85%] Building CXX object benchmarks/CMakeFiles/benchmark_page_transfer.dir/benchmark_page_transfer.cpp.o
[ 87%] Building CXX object tests/CMakeFiles/geryon_tests.dir/test_interprocess.cpp.o
[ 89%] Linking CXX executable benchmark_page_transfer
[ 89%] Built target benchmark_page_transfer
[ 91%] Building CXX object tests/CMakeFiles/geryon_tests.dir/test_memnon_integration.cpp.o
[ 93%] Building CXX object tests/CMakeFiles/geryon_tests.dir/test_consistency.cpp.o
[ 95%] Building CXX object tests/CMakeFiles/geryon_tests.dir/test_correctness.cpp.o
[ 97%] Building CXX object tests/CMakeFiles/geryon_tests.dir/test_distributed_sort.cpp.o
[91m/app/tests/test_distributed_sort.cpp: In lambda function:
/app/tests/test_distributed_sort.cpp:152:24: warning: ignoring return value of 'int system(const char*)' declared with attribute 'warn_unused_result' [-Wunused-result]
  152 |             std::system(cmd.c_str());
      |             ~~~~~~~~~~~^~~~~~~~~~~~~
[0m[100%] Linking CXX executable geryon_tests
[100%] Built target geryon_tests
 ---> Removed intermediate container a0d72866a412
 ---> d8b2c220931e
Step 6/6 : CMD ["./build-linux/tests/geryon_tests"]
 ---> Running in 79f89587e693
 ---> Removed intermediate container 79f89587e693
 ---> 6733dd795f20
Successfully built 6733dd795f20
Successfully tagged geryon-linux-tests:latest
Running tests in Docker container...
Running main() from /app/build-linux/_deps/googletest-src/googletest/src/gtest_main.cc
[==========] Running 15 tests from 10 test suites.
[----------] Global test environment set-up.
[----------] 2 tests from MemoryRegionTest
[ RUN      ] MemoryRegionTest.AllocationAndPageSize
[       OK ] MemoryRegionTest.AllocationAndPageSize (0 ms)
[ RUN      ] MemoryRegionTest.ProtectionChanges
[       OK ] MemoryRegionTest.ProtectionChanges (2 ms)
[----------] 2 tests from MemoryRegionTest (2 ms total)

[----------] 1 test from FaultHandlerTest
[ RUN      ] FaultHandlerTest.SoftFaultHandling
[       OK ] FaultHandlerTest.SoftFaultHandling (0 ms)
[----------] 1 test from FaultHandlerTest (0 ms total)

[----------] 2 tests from NetworkSyncTest
[ RUN      ] NetworkSyncTest.BouncingOwnership
Replica 1 connected.
[       OK ] NetworkSyncTest.BouncingOwnership (2106 ms)
[ RUN      ] NetworkSyncTest.StressTest
Replica 1 connected.
[       OK ] NetworkSyncTest.StressTest (2167 ms)
[----------] 2 tests from NetworkSyncTest (4273 ms total)

[----------] 1 test from MultiClientTest
[ RUN      ] MultiClientTest.StarTopologyBouncing
Replica 1 connected.
Replica 2 connected.
Replica 3 connected.
[       OK ] MultiClientTest.StarTopologyBouncing (6545 ms)
[----------] 1 test from MultiClientTest (6545 ms total)

[----------] 1 test from SynchronizationTest
[ RUN      ] SynchronizationTest.DistributedSpinLock
Replica 1 connected.
Primary finished.
Replica finished.
[       OK ] SynchronizationTest.DistributedSpinLock (2274 ms)
[----------] 1 test from SynchronizationTest (2274 ms total)

[----------] 1 test from InterprocessTest
[ RUN      ] InterprocessTest.SharedVector
Replica 1 connected.
[       OK ] InterprocessTest.SharedVector (2111 ms)
[----------] 1 test from InterprocessTest (2111 ms total)

[----------] 1 test from MemnonIntegrationTest
[ RUN      ] MemnonIntegrationTest.SegmentedInterprocess
Replica 1 connected.
[       OK ] MemnonIntegrationTest.SegmentedInterprocess (2197 ms)
[----------] 1 test from MemnonIntegrationTest (2197 ms total)

[----------] 3 tests from ConsistencyTest
[ RUN      ] ConsistencyTest.TriggerSynchronization
Starting primary...
Primary started.
Starting replica...
Replica started.
Replica 1 connected.
Simulating replica page request 1
Simulating replica page request 2
Replica writing to pages
Primary triggering synchronization
Primary checking consistency
Stopping nodes
Test complete
[       OK ] ConsistencyTest.TriggerSynchronization (2205 ms)
[ RUN      ] ConsistencyTest.ReplicaStopFlushesData
Replica 1 connected.
[       OK ] ConsistencyTest.ReplicaStopFlushesData (2201 ms)
[ RUN      ] ConsistencyTest.PrimaryStopInitiatesHandshake
Replica 1 connected.
[       OK ] ConsistencyTest.PrimaryStopInitiatesHandshake (2097 ms)
[----------] 3 tests from ConsistencyTest (6505 ms total)

[----------] 2 tests from CorrectnessTest
[ RUN      ] CorrectnessTest.MultithreadMultipageCorrectness
Replica 1 connected.
Replica 2 connected.
Replica 3 connected.
[       OK ] CorrectnessTest.MultithreadMultipageCorrectness (36425 ms)
[ RUN      ] CorrectnessTest.MultiprocessMultipageCorrectness
Running main() from /app/build-linux/_deps/googletest-src/googletest/src/gtest_main.cc
Note: Google Test filter = CorrectnessTest.MultiprocessMultipageCorrectness
[==========] Running 1 test from 1 test suite.
[----------] Global test environment set-up.
[----------] 1 test from CorrectnessTest
[ RUN      ] CorrectnessTest.MultiprocessMultipageCorrectness
Replica 1 connected.
Running main() from /app/build-linux/_deps/googletest-src/googletest/src/gtest_main.cc
Note: Google Test filter = CorrectnessTest.MultiprocessMultipageCorrectness
[==========] Running 1 test from 1 test suite.
[----------] Global test environment set-up.
[----------] 1 test from CorrectnessTest
[ RUN      ] CorrectnessTest.MultiprocessMultipageCorrectness
Replica 2 connected.
Running main() from /app/build-linux/_deps/googletest-src/googletest/src/gtest_main.cc
Note: Google Test filter = CorrectnessTest.MultiprocessMultipageCorrectness
[==========] Running 1 test from 1 test suite.
[----------] Global test environment set-up.
[----------] 1 test from CorrectnessTest
[ RUN      ] CorrectnessTest.MultiprocessMultipageCorrectness
Replica 3 connected.
[       OK ] CorrectnessTest.MultiprocessMultipageCorrectness (2178 ms)
[----------] 2 tests from CorrectnessTest (38603 ms total)

[----------] 1 test from DistributedSortTest
[ RUN      ] DistributedSortTest.MultiprocessPiecewiseSort
Running main() from /app/build-linux/_deps/googletest-src/googletest/src/gtest_main.cc
Note: Google Test filter = DistributedSortTest.MultiprocessPiecewiseSort
[==========] Running 1 test from 1 test suite.
[----------] Global test environment set-up.
[----------] 1 test from DistributedSortTest
[ RUN      ] DistributedSortTest.MultiprocessPiecewiseSort
Replica 1 connected.
Running main() from /app/build-linux/_deps/googletest-src/googletest/src/gtest_main.cc
Note: Google Test filter = DistributedSortTest.MultiprocessPiecewiseSort
[==========] Running 1 test from 1 test suite.
[----------] Global test environment set-up.
[----------] 1 test from DistributedSortTest
[ RUN      ] DistributedSortTest.MultiprocessPiecewiseSort
Replica 2 connected.
Running main() from /app/build-linux/_deps/googletest-src/googletest/src/gtest_main.cc
Note: Google Test filter = DistributedSortTest.MultiprocessPiecewiseSort
[==========] Running 1 test from 1 test suite.
[----------] Global test environment set-up.
[----------] 1 test from DistributedSortTest
[ RUN      ] DistributedSortTest.MultiprocessPiecewiseSort
Replica 3 connected.
[Primary] Pages Sent: 14660, Pages Received: 14659 | Avg Transfer Time: 4.15573 us | Avg Time Between Transfers: 238.807 us
[Replica 3] Pages Sent: 5248, Pages Received: 5249 | Avg Transfer Time: 18.44 us | Avg Time Between Transfers: 6310.3 us
[Replica 2] Pages Sent: 5236, Pages Received: 5237 | Avg Transfer Time: 20.0086 us | Avg Time Between Transfers: 6331.48 us
[       OK ] DistributedSortTest.MultiprocessPiecewiseSort (36007 ms)
[----------] 1 test from DistributedSortTest (36007 ms total)

[----------] Global test environment tear-down
[==========] 15 tests from 10 test suites ran. (98521 ms total)
[  PASSED  ] 15 tests.
Building Docker image for Geryon Linux tests...
DEPRECATED: The legacy builder is deprecated and will be removed in a future release.
            Install the buildx component to build images with BuildKit:
            https://docs.docker.com/go/buildx/

Sending build context to Docker daemon  159.9MB
Step 1/6 : FROM ubuntu:24.04
 ---> 4fbb8e6a8395
Step 2/6 : RUN apt-get update && apt-get install -y     build-essential     cmake     git     wget     curl     pkg-config     libboost-system-dev     libboost-thread-dev     libboost-program-options-dev     libboost-test-dev     gdb
 ---> Using cache
 ---> 4caa702ced8d
Step 3/6 : WORKDIR /app
 ---> Using cache
 ---> 0e0bd87b4009
Step 4/6 : COPY . /app
 ---> afaeb500aeee
Step 5/6 : RUN mkdir -p build-linux && cd build-linux &&     cmake .. -DCMAKE_BUILD_TYPE=Release &&     make -j$(nproc)
 ---> Running in b3bb6bda9f19
-- The CXX compiler identification is GNU 13.3.0
-- Detecting CXX compiler ABI info
-- Detecting CXX compiler ABI info - done
-- Check for working CXX compiler: /usr/bin/c++ - skipped
-- Detecting CXX compile features
-- Detecting CXX compile features - done
-- Found Boost: /usr/lib/aarch64-linux-gnu/cmake/Boost-1.83.0/BoostConfig.cmake (found version "1.83.0")  
-- The C compiler identification is GNU 13.3.0
-- Detecting C compiler ABI info
-- Detecting C compiler ABI info - done
-- Check for working C compiler: /usr/bin/cc - skipped
-- Detecting C compile features
-- Detecting C compile features - done
-- Could NOT find Python3 (missing: Python3_EXECUTABLE Interpreter) 
-- Performing Test CMAKE_HAVE_LIBC_PTHREAD
-- Performing Test CMAKE_HAVE_LIBC_PTHREAD - Success
-- Found Threads: TRUE  
-- Found Git: /usr/bin/git (found version "2.43.0") 
-- git version: v1.8.3 normalized to 1.8.3
-- Google Benchmark version: 1.8.3
-- Looking for shm_open in rt
-- Looking for shm_open in rt - found
-- Performing Test HAVE_CXX_FLAG_WALL
-- Performing Test HAVE_CXX_FLAG_WALL - Success
-- Performing Test HAVE_CXX_FLAG_WEXTRA
-- Performing Test HAVE_CXX_FLAG_WEXTRA - Success
-- Performing Test HAVE_CXX_FLAG_WSHADOW
-- Performing Test HAVE_CXX_FLAG_WSHADOW - Success
-- Performing Test HAVE_CXX_FLAG_WFLOAT_EQUAL
-- Performing Test HAVE_CXX_FLAG_WFLOAT_EQUAL - Success
-- Performing Test HAVE_CXX_FLAG_WOLD_STYLE_CAST
-- Performing Test HAVE_CXX_FLAG_WOLD_STYLE_CAST - Success
-- Performing Test HAVE_CXX_FLAG_WERROR
-- Performing Test HAVE_CXX_FLAG_WERROR - Success
-- Performing Test HAVE_CXX_FLAG_WSUGGEST_OVERRIDE
-- Performing Test HAVE_CXX_FLAG_WSUGGEST_OVERRIDE - Success
-- Performing Test HAVE_CXX_FLAG_PEDANTIC
-- Performing Test HAVE_CXX_FLAG_PEDANTIC - Success
-- Performing Test HAVE_CXX_FLAG_PEDANTIC_ERRORS
-- Performing Test HAVE_CXX_FLAG_PEDANTIC_ERRORS - Success
-- Performing Test HAVE_CXX_FLAG_WSHORTEN_64_TO_32
-- Performing Test HAVE_CXX_FLAG_WSHORTEN_64_TO_32 - Failed
-- Performing Test HAVE_CXX_FLAG_FSTRICT_ALIASING
-- Performing Test HAVE_CXX_FLAG_FSTRICT_ALIASING - Success
-- Performing Test HAVE_CXX_FLAG_WNO_DEPRECATED_DECLARATIONS
-- Performing Test HAVE_CXX_FLAG_WNO_DEPRECATED_DECLARATIONS - Success
-- Performing Test HAVE_CXX_FLAG_WNO_DEPRECATED
-- Performing Test HAVE_CXX_FLAG_WNO_DEPRECATED - Success
-- Performing Test HAVE_CXX_FLAG_WSTRICT_ALIASING
-- Performing Test HAVE_CXX_FLAG_WSTRICT_ALIASING - Success
-- Performing Test HAVE_CXX_FLAG_WD654
-- Performing Test HAVE_CXX_FLAG_WD654 - Failed
-- Performing Test HAVE_CXX_FLAG_WTHREAD_SAFETY
-- Performing Test HAVE_CXX_FLAG_WTHREAD_SAFETY - Failed
-- Performing Test HAVE_CXX_FLAG_COVERAGE
-- Performing Test HAVE_CXX_FLAG_COVERAGE - Success
-- Compiling and running to test HAVE_STD_REGEX
-- Performing Test HAVE_STD_REGEX -- success
-- Compiling and running to test HAVE_GNU_POSIX_REGEX
-- Performing Test HAVE_GNU_POSIX_REGEX -- failed to compile
-- Compiling and running to test HAVE_POSIX_REGEX
-- Performing Test HAVE_POSIX_REGEX -- success
-- Compiling and running to test HAVE_STEADY_CLOCK
-- Performing Test HAVE_STEADY_CLOCK -- success
-- Compiling and running to test HAVE_PTHREAD_AFFINITY
-- Performing Test HAVE_PTHREAD_AFFINITY -- success
-- Configuring done (8.8s)
-- Generating done (0.0s)
-- Build files have been written to: /app/build-linux
[  2%] Building CXX object _deps/googletest-build/googletest/CMakeFiles/gtest.dir/src/gtest-all.cc.o
[  4%] Building CXX object CMakeFiles/geryon.dir/src/memory_region.cpp.o
[  6%] Building CXX object CMakeFiles/geryon.dir/src/fault_handler.cpp.o
[91m/app/src/fault_handler.cpp: In member function 'bool geryon::GlobalFaultHandler::handle_fault_from_signal(void*)':
/app/src/fault_handler.cpp:230:18: warning: ignoring return value of 'ssize_t write(int, const void*, size_t)' declared with attribute 'warn_unused_result' [-Wunused-result]
  230 |             write(STDERR_FILENO, errmsg, len);
      |             ~~~~~^~~~~~~~~~~~~~~~~~~~~~~~~~~~
[0m[91m/app/src/fault_handler.cpp:234:22: warning: ignoring return value of 'ssize_t write(int, const void*, size_t)' declared with attribute 'warn_unused_result' [-Wunused-result]
  234 |                 write(STDERR_FILENO, errmsg, len);
      |                 ~~~~~^~~~~~~~~~~~~~~~~~~~~~~~~~~~
/app/src/fault_handler.cpp:236:18: warning: ignoring return value of 'ssize_t write(int, const void*, size_t)' declared with attribute 'warn_unused_result' [-Wunused-result]
  236 |             write(STDERR_FILENO, "\n", 1);
      |             ~~~~~^~~~~~~~~~~~~~~~~~~~~~~~
/app/src/fault_handler.cpp:259:22: warning: ignoring return value of 'ssize_t write(int, const void*, size_t)' declared with attribute 'warn_unused_result' [-Wunused-result]
  259 |                 write(STDERR_FILENO, errmsg, sizeof(errmsg) - 1);
      |                 ~~~~~^~~~~~~~~~~~~~~~~~~~~~~~~~~~~~~~~~~~~~~~~~~
[0m[  8%] Building CXX object CMakeFiles/geryon.dir/src/network_node.cpp.o
[ 10%] Linking CXX static library libgeryon.a
[ 10%] Built target geryon
[ 12%] Building CXX object _deps/benchmark-build/src/CMakeFiles/benchmark.dir/benchmark.cc.o
[ 14%] Linking CXX static library ../../../lib/libgtest.a
[ 14%] Built target gtest
[ 17%] Building CXX object _deps/googletest-build/googlemock/CMakeFiles/gmock.dir/src/gmock-all.cc.o
[ 19%] Building CXX object _deps/benchmark-build/src/CMakeFiles/benchmark.dir/benchmark_api_internal.cc.o
[ 21%] Building CXX object _deps/benchmark-build/src/CMakeFiles/benchmark.dir/benchmark_name.cc.o
[ 23%] Building CXX object _deps/benchmark-build/src/CMakeFiles/benchmark.dir/benchmark_register.cc.o
[ 25%] Linking CXX static library ../../../lib/libgmock.a
[ 25%] Built target gmock
[ 27%] Building CXX object _deps/googletest-build/googletest/CMakeFiles/gtest_main.dir/src/gtest_main.cc.o
[ 29%] Linking CXX static library ../../../lib/libgtest_main.a
[ 29%] Built target gtest_main
[ 31%] Building CXX object _deps/benchmark-build/src/CMakeFiles/benchmark.dir/benchmark_runner.cc.o
[ 34%] Building CXX object _deps/benchmark-build/src/CMakeFiles/benchmark.dir/check.cc.o
[ 36%] Building CXX object _deps/googletest-build/googlemock/CMakeFiles/gmock_main.dir/src/gmock_main.cc.o
[ 38%] Building CXX object _deps/benchmark-build/src/CMakeFiles/benchmark.dir/colorprint.cc.o
[ 40%] Building CXX object _deps/benchmark-build/src/CMakeFiles/benchmark.dir/commandlineflags.cc.o
[ 42%] Linking CXX static library ../../../lib/libgmock_main.a
[ 42%] Built target gmock_main
[ 44%] Building CXX object tests/CMakeFiles/geryon_tests.dir/test_memory_region.cpp.o
[ 46%] Building CXX object _deps/benchmark-build/src/CMakeFiles/benchmark.dir/complexity.cc.o
[ 48%] Building CXX object _deps/benchmark-build/src/CMakeFiles/benchmark.dir/console_reporter.cc.o
[ 51%] Building CXX object _deps/benchmark-build/src/CMakeFiles/benchmark.dir/counter.cc.o
[ 53%] Building CXX object tests/CMakeFiles/geryon_tests.dir/test_fault_handler.cpp.o
[ 55%] Building CXX object _deps/benchmark-build/src/CMakeFiles/benchmark.dir/csv_reporter.cc.o
[ 57%] Building CXX object _deps/benchmark-build/src/CMakeFiles/benchmark.dir/json_reporter.cc.o
[ 59%] Building CXX object tests/CMakeFiles/geryon_tests.dir/test_network_sync.cpp.o
[ 61%] Building CXX object _deps/benchmark-build/src/CMakeFiles/benchmark.dir/perf_counters.cc.o
[ 63%] Building CXX object _deps/benchmark-build/src/CMakeFiles/benchmark.dir/reporter.cc.o
[ 65%] Building CXX object _deps/benchmark-build/src/CMakeFiles/benchmark.dir/statistics.cc.o
[ 68%] Building CXX object _deps/benchmark-build/src/CMakeFiles/benchmark.dir/string_util.cc.o
[ 70%] Building CXX object tests/CMakeFiles/geryon_tests.dir/test_multi_client.cpp.o
[ 72%] Building CXX object _deps/benchmark-build/src/CMakeFiles/benchmark.dir/sysinfo.cc.o
[ 74%] Building CXX object _deps/benchmark-build/src/CMakeFiles/benchmark.dir/timers.cc.o
[ 76%] Linking CXX static library libbenchmark.a
[ 76%] Built target benchmark
[ 78%] Building CXX object tests/CMakeFiles/geryon_tests.dir/test_synchronization.cpp.o
[ 80%] Building CXX object tests/CMakeFiles/geryon_tests.dir/test_interprocess.cpp.o
[ 82%] Building CXX object _deps/benchmark-build/src/CMakeFiles/benchmark_main.dir/benchmark_main.cc.o
[ 85%] Linking CXX static library libbenchmark_main.a
[ 85%] Built target benchmark_main
[ 87%] Building CXX object benchmarks/CMakeFiles/benchmark_page_transfer.dir/benchmark_page_transfer.cpp.o
[ 89%] Linking CXX executable benchmark_page_transfer
[ 91%] Building CXX object tests/CMakeFiles/geryon_tests.dir/test_memnon_integration.cpp.o
[ 91%] Built target benchmark_page_transfer
[ 93%] Building CXX object tests/CMakeFiles/geryon_tests.dir/test_consistency.cpp.o
[ 95%] Building CXX object tests/CMakeFiles/geryon_tests.dir/test_correctness.cpp.o
[ 97%] Building CXX object tests/CMakeFiles/geryon_tests.dir/test_distributed_sort.cpp.o
[91m/app/tests/test_distributed_sort.cpp: In lambda function:
/app/tests/test_distributed_sort.cpp:152:24: warning: ignoring return value of 'int system(const char*)' declared with attribute 'warn_unused_result' [-Wunused-result]
  152 |             std::system(cmd.c_str());
      |             ~~~~~~~~~~~^~~~~~~~~~~~~
[0m[100%] Linking CXX executable geryon_tests
[100%] Built target geryon_tests
 ---> Removed intermediate container b3bb6bda9f19
 ---> f728b1238b7e
Step 6/6 : CMD ["./build-linux/tests/geryon_tests"]
 ---> Running in f349ac805a9e
 ---> Removed intermediate container f349ac805a9e
 ---> b8cb62407b99
Successfully built b8cb62407b99
Successfully tagged geryon-linux-tests:latest
Running tests in Docker container...
Running main() from /app/build-linux/_deps/googletest-src/googletest/src/gtest_main.cc
[==========] Running 15 tests from 10 test suites.
[----------] Global test environment set-up.
[----------] 2 tests from MemoryRegionTest
[ RUN      ] MemoryRegionTest.AllocationAndPageSize
[       OK ] MemoryRegionTest.AllocationAndPageSize (0 ms)
[ RUN      ] MemoryRegionTest.ProtectionChanges
[       OK ] MemoryRegionTest.ProtectionChanges (2 ms)
[----------] 2 tests from MemoryRegionTest (2 ms total)

[----------] 1 test from FaultHandlerTest
[ RUN      ] FaultHandlerTest.SoftFaultHandling
[       OK ] FaultHandlerTest.SoftFaultHandling (0 ms)
[----------] 1 test from FaultHandlerTest (0 ms total)

[----------] 2 tests from NetworkSyncTest
[ RUN      ] NetworkSyncTest.BouncingOwnership
Replica 1 connected.
[       OK ] NetworkSyncTest.BouncingOwnership (2108 ms)
[ RUN      ] NetworkSyncTest.StressTest
Replica 1 connected.
[       OK ] NetworkSyncTest.StressTest (2173 ms)
[----------] 2 tests from NetworkSyncTest (4281 ms total)

[----------] 1 test from MultiClientTest
[ RUN      ] MultiClientTest.StarTopologyBouncing
Replica 1 connected.
Replica 2 connected.
Replica 3 connected.
[       OK ] MultiClientTest.StarTopologyBouncing (6545 ms)
[----------] 1 test from MultiClientTest (6545 ms total)

[----------] 1 test from SynchronizationTest
[ RUN      ] SynchronizationTest.DistributedSpinLock
Replica 1 connected.
Primary finished.
Replica finished.
[       OK ] SynchronizationTest.DistributedSpinLock (2273 ms)
[----------] 1 test from SynchronizationTest (2273 ms total)

[----------] 1 test from InterprocessTest
[ RUN      ] InterprocessTest.SharedVector
Replica 1 connected.
[       OK ] InterprocessTest.SharedVector (2106 ms)
[----------] 1 test from InterprocessTest (2106 ms total)

[----------] 1 test from MemnonIntegrationTest
[ RUN      ] MemnonIntegrationTest.SegmentedInterprocess
Replica 1 connected.
[       OK ] MemnonIntegrationTest.SegmentedInterprocess (2199 ms)
[----------] 1 test from MemnonIntegrationTest (2200 ms total)

[----------] 3 tests from ConsistencyTest
[ RUN      ] ConsistencyTest.TriggerSynchronization
Starting primary...
Primary started.
Starting replica...
Replica started.
Replica 1 connected.
Simulating replica page request 1
Simulating replica page request 2
Replica writing to pages
Primary triggering synchronization
Primary checking consistency
Stopping nodes
Test complete
[       OK ] ConsistencyTest.TriggerSynchronization (2205 ms)
[ RUN      ] ConsistencyTest.ReplicaStopFlushesData
Replica 1 connected.
[       OK ] ConsistencyTest.ReplicaStopFlushesData (2202 ms)
[ RUN      ] ConsistencyTest.PrimaryStopInitiatesHandshake
Replica 1 connected.
[       OK ] ConsistencyTest.PrimaryStopInitiatesHandshake (2099 ms)
[----------] 3 tests from ConsistencyTest (6507 ms total)

[----------] 2 tests from CorrectnessTest
[ RUN      ] CorrectnessTest.MultithreadMultipageCorrectness
Replica 1 connected.
Replica 2 connected.
Replica 3 connected.
[       OK ] CorrectnessTest.MultithreadMultipageCorrectness (37169 ms)
[ RUN      ] CorrectnessTest.MultiprocessMultipageCorrectness
Running main() from /app/build-linux/_deps/googletest-src/googletest/src/gtest_main.cc
Note: Google Test filter = CorrectnessTest.MultiprocessMultipageCorrectness
[==========] Running 1 test from 1 test suite.
[----------] Global test environment set-up.
[----------] 1 test from CorrectnessTest
[ RUN      ] CorrectnessTest.MultiprocessMultipageCorrectness
Replica 1 connected.
Running main() from /app/build-linux/_deps/googletest-src/googletest/src/gtest_main.cc
Note: Google Test filter = CorrectnessTest.MultiprocessMultipageCorrectness
[==========] Running 1 test from 1 test suite.
[----------] Global test environment set-up.
[----------] 1 test from CorrectnessTest
[ RUN      ] CorrectnessTest.MultiprocessMultipageCorrectness
Replica 2 connected.
Running main() from /app/build-linux/_deps/googletest-src/googletest/src/gtest_main.cc
Note: Google Test filter = CorrectnessTest.MultiprocessMultipageCorrectness
[==========] Running 1 test from 1 test suite.
[----------] Global test environment set-up.
[----------] 1 test from CorrectnessTest
[ RUN      ] CorrectnessTest.MultiprocessMultipageCorrectness
Replica 3 connected.
[       OK ] CorrectnessTest.MultiprocessMultipageCorrectness (2172 ms)
[----------] 2 tests from CorrectnessTest (39342 ms total)

[----------] 1 test from DistributedSortTest
[ RUN      ] DistributedSortTest.MultiprocessPiecewiseSort
Running main() from /app/build-linux/_deps/googletest-src/googletest/src/gtest_main.cc
Note: Google Test filter = DistributedSortTest.MultiprocessPiecewiseSort
[==========] Running 1 test from 1 test suite.
[----------] Global test environment set-up.
[----------] 1 test from DistributedSortTest
[ RUN      ] DistributedSortTest.MultiprocessPiecewiseSort
Replica 1 connected.
Running main() from /app/build-linux/_deps/googletest-src/googletest/src/gtest_main.cc
Note: Google Test filter = DistributedSortTest.MultiprocessPiecewiseSort
[==========] Running 1 test from 1 test suite.
[----------] Global test environment set-up.
[----------] 1 test from DistributedSortTest
[ RUN      ] DistributedSortTest.MultiprocessPiecewiseSort
Replica 2 connected.
Running main() from /app/build-linux/_deps/googletest-src/googletest/src/gtest_main.cc
Note: Google Test filter = DistributedSortTest.MultiprocessPiecewiseSort
[==========] Running 1 test from 1 test suite.
[----------] Global test environment set-up.
[----------] 1 test from DistributedSortTest
[ RUN      ] DistributedSortTest.MultiprocessPiecewiseSort
Replica 3 connected.
[Primary] Pages Sent: 14660, Pages Received: 14659 | Avg Transfer Time: 4.58186 us | Avg Time Between Transfers: 213.441 us
[Replica 3] Pages Sent: 5129, Pages Received: 5130 | Avg Transfer Time: 15.7733 us | Avg Time Between Transfers: 4390.28 us
[Replica 2] Pages Sent: 5118, Pages Received: 5119 | Avg Transfer Time: 16.9472 us | Avg Time Between Transfers: 4406.82 us
[       OK ] DistributedSortTest.MultiprocessPiecewiseSort (25418 ms)
[----------] 1 test from DistributedSortTest (25418 ms total)

[----------] Global test environment tear-down
[==========] 15 tests from 10 test suites ran. (88677 ms total)
[  PASSED  ] 15 tests.
Building Docker image for Geryon Linux tests...
DEPRECATED: The legacy builder is deprecated and will be removed in a future release.
            Install the buildx component to build images with BuildKit:
            https://docs.docker.com/go/buildx/

Sending build context to Docker daemon  159.9MB
Step 1/6 : FROM ubuntu:24.04
 ---> 4fbb8e6a8395
Step 2/6 : RUN apt-get update && apt-get install -y     build-essential     cmake     git     wget     curl     pkg-config     libboost-system-dev     libboost-thread-dev     libboost-program-options-dev     libboost-test-dev     gdb
 ---> Using cache
 ---> 4caa702ced8d
Step 3/6 : WORKDIR /app
 ---> Using cache
 ---> 0e0bd87b4009
Step 4/6 : COPY . /app
 ---> 8ae78fb61853
Step 5/6 : RUN mkdir -p build-linux && cd build-linux &&     cmake .. -DCMAKE_BUILD_TYPE=Release &&     make -j$(nproc)
 ---> Running in bdf695ad24ce
-- The CXX compiler identification is GNU 13.3.0
-- Detecting CXX compiler ABI info
-- Detecting CXX compiler ABI info - done
-- Check for working CXX compiler: /usr/bin/c++ - skipped
-- Detecting CXX compile features
-- Detecting CXX compile features - done
-- Found Boost: /usr/lib/aarch64-linux-gnu/cmake/Boost-1.83.0/BoostConfig.cmake (found version "1.83.0")  
-- The C compiler identification is GNU 13.3.0
-- Detecting C compiler ABI info
-- Detecting C compiler ABI info - done
-- Check for working C compiler: /usr/bin/cc - skipped
-- Detecting C compile features
-- Detecting C compile features - done
-- Could NOT find Python3 (missing: Python3_EXECUTABLE Interpreter) 
-- Performing Test CMAKE_HAVE_LIBC_PTHREAD
-- Performing Test CMAKE_HAVE_LIBC_PTHREAD - Success
-- Found Threads: TRUE  
-- Found Git: /usr/bin/git (found version "2.43.0") 
-- git version: v1.8.3 normalized to 1.8.3
-- Google Benchmark version: 1.8.3
-- Looking for shm_open in rt
-- Looking for shm_open in rt - found
-- Performing Test HAVE_CXX_FLAG_WALL
-- Performing Test HAVE_CXX_FLAG_WALL - Success
-- Performing Test HAVE_CXX_FLAG_WEXTRA
-- Performing Test HAVE_CXX_FLAG_WEXTRA - Success
-- Performing Test HAVE_CXX_FLAG_WSHADOW
-- Performing Test HAVE_CXX_FLAG_WSHADOW - Success
-- Performing Test HAVE_CXX_FLAG_WFLOAT_EQUAL
-- Performing Test HAVE_CXX_FLAG_WFLOAT_EQUAL - Success
-- Performing Test HAVE_CXX_FLAG_WOLD_STYLE_CAST
-- Performing Test HAVE_CXX_FLAG_WOLD_STYLE_CAST - Success
-- Performing Test HAVE_CXX_FLAG_WERROR
-- Performing Test HAVE_CXX_FLAG_WERROR - Success
-- Performing Test HAVE_CXX_FLAG_WSUGGEST_OVERRIDE
-- Performing Test HAVE_CXX_FLAG_WSUGGEST_OVERRIDE - Success
-- Performing Test HAVE_CXX_FLAG_PEDANTIC
-- Performing Test HAVE_CXX_FLAG_PEDANTIC - Success
-- Performing Test HAVE_CXX_FLAG_PEDANTIC_ERRORS
-- Performing Test HAVE_CXX_FLAG_PEDANTIC_ERRORS - Success
-- Performing Test HAVE_CXX_FLAG_WSHORTEN_64_TO_32
-- Performing Test HAVE_CXX_FLAG_WSHORTEN_64_TO_32 - Failed
-- Performing Test HAVE_CXX_FLAG_FSTRICT_ALIASING
-- Performing Test HAVE_CXX_FLAG_FSTRICT_ALIASING - Success
-- Performing Test HAVE_CXX_FLAG_WNO_DEPRECATED_DECLARATIONS
-- Performing Test HAVE_CXX_FLAG_WNO_DEPRECATED_DECLARATIONS - Success
-- Performing Test HAVE_CXX_FLAG_WNO_DEPRECATED
-- Performing Test HAVE_CXX_FLAG_WNO_DEPRECATED - Success
-- Performing Test HAVE_CXX_FLAG_WSTRICT_ALIASING
-- Performing Test HAVE_CXX_FLAG_WSTRICT_ALIASING - Success
-- Performing Test HAVE_CXX_FLAG_WD654
-- Performing Test HAVE_CXX_FLAG_WD654 - Failed
-- Performing Test HAVE_CXX_FLAG_WTHREAD_SAFETY
-- Performing Test HAVE_CXX_FLAG_WTHREAD_SAFETY - Failed
-- Performing Test HAVE_CXX_FLAG_COVERAGE
-- Performing Test HAVE_CXX_FLAG_COVERAGE - Success
-- Compiling and running to test HAVE_STD_REGEX
-- Performing Test HAVE_STD_REGEX -- success
-- Compiling and running to test HAVE_GNU_POSIX_REGEX
-- Performing Test HAVE_GNU_POSIX_REGEX -- failed to compile
-- Compiling and running to test HAVE_POSIX_REGEX
-- Performing Test HAVE_POSIX_REGEX -- success
-- Compiling and running to test HAVE_STEADY_CLOCK
-- Performing Test HAVE_STEADY_CLOCK -- success
-- Compiling and running to test HAVE_PTHREAD_AFFINITY
-- Performing Test HAVE_PTHREAD_AFFINITY -- success
-- Configuring done (8.4s)
-- Generating done (0.0s)
-- Build files have been written to: /app/build-linux
[  2%] Building CXX object CMakeFiles/geryon.dir/src/memory_region.cpp.o
[  4%] Building CXX object _deps/googletest-build/googletest/CMakeFiles/gtest.dir/src/gtest-all.cc.o
[  6%] Building CXX object CMakeFiles/geryon.dir/src/fault_handler.cpp.o
[91m/app/src/fault_handler.cpp: In member function 'bool geryon::GlobalFaultHandler::handle_fault_from_signal(void*)':
/app/src/fault_handler.cpp:230:18: warning: ignoring return value of 'ssize_t write(int, const void*, size_t)' declared with attribute 'warn_unused_result' [-Wunused-result]
  230 |             write(STDERR_FILENO, errmsg, len);
      |             ~~~~~^~~~~~~~~~~~~~~~~~~~~~~~~~~~
[0m[91m/app/src/fault_handler.cpp:234:22: warning: ignoring return value of 'ssize_t write(int, const void*, size_t)' declared with attribute 'warn_unused_result' [-Wunused-result]
  234 |                 write(STDERR_FILENO, errmsg, len);
      |                 ~~~~~^~~~~~~~~~~~~~~~~~~~~~~~~~~~
[0m[91m/app/src/fault_handler.cpp:236:18: warning: ignoring return value of 'ssize_t write(int, const void*, size_t)' declared with attribute 'warn_unused_result' [-Wunused-result]
  236 |             write(STDERR_FILENO, "\n", 1);
      |             ~~~~~^~~~~~~~~~~~~~~~~~~~~~~~
[0m[91m/app/src/fault_handler.cpp:259:22: warning: ignoring return value of 'ssize_t write(int, const void*, size_t)' declared with attribute 'warn_unused_result' [-Wunused-result]
  259 |                 write(STDERR_FILENO, errmsg, sizeof(errmsg) - 1);
      |                 ~~~~~^~~~~~~~~~~~~~~~~~~~~~~~~~~~~~~~~~~~~~~~~~~
[0m[  8%] Building CXX object CMakeFiles/geryon.dir/src/network_node.cpp.o
[ 10%] Linking CXX static library libgeryon.a
[ 10%] Built target geryon
[ 12%] Building CXX object _deps/benchmark-build/src/CMakeFiles/benchmark.dir/benchmark.cc.o
[ 14%] Linking CXX static library ../../../lib/libgtest.a
[ 14%] Built target gtest
[ 17%] Building CXX object _deps/benchmark-build/src/CMakeFiles/benchmark.dir/benchmark_api_internal.cc.o
[ 19%] Building CXX object _deps/googletest-build/googlemock/CMakeFiles/gmock.dir/src/gmock-all.cc.o
[ 21%] Building CXX object _deps/benchmark-build/src/CMakeFiles/benchmark.dir/benchmark_name.cc.o
[ 23%] Building CXX object _deps/benchmark-build/src/CMakeFiles/benchmark.dir/benchmark_register.cc.o
[ 25%] Linking CXX static library ../../../lib/libgmock.a
[ 25%] Built target gmock
[ 27%] Building CXX object _deps/benchmark-build/src/CMakeFiles/benchmark.dir/benchmark_runner.cc.o
[ 29%] Building CXX object _deps/benchmark-build/src/CMakeFiles/benchmark.dir/check.cc.o
[ 31%] Building CXX object _deps/googletest-build/googletest/CMakeFiles/gtest_main.dir/src/gtest_main.cc.o
[ 34%] Building CXX object _deps/benchmark-build/src/CMakeFiles/benchmark.dir/colorprint.cc.o
[ 36%] Building CXX object _deps/benchmark-build/src/CMakeFiles/benchmark.dir/commandlineflags.cc.o
[ 38%] Linking CXX static library ../../../lib/libgtest_main.a
[ 38%] Built target gtest_main
[ 40%] Building CXX object _deps/benchmark-build/src/CMakeFiles/benchmark.dir/complexity.cc.o
[ 42%] Building CXX object _deps/googletest-build/googlemock/CMakeFiles/gmock_main.dir/src/gmock_main.cc.o
[ 44%] Building CXX object _deps/benchmark-build/src/CMakeFiles/benchmark.dir/console_reporter.cc.o
[ 46%] Linking CXX static library ../../../lib/libgmock_main.a
[ 46%] Built target gmock_main
[ 48%] Building CXX object _deps/benchmark-build/src/CMakeFiles/benchmark.dir/counter.cc.o
[ 51%] Building CXX object tests/CMakeFiles/geryon_tests.dir/test_memory_region.cpp.o
[ 53%] Building CXX object _deps/benchmark-build/src/CMakeFiles/benchmark.dir/csv_reporter.cc.o
[ 55%] Building CXX object _deps/benchmark-build/src/CMakeFiles/benchmark.dir/json_reporter.cc.o
[ 57%] Building CXX object tests/CMakeFiles/geryon_tests.dir/test_fault_handler.cpp.o
[ 59%] Building CXX object _deps/benchmark-build/src/CMakeFiles/benchmark.dir/perf_counters.cc.o
[ 61%] Building CXX object _deps/benchmark-build/src/CMakeFiles/benchmark.dir/reporter.cc.o
[ 63%] Building CXX object _deps/benchmark-build/src/CMakeFiles/benchmark.dir/statistics.cc.o
[ 65%] Building CXX object tests/CMakeFiles/geryon_tests.dir/test_network_sync.cpp.o
[ 68%] Building CXX object _deps/benchmark-build/src/CMakeFiles/benchmark.dir/string_util.cc.o
[ 70%] Building CXX object _deps/benchmark-build/src/CMakeFiles/benchmark.dir/sysinfo.cc.o
[ 72%] Building CXX object _deps/benchmark-build/src/CMakeFiles/benchmark.dir/timers.cc.o
[ 74%] Building CXX object tests/CMakeFiles/geryon_tests.dir/test_multi_client.cpp.o
[ 76%] Linking CXX static library libbenchmark.a
[ 76%] Built target benchmark
[ 78%] Building CXX object tests/CMakeFiles/geryon_tests.dir/test_synchronization.cpp.o
[ 80%] Building CXX object tests/CMakeFiles/geryon_tests.dir/test_interprocess.cpp.o
[ 82%] Building CXX object _deps/benchmark-build/src/CMakeFiles/benchmark_main.dir/benchmark_main.cc.o
[ 85%] Linking CXX static library libbenchmark_main.a
[ 85%] Built target benchmark_main
[ 87%] Building CXX object tests/CMakeFiles/geryon_tests.dir/test_memnon_integration.cpp.o
[ 89%] Building CXX object tests/CMakeFiles/geryon_tests.dir/test_consistency.cpp.o
[ 91%] Building CXX object benchmarks/CMakeFiles/benchmark_page_transfer.dir/benchmark_page_transfer.cpp.o
[ 93%] Building CXX object tests/CMakeFiles/geryon_tests.dir/test_correctness.cpp.o
[ 95%] Linking CXX executable benchmark_page_transfer
[ 95%] Built target benchmark_page_transfer
[ 97%] Building CXX object tests/CMakeFiles/geryon_tests.dir/test_distributed_sort.cpp.o
[91m/app/tests/test_distributed_sort.cpp: In lambda function:
/app/tests/test_distributed_sort.cpp:152:24: warning: ignoring return value of 'int system(const char*)' declared with attribute 'warn_unused_result' [-Wunused-result]
  152 |             std::system(cmd.c_str());
      |             ~~~~~~~~~~~^~~~~~~~~~~~~
[0m[100%] Linking CXX executable geryon_tests
[100%] Built target geryon_tests
 ---> Removed intermediate container bdf695ad24ce
 ---> c9e8761446f8
Step 6/6 : CMD ["./build-linux/tests/geryon_tests"]
 ---> Running in c0a999e1a294
 ---> Removed intermediate container c0a999e1a294
 ---> 12e0df8e3d24
Successfully built 12e0df8e3d24
Successfully tagged geryon-linux-tests:latest
Running tests in Docker container...
Running main() from /app/build-linux/_deps/googletest-src/googletest/src/gtest_main.cc
[==========] Running 15 tests from 10 test suites.
[----------] Global test environment set-up.
[----------] 2 tests from MemoryRegionTest
[ RUN      ] MemoryRegionTest.AllocationAndPageSize
[       OK ] MemoryRegionTest.AllocationAndPageSize (0 ms)
[ RUN      ] MemoryRegionTest.ProtectionChanges
[       OK ] MemoryRegionTest.ProtectionChanges (2 ms)
[----------] 2 tests from MemoryRegionTest (2 ms total)

[----------] 1 test from FaultHandlerTest
[ RUN      ] FaultHandlerTest.SoftFaultHandling
[       OK ] FaultHandlerTest.SoftFaultHandling (0 ms)
[----------] 1 test from FaultHandlerTest (0 ms total)

[----------] 2 tests from NetworkSyncTest
[ RUN      ] NetworkSyncTest.BouncingOwnership
Replica 1 connected.
[       OK ] NetworkSyncTest.BouncingOwnership (2104 ms)
[ RUN      ] NetworkSyncTest.StressTest
Replica 1 connected.
[       OK ] NetworkSyncTest.StressTest (2208 ms)
[----------] 2 tests from NetworkSyncTest (4312 ms total)

[----------] 1 test from MultiClientTest
[ RUN      ] MultiClientTest.StarTopologyBouncing
Replica 1 connected.
Replica 2 connected.
Replica 3 connected.
[       OK ] MultiClientTest.StarTopologyBouncing (6535 ms)
[----------] 1 test from MultiClientTest (6535 ms total)

[----------] 1 test from SynchronizationTest
[ RUN      ] SynchronizationTest.DistributedSpinLock
Replica 1 connected.
Primary finished.
Replica finished.
[       OK ] SynchronizationTest.DistributedSpinLock (2268 ms)
[----------] 1 test from SynchronizationTest (2268 ms total)

[----------] 1 test from InterprocessTest
[ RUN      ] InterprocessTest.SharedVector
Replica 1 connected.
[       OK ] InterprocessTest.SharedVector (2106 ms)
[----------] 1 test from InterprocessTest (2107 ms total)

[----------] 1 test from MemnonIntegrationTest
[ RUN      ] MemnonIntegrationTest.SegmentedInterprocess
Replica 1 connected.
[       OK ] MemnonIntegrationTest.SegmentedInterprocess (2196 ms)
[----------] 1 test from MemnonIntegrationTest (2196 ms total)

[----------] 3 tests from ConsistencyTest
[ RUN      ] ConsistencyTest.TriggerSynchronization
Starting primary...
Primary started.
Starting replica...
Replica started.
Replica 1 connected.
Simulating replica page request 1
Simulating replica page request 2
Replica writing to pages
Primary triggering synchronization
Primary checking consistency
Stopping nodes
Test complete
[       OK ] ConsistencyTest.TriggerSynchronization (2198 ms)
[ RUN      ] ConsistencyTest.ReplicaStopFlushesData
Replica 1 connected.
[       OK ] ConsistencyTest.ReplicaStopFlushesData (2195 ms)
[ RUN      ] ConsistencyTest.PrimaryStopInitiatesHandshake
Replica 1 connected.
[       OK ] ConsistencyTest.PrimaryStopInitiatesHandshake (2094 ms)
[----------] 3 tests from ConsistencyTest (6488 ms total)

[----------] 2 tests from CorrectnessTest
[ RUN      ] CorrectnessTest.MultithreadMultipageCorrectness
Replica 1 connected.
Replica 2 connected.
Replica 3 connected.
[       OK ] CorrectnessTest.MultithreadMultipageCorrectness (44720 ms)
[ RUN      ] CorrectnessTest.MultiprocessMultipageCorrectness
Running main() from /app/build-linux/_deps/googletest-src/googletest/src/gtest_main.cc
Note: Google Test filter = CorrectnessTest.MultiprocessMultipageCorrectness
[==========] Running 1 test from 1 test suite.
[----------] Global test environment set-up.
[----------] 1 test from CorrectnessTest
[ RUN      ] CorrectnessTest.MultiprocessMultipageCorrectness
Replica 1 connected.
Running main() from /app/build-linux/_deps/googletest-src/googletest/src/gtest_main.cc
Note: Google Test filter = CorrectnessTest.MultiprocessMultipageCorrectness
[==========] Running 1 test from 1 test suite.
[----------] Global test environment set-up.
[----------] 1 test from CorrectnessTest
[ RUN      ] CorrectnessTest.MultiprocessMultipageCorrectness
Replica 2 connected.
Running main() from /app/build-linux/_deps/googletest-src/googletest/src/gtest_main.cc
Note: Google Test filter = CorrectnessTest.MultiprocessMultipageCorrectness
[==========] Running 1 test from 1 test suite.
[----------] Global test environment set-up.
[----------] 1 test from CorrectnessTest
[ RUN      ] CorrectnessTest.MultiprocessMultipageCorrectness
Replica 3 connected.
[       OK ] CorrectnessTest.MultiprocessMultipageCorrectness (2171 ms)
[----------] 2 tests from CorrectnessTest (46892 ms total)

[----------] 1 test from DistributedSortTest
[ RUN      ] DistributedSortTest.MultiprocessPiecewiseSort
Running main() from /app/build-linux/_deps/googletest-src/googletest/src/gtest_main.cc
Note: Google Test filter = DistributedSortTest.MultiprocessPiecewiseSort
[==========] Running 1 test from 1 test suite.
[----------] Global test environment set-up.
[----------] 1 test from DistributedSortTest
[ RUN      ] DistributedSortTest.MultiprocessPiecewiseSort
Replica 1 connected.
Running main() from /app/build-linux/_deps/googletest-src/googletest/src/gtest_main.cc
Note: Google Test filter = DistributedSortTest.MultiprocessPiecewiseSort
[==========] Running 1 test from 1 test suite.
[----------] Global test environment set-up.
[----------] 1 test from DistributedSortTest
[ RUN      ] DistributedSortTest.MultiprocessPiecewiseSort
Replica 2 connected.
Running main() from /app/build-linux/_deps/googletest-src/googletest/src/gtest_main.cc
Note: Google Test filter = DistributedSortTest.MultiprocessPiecewiseSort
[==========] Running 1 test from 1 test suite.
[----------] Global test environment set-up.
[----------] 1 test from DistributedSortTest
[ RUN      ] DistributedSortTest.MultiprocessPiecewiseSort
Replica 3 connected.
[Primary] Pages Sent: 14660, Pages Received: 14659 | Avg Transfer Time: 5.3781 us | Avg Time Between Transfers: 214.608 us
[Replica 2] Pages Sent: 5131, Pages Received: 5132 | Avg Transfer Time: 18.6747 us | Avg Time Between Transfers: 3904.21 us
[Replica 3] Pages Sent: 5150, Pages Received: 5151 | Avg Transfer Time: 19.6083 us | Avg Time Between Transfers: 3896.66 us
[Replica 1] Pages Sent: 5089, Pages Received: 5090 | Avg Transfer Time: 16.4881 us | Avg Time Between Transfers: 3955.34 us
[       OK ] DistributedSortTest.MultiprocessPiecewiseSort (22974 ms)
[----------] 1 test from DistributedSortTest (22974 ms total)

[----------] Global test environment tear-down
[==========] 15 tests from 10 test suites ran. (93777 ms total)
[  PASSED  ] 15 tests.
Building Docker image for Geryon Linux tests...
DEPRECATED: The legacy builder is deprecated and will be removed in a future release.
            Install the buildx component to build images with BuildKit:
            https://docs.docker.com/go/buildx/

Sending build context to Docker daemon    160MB
Step 1/6 : FROM ubuntu:24.04
 ---> 4fbb8e6a8395
Step 2/6 : RUN apt-get update && apt-get install -y     build-essential     cmake     git     wget     curl     pkg-config     libboost-system-dev     libboost-thread-dev     libboost-program-options-dev     libboost-test-dev     gdb
 ---> Using cache
 ---> 4caa702ced8d
Step 3/6 : WORKDIR /app
 ---> Using cache
 ---> 0e0bd87b4009
Step 4/6 : COPY . /app
 ---> ef7294841984
Step 5/6 : RUN mkdir -p build-linux && cd build-linux &&     cmake .. -DCMAKE_BUILD_TYPE=Release &&     make -j$(nproc)
 ---> Running in 24d2095fffd7
-- The CXX compiler identification is GNU 13.3.0
-- Detecting CXX compiler ABI info
-- Detecting CXX compiler ABI info - done
-- Check for working CXX compiler: /usr/bin/c++ - skipped
-- Detecting CXX compile features
-- Detecting CXX compile features - done
-- Found Boost: /usr/lib/aarch64-linux-gnu/cmake/Boost-1.83.0/BoostConfig.cmake (found version "1.83.0")  
-- The C compiler identification is GNU 13.3.0
-- Detecting C compiler ABI info
-- Detecting C compiler ABI info - done
-- Check for working C compiler: /usr/bin/cc - skipped
-- Detecting C compile features
-- Detecting C compile features - done
-- Could NOT find Python3 (missing: Python3_EXECUTABLE Interpreter) 
-- Performing Test CMAKE_HAVE_LIBC_PTHREAD
-- Performing Test CMAKE_HAVE_LIBC_PTHREAD - Success
-- Found Threads: TRUE  
-- Found Git: /usr/bin/git (found version "2.43.0") 
-- git version: v1.8.3 normalized to 1.8.3
-- Google Benchmark version: 1.8.3
-- Looking for shm_open in rt
-- Looking for shm_open in rt - found
-- Performing Test HAVE_CXX_FLAG_WALL
-- Performing Test HAVE_CXX_FLAG_WALL - Success
-- Performing Test HAVE_CXX_FLAG_WEXTRA
-- Performing Test HAVE_CXX_FLAG_WEXTRA - Success
-- Performing Test HAVE_CXX_FLAG_WSHADOW
-- Performing Test HAVE_CXX_FLAG_WSHADOW - Success
-- Performing Test HAVE_CXX_FLAG_WFLOAT_EQUAL
-- Performing Test HAVE_CXX_FLAG_WFLOAT_EQUAL - Success
-- Performing Test HAVE_CXX_FLAG_WOLD_STYLE_CAST
-- Performing Test HAVE_CXX_FLAG_WOLD_STYLE_CAST - Success
-- Performing Test HAVE_CXX_FLAG_WERROR
-- Performing Test HAVE_CXX_FLAG_WERROR - Success
-- Performing Test HAVE_CXX_FLAG_WSUGGEST_OVERRIDE
-- Performing Test HAVE_CXX_FLAG_WSUGGEST_OVERRIDE - Success
-- Performing Test HAVE_CXX_FLAG_PEDANTIC
-- Performing Test HAVE_CXX_FLAG_PEDANTIC - Success
-- Performing Test HAVE_CXX_FLAG_PEDANTIC_ERRORS
-- Performing Test HAVE_CXX_FLAG_PEDANTIC_ERRORS - Success
-- Performing Test HAVE_CXX_FLAG_WSHORTEN_64_TO_32
-- Performing Test HAVE_CXX_FLAG_WSHORTEN_64_TO_32 - Failed
-- Performing Test HAVE_CXX_FLAG_FSTRICT_ALIASING
-- Performing Test HAVE_CXX_FLAG_FSTRICT_ALIASING - Success
-- Performing Test HAVE_CXX_FLAG_WNO_DEPRECATED_DECLARATIONS
-- Performing Test HAVE_CXX_FLAG_WNO_DEPRECATED_DECLARATIONS - Success
-- Performing Test HAVE_CXX_FLAG_WNO_DEPRECATED
-- Performing Test HAVE_CXX_FLAG_WNO_DEPRECATED - Success
-- Performing Test HAVE_CXX_FLAG_WSTRICT_ALIASING
-- Performing Test HAVE_CXX_FLAG_WSTRICT_ALIASING - Success
-- Performing Test HAVE_CXX_FLAG_WD654
-- Performing Test HAVE_CXX_FLAG_WD654 - Failed
-- Performing Test HAVE_CXX_FLAG_WTHREAD_SAFETY
-- Performing Test HAVE_CXX_FLAG_WTHREAD_SAFETY - Failed
-- Performing Test HAVE_CXX_FLAG_COVERAGE
-- Performing Test HAVE_CXX_FLAG_COVERAGE - Success
-- Compiling and running to test HAVE_STD_REGEX
-- Performing Test HAVE_STD_REGEX -- success
-- Compiling and running to test HAVE_GNU_POSIX_REGEX
-- Performing Test HAVE_GNU_POSIX_REGEX -- failed to compile
-- Compiling and running to test HAVE_POSIX_REGEX
-- Performing Test HAVE_POSIX_REGEX -- success
-- Compiling and running to test HAVE_STEADY_CLOCK
-- Performing Test HAVE_STEADY_CLOCK -- success
-- Compiling and running to test HAVE_PTHREAD_AFFINITY
-- Performing Test HAVE_PTHREAD_AFFINITY -- success
-- Configuring done (8.1s)
-- Generating done (0.0s)
-- Build files have been written to: /app/build-linux
[  2%] Building CXX object CMakeFiles/geryon.dir/src/memory_region.cpp.o
[  4%] Building CXX object _deps/googletest-build/googletest/CMakeFiles/gtest.dir/src/gtest-all.cc.o
[  6%] Building CXX object CMakeFiles/geryon.dir/src/fault_handler.cpp.o
[91m/app/src/fault_handler.cpp: In member function 'bool geryon::GlobalFaultHandler::handle_fault_from_signal(void*)':
/app/src/fault_handler.cpp:230:18: warning: ignoring return value of 'ssize_t write(int, const void*, size_t)' declared with attribute 'warn_unused_result' [-Wunused-result]
  230 |             write(STDERR_FILENO, errmsg, len);
      |             ~~~~~^~~~~~~~~~~~~~~~~~~~~~~~~~~~
[0m[91m/app/src/fault_handler.cpp:234:22: warning: ignoring return value of 'ssize_t write(int, const void*, size_t)' declared with attribute 'warn_unused_result' [-Wunused-result]
  234 |                 write(STDERR_FILENO, errmsg, len);
      |                 ~~~~~^~~~~~~~~~~~~~~~~~~~~~~~~~~~
[0m[91m/app/src/fault_handler.cpp:236:18: warning: ignoring return value of 'ssize_t write(int, const void*, size_t)' declared with attribute 'warn_unused_result' [-Wunused-result]
  236 |             write(STDERR_FILENO, "\n", 1);
      |             ~~~~~^~~~~~~~~~~~~~~~~~~~~~~~
[0m[91m/app/src/fault_handler.cpp:259:22: warning: ignoring return value of 'ssize_t write(int, const void*, size_t)' declared with attribute 'warn_unused_result' [-Wunused-result]
  259 |                 write(STDERR_FILENO, errmsg, sizeof(errmsg) - 1);
      |                 ~~~~~^~~~~~~~~~~~~~~~~~~~~~~~~~~~~~~~~~~~~~~~~~~
[0m[  8%] Building CXX object CMakeFiles/geryon.dir/src/network_node.cpp.o
[ 10%] Linking CXX static library libgeryon.a
[ 10%] Built target geryon
[ 12%] Building CXX object _deps/benchmark-build/src/CMakeFiles/benchmark.dir/benchmark.cc.o
[ 14%] Linking CXX static library ../../../lib/libgtest.a
[ 14%] Built target gtest
[ 17%] Building CXX object _deps/benchmark-build/src/CMakeFiles/benchmark.dir/benchmark_api_internal.cc.o
[ 19%] Building CXX object _deps/googletest-build/googlemock/CMakeFiles/gmock.dir/src/gmock-all.cc.o
[ 21%] Building CXX object _deps/benchmark-build/src/CMakeFiles/benchmark.dir/benchmark_name.cc.o
[ 23%] Building CXX object _deps/benchmark-build/src/CMakeFiles/benchmark.dir/benchmark_register.cc.o
[ 25%] Linking CXX static library ../../../lib/libgmock.a
[ 25%] Built target gmock
[ 27%] Building CXX object _deps/benchmark-build/src/CMakeFiles/benchmark.dir/benchmark_runner.cc.o
[ 29%] Building CXX object _deps/googletest-build/googletest/CMakeFiles/gtest_main.dir/src/gtest_main.cc.o
[ 31%] Building CXX object _deps/benchmark-build/src/CMakeFiles/benchmark.dir/check.cc.o
[ 34%] Building CXX object _deps/benchmark-build/src/CMakeFiles/benchmark.dir/colorprint.cc.o
[ 36%] Building CXX object _deps/benchmark-build/src/CMakeFiles/benchmark.dir/commandlineflags.cc.o
[ 38%] Linking CXX static library ../../../lib/libgtest_main.a
[ 38%] Built target gtest_main
[ 40%] Building CXX object _deps/benchmark-build/src/CMakeFiles/benchmark.dir/complexity.cc.o
[ 42%] Building CXX object _deps/benchmark-build/src/CMakeFiles/benchmark.dir/console_reporter.cc.o
[ 44%] Building CXX object _deps/googletest-build/googlemock/CMakeFiles/gmock_main.dir/src/gmock_main.cc.o
[ 46%] Building CXX object _deps/benchmark-build/src/CMakeFiles/benchmark.dir/counter.cc.o
[ 48%] Building CXX object _deps/benchmark-build/src/CMakeFiles/benchmark.dir/csv_reporter.cc.o
[ 51%] Building CXX object _deps/benchmark-build/src/CMakeFiles/benchmark.dir/json_reporter.cc.o
[ 53%] Linking CXX static library ../../../lib/libgmock_main.a
[ 53%] Built target gmock_main
[ 55%] Building CXX object tests/CMakeFiles/geryon_tests.dir/test_memory_region.cpp.o
[ 57%] Building CXX object _deps/benchmark-build/src/CMakeFiles/benchmark.dir/perf_counters.cc.o
[ 59%] Building CXX object _deps/benchmark-build/src/CMakeFiles/benchmark.dir/reporter.cc.o
[ 61%] Building CXX object _deps/benchmark-build/src/CMakeFiles/benchmark.dir/statistics.cc.o
[ 63%] Building CXX object tests/CMakeFiles/geryon_tests.dir/test_fault_handler.cpp.o
[ 65%] Building CXX object _deps/benchmark-build/src/CMakeFiles/benchmark.dir/string_util.cc.o
[ 68%] Building CXX object tests/CMakeFiles/geryon_tests.dir/test_network_sync.cpp.o
[ 70%] Building CXX object _deps/benchmark-build/src/CMakeFiles/benchmark.dir/sysinfo.cc.o
[ 72%] Building CXX object _deps/benchmark-build/src/CMakeFiles/benchmark.dir/timers.cc.o
[ 74%] Linking CXX static library libbenchmark.a
[ 74%] Built target benchmark
[ 76%] Building CXX object tests/CMakeFiles/geryon_tests.dir/test_multi_client.cpp.o
[ 78%] Building CXX object tests/CMakeFiles/geryon_tests.dir/test_synchronization.cpp.o
[ 80%] Building CXX object _deps/benchmark-build/src/CMakeFiles/benchmark_main.dir/benchmark_main.cc.o
[ 82%] Linking CXX static library libbenchmark_main.a
[ 82%] Built target benchmark_main
[ 85%] Building CXX object tests/CMakeFiles/geryon_tests.dir/test_interprocess.cpp.o
[ 87%] Building CXX object tests/CMakeFiles/geryon_tests.dir/test_memnon_integration.cpp.o
[ 89%] Building CXX object tests/CMakeFiles/geryon_tests.dir/test_consistency.cpp.o
[ 91%] Building CXX object benchmarks/CMakeFiles/benchmark_page_transfer.dir/benchmark_page_transfer.cpp.o
[ 93%] Building CXX object tests/CMakeFiles/geryon_tests.dir/test_correctness.cpp.o
[ 95%] Linking CXX executable benchmark_page_transfer
[ 95%] Built target benchmark_page_transfer
[ 97%] Building CXX object tests/CMakeFiles/geryon_tests.dir/test_distributed_sort.cpp.o
[91m/app/tests/test_distributed_sort.cpp: In lambda function:
/app/tests/test_distributed_sort.cpp:152:24: warning: ignoring return value of 'int system(const char*)' declared with attribute 'warn_unused_result' [-Wunused-result]
  152 |             std::system(cmd.c_str());
      |             ~~~~~~~~~~~^~~~~~~~~~~~~
[0m[100%] Linking CXX executable geryon_tests
[100%] Built target geryon_tests
 ---> Removed intermediate container 24d2095fffd7
 ---> 5600d685c51c
Step 6/6 : CMD ["./build-linux/tests/geryon_tests"]
 ---> Running in 7bcc9fb3083a
 ---> Removed intermediate container 7bcc9fb3083a
 ---> b29d6c09cbfb
Successfully built b29d6c09cbfb
Successfully tagged geryon-linux-tests:latest
Running tests in Docker container...
Running main() from /app/build-linux/_deps/googletest-src/googletest/src/gtest_main.cc
[==========] Running 15 tests from 10 test suites.
[----------] Global test environment set-up.
[----------] 2 tests from MemoryRegionTest
[ RUN      ] MemoryRegionTest.AllocationAndPageSize
[       OK ] MemoryRegionTest.AllocationAndPageSize (0 ms)
[ RUN      ] MemoryRegionTest.ProtectionChanges
[       OK ] MemoryRegionTest.ProtectionChanges (24 ms)
[----------] 2 tests from MemoryRegionTest (24 ms total)

[----------] 1 test from FaultHandlerTest
[ RUN      ] FaultHandlerTest.SoftFaultHandling
[       OK ] FaultHandlerTest.SoftFaultHandling (0 ms)
[----------] 1 test from FaultHandlerTest (0 ms total)

[----------] 2 tests from NetworkSyncTest
[ RUN      ] NetworkSyncTest.BouncingOwnership
Replica 1 connected.
[       OK ] NetworkSyncTest.BouncingOwnership (2105 ms)
[ RUN      ] NetworkSyncTest.StressTest
Replica 1 connected.
[       OK ] NetworkSyncTest.StressTest (2206 ms)
[----------] 2 tests from NetworkSyncTest (4311 ms total)

[----------] 1 test from MultiClientTest
[ RUN      ] MultiClientTest.StarTopologyBouncing
Replica 1 connected.
Replica 2 connected.
Replica 3 connected.
[       OK ] MultiClientTest.StarTopologyBouncing (6530 ms)
[----------] 1 test from MultiClientTest (6530 ms total)

[----------] 1 test from SynchronizationTest
[ RUN      ] SynchronizationTest.DistributedSpinLock
Replica 1 connected.
Primary finished.
Replica finished.
[       OK ] SynchronizationTest.DistributedSpinLock (2271 ms)
[----------] 1 test from SynchronizationTest (2271 ms total)

[----------] 1 test from InterprocessTest
[ RUN      ] InterprocessTest.SharedVector
Replica 1 connected.
[       OK ] InterprocessTest.SharedVector (2105 ms)
[----------] 1 test from InterprocessTest (2106 ms total)

[----------] 1 test from MemnonIntegrationTest
[ RUN      ] MemnonIntegrationTest.SegmentedInterprocess
Replica 1 connected.
[       OK ] MemnonIntegrationTest.SegmentedInterprocess (2196 ms)
[----------] 1 test from MemnonIntegrationTest (2196 ms total)

[----------] 3 tests from ConsistencyTest
[ RUN      ] ConsistencyTest.TriggerSynchronization
Starting primary...
Primary started.
Starting replica...
Replica started.
Replica 1 connected.
Simulating replica page request 1
Simulating replica page request 2
Replica writing to pages
Primary triggering synchronization
Primary checking consistency
Stopping nodes
Test complete
[       OK ] ConsistencyTest.TriggerSynchronization (2200 ms)
[ RUN      ] ConsistencyTest.ReplicaStopFlushesData
Replica 1 connected.
[       OK ] ConsistencyTest.ReplicaStopFlushesData (2198 ms)
[ RUN      ] ConsistencyTest.PrimaryStopInitiatesHandshake
Replica 1 connected.
[       OK ] ConsistencyTest.PrimaryStopInitiatesHandshake (2095 ms)
[----------] 3 tests from ConsistencyTest (6495 ms total)

[----------] 2 tests from CorrectnessTest
[ RUN      ] CorrectnessTest.MultithreadMultipageCorrectness
Replica 1 connected.
Replica 2 connected.
Replica 3 connected.
[       OK ] CorrectnessTest.MultithreadMultipageCorrectness (20397 ms)
[ RUN      ] CorrectnessTest.MultiprocessMultipageCorrectness
Running main() from /app/build-linux/_deps/googletest-src/googletest/src/gtest_main.cc
Note: Google Test filter = CorrectnessTest.MultiprocessMultipageCorrectness
[==========] Running 1 test from 1 test suite.
[----------] Global test environment set-up.
[----------] 1 test from CorrectnessTest
[ RUN      ] CorrectnessTest.MultiprocessMultipageCorrectness
Replica 1 connected.
Running main() from /app/build-linux/_deps/googletest-src/googletest/src/gtest_main.cc
Note: Google Test filter = CorrectnessTest.MultiprocessMultipageCorrectness
[==========] Running 1 test from 1 test suite.
[----------] Global test environment set-up.
[----------] 1 test from CorrectnessTest
[ RUN      ] CorrectnessTest.MultiprocessMultipageCorrectness
Replica 2 connected.
Running main() from /app/build-linux/_deps/googletest-src/googletest/src/gtest_main.cc
Note: Google Test filter = CorrectnessTest.MultiprocessMultipageCorrectness
[==========] Running 1 test from 1 test suite.
[----------] Global test environment set-up.
[----------] 1 test from CorrectnessTest
[ RUN      ] CorrectnessTest.MultiprocessMultipageCorrectness
Replica 3 connected.
[       OK ] CorrectnessTest.MultiprocessMultipageCorrectness (2173 ms)
[----------] 2 tests from CorrectnessTest (22571 ms total)

[----------] 1 test from DistributedSortTest
[ RUN      ] DistributedSortTest.MultiprocessPiecewiseSort
Running main() from /app/build-linux/_deps/googletest-src/googletest/src/gtest_main.cc
Note: Google Test filter = DistributedSortTest.MultiprocessPiecewiseSort
[==========] Running 1 test from 1 test suite.
[----------] Global test environment set-up.
[----------] 1 test from DistributedSortTest
[ RUN      ] DistributedSortTest.MultiprocessPiecewiseSort
Replica 1 connected.
Running main() from /app/build-linux/_deps/googletest-src/googletest/src/gtest_main.cc
Note: Google Test filter = DistributedSortTest.MultiprocessPiecewiseSort
[==========] Running 1 test from 1 test suite.
[----------] Global test environment set-up.
[----------] 1 test from DistributedSortTest
[ RUN      ] DistributedSortTest.MultiprocessPiecewiseSort
Replica 2 connected.
Running main() from /app/build-linux/_deps/googletest-src/googletest/src/gtest_main.cc
Note: Google Test filter = DistributedSortTest.MultiprocessPiecewiseSort
[==========] Running 1 test from 1 test suite.
[----------] Global test environment set-up.
[----------] 1 test from DistributedSortTest
[ RUN      ] DistributedSortTest.MultiprocessPiecewiseSort
Replica 3 connected.
[Primary] Pages Sent: 14660, Pages Received: 14659 | Avg Transfer Time: 4.47408 us | Avg Time Between Transfers: 213.749 us
[Replica 1] Pages Sent: 5161, Pages Received: 5162 | Avg Transfer Time: 20.6975 us | Avg Time Between Transfers: 4591.23 us
[Replica 2] Pages Sent: 5216, Pages Received: 5217 | Avg Transfer Time: 27.7832 us | Avg Time Between Transfers: 4543.32 us
[Replica 3] Pages Sent: 5224, Pages Received: 5225 | Avg Transfer Time: 26.7452 us | Avg Time Between Transfers: 4545.23 us
[       OK ] DistributedSortTest.MultiprocessPiecewiseSort (26660 ms)
[----------] 1 test from DistributedSortTest (26660 ms total)

[----------] Global test environment tear-down
[==========] 15 tests from 10 test suites ran. (73168 ms total)
[  PASSED  ] 15 tests.
Building Docker image for Geryon Linux tests...
DEPRECATED: The legacy builder is deprecated and will be removed in a future release.
            Install the buildx component to build images with BuildKit:
            https://docs.docker.com/go/buildx/

Sending build context to Docker daemon    160MB
Step 1/6 : FROM ubuntu:24.04
 ---> 4fbb8e6a8395
Step 2/6 : RUN apt-get update && apt-get install -y     build-essential     cmake     git     wget     curl     pkg-config     libboost-system-dev     libboost-thread-dev     libboost-program-options-dev     libboost-test-dev     gdb
 ---> Using cache
 ---> 4caa702ced8d
Step 3/6 : WORKDIR /app
 ---> Using cache
 ---> 0e0bd87b4009
Step 4/6 : COPY . /app
 ---> 9acc6467475d
Step 5/6 : RUN mkdir -p build-linux && cd build-linux &&     cmake .. -DCMAKE_BUILD_TYPE=Release &&     make -j$(nproc)
 ---> Running in f0468f44e1cb
-- The CXX compiler identification is GNU 13.3.0
-- Detecting CXX compiler ABI info
-- Detecting CXX compiler ABI info - done
-- Check for working CXX compiler: /usr/bin/c++ - skipped
-- Detecting CXX compile features
-- Detecting CXX compile features - done
-- Found Boost: /usr/lib/aarch64-linux-gnu/cmake/Boost-1.83.0/BoostConfig.cmake (found version "1.83.0")  
-- The C compiler identification is GNU 13.3.0
-- Detecting C compiler ABI info
-- Detecting C compiler ABI info - done
-- Check for working C compiler: /usr/bin/cc - skipped
-- Detecting C compile features
-- Detecting C compile features - done
-- Could NOT find Python3 (missing: Python3_EXECUTABLE Interpreter) 
-- Performing Test CMAKE_HAVE_LIBC_PTHREAD
-- Performing Test CMAKE_HAVE_LIBC_PTHREAD - Success
-- Found Threads: TRUE  
-- Found Git: /usr/bin/git (found version "2.43.0") 
-- git version: v1.8.3 normalized to 1.8.3
-- Google Benchmark version: 1.8.3
-- Looking for shm_open in rt
-- Looking for shm_open in rt - found
-- Performing Test HAVE_CXX_FLAG_WALL
-- Performing Test HAVE_CXX_FLAG_WALL - Success
-- Performing Test HAVE_CXX_FLAG_WEXTRA
-- Performing Test HAVE_CXX_FLAG_WEXTRA - Success
-- Performing Test HAVE_CXX_FLAG_WSHADOW
-- Performing Test HAVE_CXX_FLAG_WSHADOW - Success
-- Performing Test HAVE_CXX_FLAG_WFLOAT_EQUAL
-- Performing Test HAVE_CXX_FLAG_WFLOAT_EQUAL - Success
-- Performing Test HAVE_CXX_FLAG_WOLD_STYLE_CAST
-- Performing Test HAVE_CXX_FLAG_WOLD_STYLE_CAST - Success
-- Performing Test HAVE_CXX_FLAG_WERROR
-- Performing Test HAVE_CXX_FLAG_WERROR - Success
-- Performing Test HAVE_CXX_FLAG_WSUGGEST_OVERRIDE
-- Performing Test HAVE_CXX_FLAG_WSUGGEST_OVERRIDE - Success
-- Performing Test HAVE_CXX_FLAG_PEDANTIC
-- Performing Test HAVE_CXX_FLAG_PEDANTIC - Success
-- Performing Test HAVE_CXX_FLAG_PEDANTIC_ERRORS
-- Performing Test HAVE_CXX_FLAG_PEDANTIC_ERRORS - Success
-- Performing Test HAVE_CXX_FLAG_WSHORTEN_64_TO_32
-- Performing Test HAVE_CXX_FLAG_WSHORTEN_64_TO_32 - Failed
-- Performing Test HAVE_CXX_FLAG_FSTRICT_ALIASING
-- Performing Test HAVE_CXX_FLAG_FSTRICT_ALIASING - Success
-- Performing Test HAVE_CXX_FLAG_WNO_DEPRECATED_DECLARATIONS
-- Performing Test HAVE_CXX_FLAG_WNO_DEPRECATED_DECLARATIONS - Success
-- Performing Test HAVE_CXX_FLAG_WNO_DEPRECATED
-- Performing Test HAVE_CXX_FLAG_WNO_DEPRECATED - Success
-- Performing Test HAVE_CXX_FLAG_WSTRICT_ALIASING
-- Performing Test HAVE_CXX_FLAG_WSTRICT_ALIASING - Success
-- Performing Test HAVE_CXX_FLAG_WD654
-- Performing Test HAVE_CXX_FLAG_WD654 - Failed
-- Performing Test HAVE_CXX_FLAG_WTHREAD_SAFETY
-- Performing Test HAVE_CXX_FLAG_WTHREAD_SAFETY - Failed
-- Performing Test HAVE_CXX_FLAG_COVERAGE
-- Performing Test HAVE_CXX_FLAG_COVERAGE - Success
-- Compiling and running to test HAVE_STD_REGEX
-- Performing Test HAVE_STD_REGEX -- success
-- Compiling and running to test HAVE_GNU_POSIX_REGEX
-- Performing Test HAVE_GNU_POSIX_REGEX -- failed to compile
-- Compiling and running to test HAVE_POSIX_REGEX
-- Performing Test HAVE_POSIX_REGEX -- success
-- Compiling and running to test HAVE_STEADY_CLOCK
-- Performing Test HAVE_STEADY_CLOCK -- success
-- Compiling and running to test HAVE_PTHREAD_AFFINITY
-- Performing Test HAVE_PTHREAD_AFFINITY -- success
-- Configuring done (8.1s)
-- Generating done (0.0s)
-- Build files have been written to: /app/build-linux
[  4%] Building CXX object CMakeFiles/geryon.dir/src/memory_region.cpp.o
[  4%] Building CXX object _deps/googletest-build/googletest/CMakeFiles/gtest.dir/src/gtest-all.cc.o
[  6%] Building CXX object CMakeFiles/geryon.dir/src/fault_handler.cpp.o
[91m/app/src/fault_handler.cpp: In member function 'bool geryon::GlobalFaultHandler::handle_fault_from_signal(void*)':
/app/src/fault_handler.cpp:230:18: warning: ignoring return value of 'ssize_t write(int, const void*, size_t)' declared with attribute 'warn_unused_result' [-Wunused-result]
  230 |             write(STDERR_FILENO, errmsg, len);
      |             ~~~~~^~~~~~~~~~~~~~~~~~~~~~~~~~~~
/app/src/fault_handler.cpp:234:22: warning: ignoring return value of 'ssize_t write(int, const void*, size_t)' declared with attribute 'warn_unused_result' [-Wunused-result]
  234 |                 write(STDERR_FILENO, errmsg, len);
      |                 ~~~~~^~~~~~~~~~~~~~~~~~~~~~~~~~~~
/app/src/fault_handler.cpp:236:18: warning: ignoring return value of 'ssize_t write(int, const void*, size_t)' declared with attribute 'warn_unused_result' [-Wunused-result]
  236 |             write(STDERR_FILENO, "\n", 1);
      |             ~~~~~^~~~~~~~~~~~~~~~~~~~~~~~
/app/src/fault_handler.cpp:259:22: warning: ignoring return value of 'ssize_t write(int, const void*, size_t)' declared with attribute 'warn_unused_result' [-Wunused-result]
  259 |                 write(STDERR_FILENO, errmsg, sizeof(errmsg) - 1);
      |                 ~~~~~^~~~~~~~~~~~~~~~~~~~~~~~~~~~~~~~~~~~~~~~~~~
[0m[  8%] Building CXX object CMakeFiles/geryon.dir/src/network_node.cpp.o
[ 10%] Linking CXX static library libgeryon.a
[ 10%] Built target geryon
[ 12%] Building CXX object _deps/benchmark-build/src/CMakeFiles/benchmark.dir/benchmark.cc.o
[ 14%] Linking CXX static library ../../../lib/libgtest.a
[ 14%] Built target gtest
[ 17%] Building CXX object _deps/benchmark-build/src/CMakeFiles/benchmark.dir/benchmark_api_internal.cc.o
[ 19%] Building CXX object _deps/benchmark-build/src/CMakeFiles/benchmark.dir/benchmark_name.cc.o
[ 21%] Building CXX object _deps/benchmark-build/src/CMakeFiles/benchmark.dir/benchmark_register.cc.o
[ 23%] Building CXX object _deps/googletest-build/googlemock/CMakeFiles/gmock.dir/src/gmock-all.cc.o
[ 25%] Linking CXX static library ../../../lib/libgmock.a
[ 25%] Built target gmock
[ 27%] Building CXX object _deps/benchmark-build/src/CMakeFiles/benchmark.dir/benchmark_runner.cc.o
[ 29%] Building CXX object _deps/googletest-build/googletest/CMakeFiles/gtest_main.dir/src/gtest_main.cc.o
[ 31%] Building CXX object _deps/benchmark-build/src/CMakeFiles/benchmark.dir/check.cc.o
[ 34%] Building CXX object _deps/benchmark-build/src/CMakeFiles/benchmark.dir/colorprint.cc.o
[ 36%] Linking CXX static library ../../../lib/libgtest_main.a
[ 36%] Built target gtest_main
[ 38%] Building CXX object _deps/benchmark-build/src/CMakeFiles/benchmark.dir/commandlineflags.cc.o
[ 40%] Building CXX object _deps/benchmark-build/src/CMakeFiles/benchmark.dir/complexity.cc.o
[ 42%] Building CXX object _deps/googletest-build/googlemock/CMakeFiles/gmock_main.dir/src/gmock_main.cc.o
[ 44%] Building CXX object _deps/benchmark-build/src/CMakeFiles/benchmark.dir/console_reporter.cc.o
[ 46%] Building CXX object _deps/benchmark-build/src/CMakeFiles/benchmark.dir/counter.cc.o
[ 48%] Linking CXX static library ../../../lib/libgmock_main.a
[ 48%] Built target gmock_main
[ 51%] Building CXX object _deps/benchmark-build/src/CMakeFiles/benchmark.dir/csv_reporter.cc.o
[ 53%] Building CXX object tests/CMakeFiles/geryon_tests.dir/test_memory_region.cpp.o
[ 55%] Building CXX object _deps/benchmark-build/src/CMakeFiles/benchmark.dir/json_reporter.cc.o
[ 57%] Building CXX object _deps/benchmark-build/src/CMakeFiles/benchmark.dir/perf_counters.cc.o
[ 59%] Building CXX object tests/CMakeFiles/geryon_tests.dir/test_fault_handler.cpp.o
[ 61%] Building CXX object _deps/benchmark-build/src/CMakeFiles/benchmark.dir/reporter.cc.o
[ 63%] Building CXX object _deps/benchmark-build/src/CMakeFiles/benchmark.dir/statistics.cc.o
[ 65%] Building CXX object tests/CMakeFiles/geryon_tests.dir/test_network_sync.cpp.o
[ 68%] Building CXX object _deps/benchmark-build/src/CMakeFiles/benchmark.dir/string_util.cc.o
[ 70%] Building CXX object _deps/benchmark-build/src/CMakeFiles/benchmark.dir/sysinfo.cc.o
[ 72%] Building CXX object _deps/benchmark-build/src/CMakeFiles/benchmark.dir/timers.cc.o
[ 74%] Linking CXX static library libbenchmark.a
[ 74%] Built target benchmark
[ 76%] Building CXX object tests/CMakeFiles/geryon_tests.dir/test_multi_client.cpp.o
[ 78%] Building CXX object tests/CMakeFiles/geryon_tests.dir/test_synchronization.cpp.o
[ 80%] Building CXX object tests/CMakeFiles/geryon_tests.dir/test_interprocess.cpp.o
[ 82%] Building CXX object _deps/benchmark-build/src/CMakeFiles/benchmark_main.dir/benchmark_main.cc.o
[ 85%] Linking CXX static library libbenchmark_main.a
[ 85%] Built target benchmark_main
[ 87%] Building CXX object tests/CMakeFiles/geryon_tests.dir/test_memnon_integration.cpp.o
[ 89%] Building CXX object tests/CMakeFiles/geryon_tests.dir/test_consistency.cpp.o
[ 91%] Building CXX object benchmarks/CMakeFiles/benchmark_page_transfer.dir/benchmark_page_transfer.cpp.o
[ 93%] Building CXX object tests/CMakeFiles/geryon_tests.dir/test_correctness.cpp.o
[ 95%] Linking CXX executable benchmark_page_transfer
[ 95%] Built target benchmark_page_transfer
[ 97%] Building CXX object tests/CMakeFiles/geryon_tests.dir/test_distributed_sort.cpp.o
[91m/app/tests/test_distributed_sort.cpp: In lambda function:
/app/tests/test_distributed_sort.cpp:152:24: warning: ignoring return value of 'int system(const char*)' declared with attribute 'warn_unused_result' [-Wunused-result]
  152 |             std::system(cmd.c_str());
      |             ~~~~~~~~~~~^~~~~~~~~~~~~
[0m[100%] Linking CXX executable geryon_tests
[100%] Built target geryon_tests
 ---> Removed intermediate container f0468f44e1cb
 ---> 2096edbbecc7
Step 6/6 : CMD ["./build-linux/tests/geryon_tests"]
 ---> Running in 3c38308de933
 ---> Removed intermediate container 3c38308de933
 ---> 660458b27e7f
Successfully built 660458b27e7f
Successfully tagged geryon-linux-tests:latest
Running tests in Docker container...
Running main() from /app/build-linux/_deps/googletest-src/googletest/src/gtest_main.cc
[==========] Running 15 tests from 10 test suites.
[----------] Global test environment set-up.
[----------] 2 tests from MemoryRegionTest
[ RUN      ] MemoryRegionTest.AllocationAndPageSize
[       OK ] MemoryRegionTest.AllocationAndPageSize (0 ms)
[ RUN      ] MemoryRegionTest.ProtectionChanges
[       OK ] MemoryRegionTest.ProtectionChanges (3 ms)
[----------] 2 tests from MemoryRegionTest (3 ms total)

[----------] 1 test from FaultHandlerTest
[ RUN      ] FaultHandlerTest.SoftFaultHandling
[       OK ] FaultHandlerTest.SoftFaultHandling (0 ms)
[----------] 1 test from FaultHandlerTest (0 ms total)

[----------] 2 tests from NetworkSyncTest
[ RUN      ] NetworkSyncTest.BouncingOwnership
Replica 1 connected.
[       OK ] NetworkSyncTest.BouncingOwnership (2104 ms)
[ RUN      ] NetworkSyncTest.StressTest
Replica 1 connected.
[       OK ] NetworkSyncTest.StressTest (2207 ms)
[----------] 2 tests from NetworkSyncTest (4312 ms total)

[----------] 1 test from MultiClientTest
[ RUN      ] MultiClientTest.StarTopologyBouncing
Replica 1 connected.
Replica 2 connected.
Replica 3 connected.
[       OK ] MultiClientTest.StarTopologyBouncing (6526 ms)
[----------] 1 test from MultiClientTest (6526 ms total)

[----------] 1 test from SynchronizationTest
[ RUN      ] SynchronizationTest.DistributedSpinLock
Replica 1 connected.
Primary finished.
Replica finished.
[       OK ] SynchronizationTest.DistributedSpinLock (2269 ms)
[----------] 1 test from SynchronizationTest (2269 ms total)

[----------] 1 test from InterprocessTest
[ RUN      ] InterprocessTest.SharedVector
Replica 1 connected.
[       OK ] InterprocessTest.SharedVector (2104 ms)
[----------] 1 test from InterprocessTest (2104 ms total)

[----------] 1 test from MemnonIntegrationTest
[ RUN      ] MemnonIntegrationTest.SegmentedInterprocess
Replica 1 connected.
[       OK ] MemnonIntegrationTest.SegmentedInterprocess (2199 ms)
[----------] 1 test from MemnonIntegrationTest (2199 ms total)

[----------] 3 tests from ConsistencyTest
[ RUN      ] ConsistencyTest.TriggerSynchronization
Starting primary...
Primary started.
Starting replica...
Replica started.
Replica 1 connected.
Simulating replica page request 1
Simulating replica page request 2
Replica writing to pages
Primary triggering synchronization
Primary checking consistency
Stopping nodes
Test complete
[       OK ] ConsistencyTest.TriggerSynchronization (2196 ms)
[ RUN      ] ConsistencyTest.ReplicaStopFlushesData
Replica 1 connected.
[       OK ] ConsistencyTest.ReplicaStopFlushesData (2198 ms)
[ RUN      ] ConsistencyTest.PrimaryStopInitiatesHandshake
Replica 1 connected.
[       OK ] ConsistencyTest.PrimaryStopInitiatesHandshake (2092 ms)
[----------] 3 tests from ConsistencyTest (6488 ms total)

[----------] 2 tests from CorrectnessTest
[ RUN      ] CorrectnessTest.MultithreadMultipageCorrectness
Replica 1 connected.
Replica 2 connected.
Replica 3 connected.
[       OK ] CorrectnessTest.MultithreadMultipageCorrectness (27983 ms)
[ RUN      ] CorrectnessTest.MultiprocessMultipageCorrectness
Running main() from /app/build-linux/_deps/googletest-src/googletest/src/gtest_main.cc
Note: Google Test filter = CorrectnessTest.MultiprocessMultipageCorrectness
[==========] Running 1 test from 1 test suite.
[----------] Global test environment set-up.
[----------] 1 test from CorrectnessTest
[ RUN      ] CorrectnessTest.MultiprocessMultipageCorrectness
Replica 1 connected.
Running main() from /app/build-linux/_deps/googletest-src/googletest/src/gtest_main.cc
Note: Google Test filter = CorrectnessTest.MultiprocessMultipageCorrectness
[==========] Running 1 test from 1 test suite.
[----------] Global test environment set-up.
[----------] 1 test from CorrectnessTest
[ RUN      ] CorrectnessTest.MultiprocessMultipageCorrectness
Replica 2 connected.
Running main() from /app/build-linux/_deps/googletest-src/googletest/src/gtest_main.cc
Note: Google Test filter = CorrectnessTest.MultiprocessMultipageCorrectness
[==========] Running 1 test from 1 test suite.
[----------] Global test environment set-up.
[----------] 1 test from CorrectnessTest
[ RUN      ] CorrectnessTest.MultiprocessMultipageCorrectness
Replica 3 connected.
[       OK ] CorrectnessTest.MultiprocessMultipageCorrectness (2170 ms)
[----------] 2 tests from CorrectnessTest (30154 ms total)

[----------] 1 test from DistributedSortTest
[ RUN      ] DistributedSortTest.MultiprocessPiecewiseSort
Running main() from /app/build-linux/_deps/googletest-src/googletest/src/gtest_main.cc
Note: Google Test filter = DistributedSortTest.MultiprocessPiecewiseSort
[==========] Running 1 test from 1 test suite.
[----------] Global test environment set-up.
[----------] 1 test from DistributedSortTest
[ RUN      ] DistributedSortTest.MultiprocessPiecewiseSort
Replica 1 connected.
Running main() from /app/build-linux/_deps/googletest-src/googletest/src/gtest_main.cc
Note: Google Test filter = DistributedSortTest.MultiprocessPiecewiseSort
[==========] Running 1 test from 1 test suite.
[----------] Global test environment set-up.
[----------] 1 test from DistributedSortTest
[ RUN      ] DistributedSortTest.MultiprocessPiecewiseSort
Replica 2 connected.
Running main() from /app/build-linux/_deps/googletest-src/googletest/src/gtest_main.cc
Note: Google Test filter = DistributedSortTest.MultiprocessPiecewiseSort
[==========] Running 1 test from 1 test suite.
[----------] Global test environment set-up.
[----------] 1 test from DistributedSortTest
[ RUN      ] DistributedSortTest.MultiprocessPiecewiseSort
Replica 3 connected.
[Primary] Pages Sent: 14660, Pages Received: 14659 | Avg Transfer Time: 4.62401 us | Avg Time Between Transfers: 213.998 us
[Replica 3] Pages Sent: 5168, Pages Received: 5169 | Avg Transfer Time: 22.5087 us | Avg Time Between Transfers: 4972.04 us
[Replica 2] Pages Sent: 5157, Pages Received: 5158 | Avg Transfer Time: 20.8745 us | Avg Time Between Transfers: 4992.55 us
[       OK ] DistributedSortTest.MultiprocessPiecewiseSort (28581 ms)
[----------] 1 test from DistributedSortTest (28581 ms total)

[----------] Global test environment tear-down
[==========] 15 tests from 10 test suites ran. (82640 ms total)
[  PASSED  ] 15 tests.
Building Docker image for Geryon Linux tests...
DEPRECATED: The legacy builder is deprecated and will be removed in a future release.
            Install the buildx component to build images with BuildKit:
            https://docs.docker.com/go/buildx/

Sending build context to Docker daemon    160MB
Step 1/6 : FROM ubuntu:24.04
 ---> 4fbb8e6a8395
Step 2/6 : RUN apt-get update && apt-get install -y     build-essential     cmake     git     wget     curl     pkg-config     libboost-system-dev     libboost-thread-dev     libboost-program-options-dev     libboost-test-dev     gdb
 ---> Using cache
 ---> 4caa702ced8d
Step 3/6 : WORKDIR /app
 ---> Using cache
 ---> 0e0bd87b4009
Step 4/6 : COPY . /app
 ---> a35303dc416d
Step 5/6 : RUN mkdir -p build-linux && cd build-linux &&     cmake .. -DCMAKE_BUILD_TYPE=Release &&     make -j$(nproc)
 ---> Running in c89e93b1675f
-- The CXX compiler identification is GNU 13.3.0
-- Detecting CXX compiler ABI info
-- Detecting CXX compiler ABI info - done
-- Check for working CXX compiler: /usr/bin/c++ - skipped
-- Detecting CXX compile features
-- Detecting CXX compile features - done
-- Found Boost: /usr/lib/aarch64-linux-gnu/cmake/Boost-1.83.0/BoostConfig.cmake (found version "1.83.0")  
-- The C compiler identification is GNU 13.3.0
-- Detecting C compiler ABI info
-- Detecting C compiler ABI info - done
-- Check for working C compiler: /usr/bin/cc - skipped
-- Detecting C compile features
-- Detecting C compile features - done
-- Could NOT find Python3 (missing: Python3_EXECUTABLE Interpreter) 
-- Performing Test CMAKE_HAVE_LIBC_PTHREAD
-- Performing Test CMAKE_HAVE_LIBC_PTHREAD - Success
-- Found Threads: TRUE  
-- Found Git: /usr/bin/git (found version "2.43.0") 
-- git version: v1.8.3 normalized to 1.8.3
-- Google Benchmark version: 1.8.3
-- Looking for shm_open in rt
-- Looking for shm_open in rt - found
-- Performing Test HAVE_CXX_FLAG_WALL
-- Performing Test HAVE_CXX_FLAG_WALL - Success
-- Performing Test HAVE_CXX_FLAG_WEXTRA
-- Performing Test HAVE_CXX_FLAG_WEXTRA - Success
-- Performing Test HAVE_CXX_FLAG_WSHADOW
-- Performing Test HAVE_CXX_FLAG_WSHADOW - Success
-- Performing Test HAVE_CXX_FLAG_WFLOAT_EQUAL
-- Performing Test HAVE_CXX_FLAG_WFLOAT_EQUAL - Success
-- Performing Test HAVE_CXX_FLAG_WOLD_STYLE_CAST
-- Performing Test HAVE_CXX_FLAG_WOLD_STYLE_CAST - Success
-- Performing Test HAVE_CXX_FLAG_WERROR
-- Performing Test HAVE_CXX_FLAG_WERROR - Success
-- Performing Test HAVE_CXX_FLAG_WSUGGEST_OVERRIDE
-- Performing Test HAVE_CXX_FLAG_WSUGGEST_OVERRIDE - Success
-- Performing Test HAVE_CXX_FLAG_PEDANTIC
-- Performing Test HAVE_CXX_FLAG_PEDANTIC - Success
-- Performing Test HAVE_CXX_FLAG_PEDANTIC_ERRORS
-- Performing Test HAVE_CXX_FLAG_PEDANTIC_ERRORS - Success
-- Performing Test HAVE_CXX_FLAG_WSHORTEN_64_TO_32
-- Performing Test HAVE_CXX_FLAG_WSHORTEN_64_TO_32 - Failed
-- Performing Test HAVE_CXX_FLAG_FSTRICT_ALIASING
-- Performing Test HAVE_CXX_FLAG_FSTRICT_ALIASING - Success
-- Performing Test HAVE_CXX_FLAG_WNO_DEPRECATED_DECLARATIONS
-- Performing Test HAVE_CXX_FLAG_WNO_DEPRECATED_DECLARATIONS - Success
-- Performing Test HAVE_CXX_FLAG_WNO_DEPRECATED
-- Performing Test HAVE_CXX_FLAG_WNO_DEPRECATED - Success
-- Performing Test HAVE_CXX_FLAG_WSTRICT_ALIASING
-- Performing Test HAVE_CXX_FLAG_WSTRICT_ALIASING - Success
-- Performing Test HAVE_CXX_FLAG_WD654
-- Performing Test HAVE_CXX_FLAG_WD654 - Failed
-- Performing Test HAVE_CXX_FLAG_WTHREAD_SAFETY
-- Performing Test HAVE_CXX_FLAG_WTHREAD_SAFETY - Failed
-- Performing Test HAVE_CXX_FLAG_COVERAGE
-- Performing Test HAVE_CXX_FLAG_COVERAGE - Success
-- Compiling and running to test HAVE_STD_REGEX
-- Performing Test HAVE_STD_REGEX -- success
-- Compiling and running to test HAVE_GNU_POSIX_REGEX
-- Performing Test HAVE_GNU_POSIX_REGEX -- failed to compile
-- Compiling and running to test HAVE_POSIX_REGEX
-- Performing Test HAVE_POSIX_REGEX -- success
-- Compiling and running to test HAVE_STEADY_CLOCK
-- Performing Test HAVE_STEADY_CLOCK -- success
-- Compiling and running to test HAVE_PTHREAD_AFFINITY
-- Performing Test HAVE_PTHREAD_AFFINITY -- success
-- Configuring done (8.8s)
-- Generating done (0.0s)
-- Build files have been written to: /app/build-linux
[  2%] Building CXX object _deps/googletest-build/googletest/CMakeFiles/gtest.dir/src/gtest-all.cc.o
[  4%] Building CXX object CMakeFiles/geryon.dir/src/memory_region.cpp.o
[  6%] Building CXX object CMakeFiles/geryon.dir/src/fault_handler.cpp.o
[91m/app/src/fault_handler.cpp: In member function 'bool geryon::GlobalFaultHandler::handle_fault_from_signal(void*)':
/app/src/fault_handler.cpp:230:18: warning: ignoring return value of 'ssize_t write(int, const void*, size_t)' declared with attribute 'warn_unused_result' [-Wunused-result]
  230 |             write(STDERR_FILENO, errmsg, len);
      |             ~~~~~^~~~~~~~~~~~~~~~~~~~~~~~~~~~
/app/src/fault_handler.cpp:234:22: warning: ignoring return value of 'ssize_t write(int, const void*, size_t)' declared with attribute 'warn_unused_result' [-Wunused-result]
  234 |                 write(STDERR_FILENO, errmsg, len);
      |                 ~~~~~^~~~~~~~~~~~~~~~~~~~~~~~~~~~
/app/src/fault_handler.cpp:236:18: warning: ignoring return value of 'ssize_t write(int, const void*, size_t)' declared with attribute 'warn_unused_result' [-Wunused-result]
  236 |             write(STDERR_FILENO, "\n", 1);
      |             ~~~~~^~~~~~~~~~~~~~~~~~~~~~~~
/app/src/fault_handler.cpp:259:22: warning: ignoring return value of 'ssize_t write(int, const void*, size_t)' declared with attribute 'warn_unused_result' [-Wunused-result]
  259 |                 write(STDERR_FILENO, errmsg, sizeof(errmsg) - 1);
      |                 ~~~~~^~~~~~~~~~~~~~~~~~~~~~~~~~~~~~~~~~~~~~~~~~~
[0m[  8%] Building CXX object CMakeFiles/geryon.dir/src/network_node.cpp.o
[ 10%] Linking CXX static library libgeryon.a
[ 10%] Built target geryon
[ 12%] Building CXX object _deps/benchmark-build/src/CMakeFiles/benchmark.dir/benchmark.cc.o
[ 14%] Linking CXX static library ../../../lib/libgtest.a
[ 14%] Built target gtest
[ 17%] Building CXX object _deps/benchmark-build/src/CMakeFiles/benchmark.dir/benchmark_api_internal.cc.o
[ 19%] Building CXX object _deps/googletest-build/googlemock/CMakeFiles/gmock.dir/src/gmock-all.cc.o
[ 21%] Building CXX object _deps/benchmark-build/src/CMakeFiles/benchmark.dir/benchmark_name.cc.o
[ 23%] Building CXX object _deps/benchmark-build/src/CMakeFiles/benchmark.dir/benchmark_register.cc.o
[ 25%] Linking CXX static library ../../../lib/libgmock.a
[ 25%] Built target gmock
[ 27%] Building CXX object _deps/benchmark-build/src/CMakeFiles/benchmark.dir/benchmark_runner.cc.o
[ 29%] Building CXX object _deps/benchmark-build/src/CMakeFiles/benchmark.dir/check.cc.o
[ 31%] Building CXX object _deps/benchmark-build/src/CMakeFiles/benchmark.dir/colorprint.cc.o
[ 34%] Building CXX object _deps/benchmark-build/src/CMakeFiles/benchmark.dir/commandlineflags.cc.o
[ 36%] Building CXX object _deps/googletest-build/googletest/CMakeFiles/gtest_main.dir/src/gtest_main.cc.o
[ 38%] Building CXX object _deps/benchmark-build/src/CMakeFiles/benchmark.dir/complexity.cc.o
[ 40%] Linking CXX static library ../../../lib/libgtest_main.a
[ 40%] Built target gtest_main
[ 42%] Building CXX object _deps/benchmark-build/src/CMakeFiles/benchmark.dir/console_reporter.cc.o
[ 44%] Building CXX object _deps/googletest-build/googlemock/CMakeFiles/gmock_main.dir/src/gmock_main.cc.o
[ 46%] Building CXX object _deps/benchmark-build/src/CMakeFiles/benchmark.dir/counter.cc.o
[ 48%] Building CXX object _deps/benchmark-build/src/CMakeFiles/benchmark.dir/csv_reporter.cc.o
[ 51%] Building CXX object _deps/benchmark-build/src/CMakeFiles/benchmark.dir/json_reporter.cc.o
[ 53%] Linking CXX static library ../../../lib/libgmock_main.a
[ 53%] Built target gmock_main
[ 55%] Building CXX object _deps/benchmark-build/src/CMakeFiles/benchmark.dir/perf_counters.cc.o
[ 57%] Building CXX object tests/CMakeFiles/geryon_tests.dir/test_memory_region.cpp.o
[ 59%] Building CXX object _deps/benchmark-build/src/CMakeFiles/benchmark.dir/reporter.cc.o
[ 61%] Building CXX object _deps/benchmark-build/src/CMakeFiles/benchmark.dir/statistics.cc.o
[ 63%] Building CXX object tests/CMakeFiles/geryon_tests.dir/test_fault_handler.cpp.o
[ 65%] Building CXX object _deps/benchmark-build/src/CMakeFiles/benchmark.dir/string_util.cc.o
[ 68%] Building CXX object _deps/benchmark-build/src/CMakeFiles/benchmark.dir/sysinfo.cc.o
[ 70%] Building CXX object tests/CMakeFiles/geryon_tests.dir/test_network_sync.cpp.o
[ 72%] Building CXX object _deps/benchmark-build/src/CMakeFiles/benchmark.dir/timers.cc.o
[ 74%] Linking CXX static library libbenchmark.a
[ 74%] Built target benchmark
[ 76%] Building CXX object _deps/benchmark-build/src/CMakeFiles/benchmark_main.dir/benchmark_main.cc.o
[ 78%] Linking CXX static library libbenchmark_main.a
[ 78%] Built target benchmark_main
[ 80%] Building CXX object tests/CMakeFiles/geryon_tests.dir/test_multi_client.cpp.o
[ 82%] Building CXX object tests/CMakeFiles/geryon_tests.dir/test_synchronization.cpp.o
[ 85%] Building CXX object tests/CMakeFiles/geryon_tests.dir/test_interprocess.cpp.o
[ 87%] Building CXX object tests/CMakeFiles/geryon_tests.dir/test_memnon_integration.cpp.o
[ 89%] Building CXX object tests/CMakeFiles/geryon_tests.dir/test_consistency.cpp.o
[ 91%] Building CXX object tests/CMakeFiles/geryon_tests.dir/test_correctness.cpp.o
[ 93%] Building CXX object tests/CMakeFiles/geryon_tests.dir/test_distributed_sort.cpp.o
[ 95%] Building CXX object benchmarks/CMakeFiles/benchmark_page_transfer.dir/benchmark_page_transfer.cpp.o
[91m/app/tests/test_distributed_sort.cpp: In lambda function:
/app/tests/test_distributed_sort.cpp:152:24: warning: ignoring return value of 'int system(const char*)' declared with attribute 'warn_unused_result' [-Wunused-result]
  152 |             std::system(cmd.c_str());
      |             ~~~~~~~~~~~^~~~~~~~~~~~~
[0m[ 97%] Linking CXX executable geryon_tests
[ 97%] Built target geryon_tests
[100%] Linking CXX executable benchmark_page_transfer
[100%] Built target benchmark_page_transfer
 ---> Removed intermediate container c89e93b1675f
 ---> ab84283ed9d3
Step 6/6 : CMD ["./build-linux/tests/geryon_tests"]
 ---> Running in 2c2b441845ff
 ---> Removed intermediate container 2c2b441845ff
 ---> f85d8ba0b36f
Successfully built f85d8ba0b36f
Successfully tagged geryon-linux-tests:latest
Running tests in Docker container...
Running main() from /app/build-linux/_deps/googletest-src/googletest/src/gtest_main.cc
[==========] Running 15 tests from 10 test suites.
[----------] Global test environment set-up.
[----------] 2 tests from MemoryRegionTest
[ RUN      ] MemoryRegionTest.AllocationAndPageSize
[       OK ] MemoryRegionTest.AllocationAndPageSize (0 ms)
[ RUN      ] MemoryRegionTest.ProtectionChanges
[       OK ] MemoryRegionTest.ProtectionChanges (3 ms)
[----------] 2 tests from MemoryRegionTest (3 ms total)

[----------] 1 test from FaultHandlerTest
[ RUN      ] FaultHandlerTest.SoftFaultHandling
[       OK ] FaultHandlerTest.SoftFaultHandling (0 ms)
[----------] 1 test from FaultHandlerTest (0 ms total)

[----------] 2 tests from NetworkSyncTest
[ RUN      ] NetworkSyncTest.BouncingOwnership
Replica 1 connected.
[       OK ] NetworkSyncTest.BouncingOwnership (2103 ms)
[ RUN      ] NetworkSyncTest.StressTest
Replica 1 connected.
[       OK ] NetworkSyncTest.StressTest (2170 ms)
[----------] 2 tests from NetworkSyncTest (4273 ms total)

[----------] 1 test from MultiClientTest
[ RUN      ] MultiClientTest.StarTopologyBouncing
Replica 1 connected.
Replica 2 connected.
Replica 3 connected.
[       OK ] MultiClientTest.StarTopologyBouncing (6525 ms)
[----------] 1 test from MultiClientTest (6525 ms total)

[----------] 1 test from SynchronizationTest
[ RUN      ] SynchronizationTest.DistributedSpinLock
Replica 1 connected.
Primary finished.
Replica finished.
[       OK ] SynchronizationTest.DistributedSpinLock (2272 ms)
[----------] 1 test from SynchronizationTest (2272 ms total)

[----------] 1 test from InterprocessTest
[ RUN      ] InterprocessTest.SharedVector
Replica 1 connected.
[       OK ] InterprocessTest.SharedVector (2105 ms)
[----------] 1 test from InterprocessTest (2105 ms total)

[----------] 1 test from MemnonIntegrationTest
[ RUN      ] MemnonIntegrationTest.SegmentedInterprocess
Replica 1 connected.
Starting primary...
[       OK ] MemnonIntegrationTest.SegmentedInterprocess (2196 ms)
[----------] 1 test from MemnonIntegrationTest (2196 ms total)

[----------] 3 tests from ConsistencyTest
[ RUN      ] ConsistencyTest.TriggerSynchronization
Primary started.
Starting replica...
Replica 1 connected.
Replica started.
Simulating replica page request 1
Simulating replica page request 2
Replica writing to pages
Primary triggering synchronization
Primary checking consistency
Stopping nodes
Test complete
[       OK ] ConsistencyTest.TriggerSynchronization (2200 ms)
[ RUN      ] ConsistencyTest.ReplicaStopFlushesData
Replica 1 connected.
[       OK ] ConsistencyTest.ReplicaStopFlushesData (2199 ms)
[ RUN      ] ConsistencyTest.PrimaryStopInitiatesHandshake
Replica 1 connected.
[       OK ] ConsistencyTest.PrimaryStopInitiatesHandshake (2095 ms)
[----------] 3 tests from ConsistencyTest (6495 ms total)

[----------] 2 tests from CorrectnessTest
[ RUN      ] CorrectnessTest.MultithreadMultipageCorrectness
Replica 1 connected.
Replica 2 connected.
Replica 3 connected.
[       OK ] CorrectnessTest.MultithreadMultipageCorrectness (19982 ms)
[ RUN      ] CorrectnessTest.MultiprocessMultipageCorrectness
Running main() from /app/build-linux/_deps/googletest-src/googletest/src/gtest_main.cc
Note: Google Test filter = CorrectnessTest.MultiprocessMultipageCorrectness
[==========] Running 1 test from 1 test suite.
[----------] Global test environment set-up.
[----------] 1 test from CorrectnessTest
[ RUN      ] CorrectnessTest.MultiprocessMultipageCorrectness
Replica 1 connected.
Running main() from /app/build-linux/_deps/googletest-src/googletest/src/gtest_main.cc
Note: Google Test filter = CorrectnessTest.MultiprocessMultipageCorrectness
[==========] Running 1 test from 1 test suite.
[----------] Global test environment set-up.
[----------] 1 test from CorrectnessTest
[ RUN      ] CorrectnessTest.MultiprocessMultipageCorrectness
Replica 2 connected.
Running main() from /app/build-linux/_deps/googletest-src/googletest/src/gtest_main.cc
Note: Google Test filter = CorrectnessTest.MultiprocessMultipageCorrectness
[==========] Running 1 test from 1 test suite.
[----------] Global test environment set-up.
[----------] 1 test from CorrectnessTest
[ RUN      ] CorrectnessTest.MultiprocessMultipageCorrectness
Replica 3 connected.
[       OK ] CorrectnessTest.MultiprocessMultipageCorrectness (2172 ms)
[----------] 2 tests from CorrectnessTest (22154 ms total)

[----------] 1 test from DistributedSortTest
[ RUN      ] DistributedSortTest.MultiprocessPiecewiseSort
Running main() from /app/build-linux/_deps/googletest-src/googletest/src/gtest_main.cc
Note: Google Test filter = DistributedSortTest.MultiprocessPiecewiseSort
[==========] Running 1 test from 1 test suite.
[----------] Global test environment set-up.
[----------] 1 test from DistributedSortTest
[ RUN      ] DistributedSortTest.MultiprocessPiecewiseSort
Replica 1 connected.
Running main() from /app/build-linux/_deps/googletest-src/googletest/src/gtest_main.cc
Note: Google Test filter = DistributedSortTest.MultiprocessPiecewiseSort
[==========] Running 1 test from 1 test suite.
[----------] Global test environment set-up.
[----------] 1 test from DistributedSortTest
[ RUN      ] DistributedSortTest.MultiprocessPiecewiseSort
Replica 2 connected.
Running main() from /app/build-linux/_deps/googletest-src/googletest/src/gtest_main.cc
Note: Google Test filter = DistributedSortTest.MultiprocessPiecewiseSort
[==========] Running 1 test from 1 test suite.
[----------] Global test environment set-up.
[----------] 1 test from DistributedSortTest
[ RUN      ] DistributedSortTest.MultiprocessPiecewiseSort
Replica 3 connected.
[Primary] Pages Sent: 14660, Pages Received: 14659 | Avg Transfer Time: 4.48595 us | Avg Time Between Transfers: 219.161 us
[Replica 1] Pages Sent: 5176, Pages Received: 5177 | Avg Transfer Time: 16.9666 us | Avg Time Between Transfers: 4257.05 us
[Replica 2] Pages Sent: 5184, Pages Received: 5185 | Avg Transfer Time: 16.9352 us | Avg Time Between Transfers: 4258.56 us
[Replica 3] Pages Sent: 5196, Pages Received: 5197 | Avg Transfer Time: 16.521 us | Avg Time Between Transfers: 4257.02 us
[       OK ] DistributedSortTest.MultiprocessPiecewiseSort (25062 ms)
[----------] 1 test from DistributedSortTest (25062 ms total)

[----------] Global test environment tear-down
[==========] 15 tests from 10 test suites ran. (71090 ms total)
[  PASSED  ] 15 tests.
Building Docker image for Geryon Linux tests...
DEPRECATED: The legacy builder is deprecated and will be removed in a future release.
            Install the buildx component to build images with BuildKit:
            https://docs.docker.com/go/buildx/

Sending build context to Docker daemon    160MB
Step 1/6 : FROM ubuntu:24.04
 ---> 4fbb8e6a8395
Step 2/6 : RUN apt-get update && apt-get install -y     build-essential     cmake     git     wget     curl     pkg-config     libboost-system-dev     libboost-thread-dev     libboost-program-options-dev     libboost-test-dev     gdb
 ---> Using cache
 ---> 4caa702ced8d
Step 3/6 : WORKDIR /app
 ---> Using cache
 ---> 0e0bd87b4009
Step 4/6 : COPY . /app
 ---> cbe5af8524d9
Step 5/6 : RUN mkdir -p build-linux && cd build-linux &&     cmake .. -DCMAKE_BUILD_TYPE=Release &&     make -j$(nproc)
 ---> Running in d3785d30b092
-- The CXX compiler identification is GNU 13.3.0
-- Detecting CXX compiler ABI info
-- Detecting CXX compiler ABI info - done
-- Check for working CXX compiler: /usr/bin/c++ - skipped
-- Detecting CXX compile features
-- Detecting CXX compile features - done
-- Found Boost: /usr/lib/aarch64-linux-gnu/cmake/Boost-1.83.0/BoostConfig.cmake (found version "1.83.0")  
-- The C compiler identification is GNU 13.3.0
-- Detecting C compiler ABI info
-- Detecting C compiler ABI info - done
-- Check for working C compiler: /usr/bin/cc - skipped
-- Detecting C compile features
-- Detecting C compile features - done
-- Could NOT find Python3 (missing: Python3_EXECUTABLE Interpreter) 
-- Performing Test CMAKE_HAVE_LIBC_PTHREAD
-- Performing Test CMAKE_HAVE_LIBC_PTHREAD - Success
-- Found Threads: TRUE  
-- Found Git: /usr/bin/git (found version "2.43.0") 
-- git version: v1.8.3 normalized to 1.8.3
-- Google Benchmark version: 1.8.3
-- Looking for shm_open in rt
-- Looking for shm_open in rt - found
-- Performing Test HAVE_CXX_FLAG_WALL
-- Performing Test HAVE_CXX_FLAG_WALL - Success
-- Performing Test HAVE_CXX_FLAG_WEXTRA
-- Performing Test HAVE_CXX_FLAG_WEXTRA - Success
-- Performing Test HAVE_CXX_FLAG_WSHADOW
-- Performing Test HAVE_CXX_FLAG_WSHADOW - Success
-- Performing Test HAVE_CXX_FLAG_WFLOAT_EQUAL
-- Performing Test HAVE_CXX_FLAG_WFLOAT_EQUAL - Success
-- Performing Test HAVE_CXX_FLAG_WOLD_STYLE_CAST
-- Performing Test HAVE_CXX_FLAG_WOLD_STYLE_CAST - Success
-- Performing Test HAVE_CXX_FLAG_WERROR
-- Performing Test HAVE_CXX_FLAG_WERROR - Success
-- Performing Test HAVE_CXX_FLAG_WSUGGEST_OVERRIDE
-- Performing Test HAVE_CXX_FLAG_WSUGGEST_OVERRIDE - Success
-- Performing Test HAVE_CXX_FLAG_PEDANTIC
-- Performing Test HAVE_CXX_FLAG_PEDANTIC - Success
-- Performing Test HAVE_CXX_FLAG_PEDANTIC_ERRORS
-- Performing Test HAVE_CXX_FLAG_PEDANTIC_ERRORS - Success
-- Performing Test HAVE_CXX_FLAG_WSHORTEN_64_TO_32
-- Performing Test HAVE_CXX_FLAG_WSHORTEN_64_TO_32 - Failed
-- Performing Test HAVE_CXX_FLAG_FSTRICT_ALIASING
-- Performing Test HAVE_CXX_FLAG_FSTRICT_ALIASING - Success
-- Performing Test HAVE_CXX_FLAG_WNO_DEPRECATED_DECLARATIONS
-- Performing Test HAVE_CXX_FLAG_WNO_DEPRECATED_DECLARATIONS - Success
-- Performing Test HAVE_CXX_FLAG_WNO_DEPRECATED
-- Performing Test HAVE_CXX_FLAG_WNO_DEPRECATED - Success
-- Performing Test HAVE_CXX_FLAG_WSTRICT_ALIASING
-- Performing Test HAVE_CXX_FLAG_WSTRICT_ALIASING - Success
-- Performing Test HAVE_CXX_FLAG_WD654
-- Performing Test HAVE_CXX_FLAG_WD654 - Failed
-- Performing Test HAVE_CXX_FLAG_WTHREAD_SAFETY
-- Performing Test HAVE_CXX_FLAG_WTHREAD_SAFETY - Failed
-- Performing Test HAVE_CXX_FLAG_COVERAGE
-- Performing Test HAVE_CXX_FLAG_COVERAGE - Success
-- Compiling and running to test HAVE_STD_REGEX
-- Performing Test HAVE_STD_REGEX -- success
-- Compiling and running to test HAVE_GNU_POSIX_REGEX
-- Performing Test HAVE_GNU_POSIX_REGEX -- failed to compile
-- Compiling and running to test HAVE_POSIX_REGEX
-- Performing Test HAVE_POSIX_REGEX -- success
-- Compiling and running to test HAVE_STEADY_CLOCK
-- Performing Test HAVE_STEADY_CLOCK -- success
-- Compiling and running to test HAVE_PTHREAD_AFFINITY
-- Performing Test HAVE_PTHREAD_AFFINITY -- success
-- Configuring done (8.3s)
-- Generating done (0.0s)
-- Build files have been written to: /app/build-linux
[  4%] Building CXX object CMakeFiles/geryon.dir/src/memory_region.cpp.o
[  4%] Building CXX object _deps/googletest-build/googletest/CMakeFiles/gtest.dir/src/gtest-all.cc.o
[  6%] Building CXX object CMakeFiles/geryon.dir/src/fault_handler.cpp.o
[91m/app/src/fault_handler.cpp: In member function 'bool geryon::GlobalFaultHandler::handle_fault_from_signal(void*)':
/app/src/fault_handler.cpp:230:18: warning: ignoring return value of 'ssize_t write(int, const void*, size_t)' declared with attribute 'warn_unused_result' [-Wunused-result]
  230 |             write(STDERR_FILENO, errmsg, len);
      |             ~~~~~^~~~~~~~~~~~~~~~~~~~~~~~~~~~
/app/src/fault_handler.cpp:234:22: warning: ignoring return value of 'ssize_t write(int, const void*, size_t)' declared with attribute 'warn_unused_result' [-Wunused-result]
  234 |                 write(STDERR_FILENO, errmsg, len);
      |                 ~~~~~^~~~~~~~~~~~~~~~~~~~~~~~~~~~
/app/src/fault_handler.cpp:236:18: warning: ignoring return value of 'ssize_t write(int, const void*, size_t)' declared with attribute 'warn_unused_result' [-Wunused-result]
  236 |             write(STDERR_FILENO, "\n", 1);
      |             ~~~~~^~~~~~~~~~~~~~~~~~~~~~~~
/app/src/fault_handler.cpp:259:22: warning: ignoring return value of 'ssize_t write(int, const void*, size_t)' declared with attribute 'warn_unused_result' [-Wunused-result]
  259 |                 write(STDERR_FILENO, errmsg, sizeof(errmsg) - 1);
      |                 ~~~~~^~~~~~~~~~~~~~~~~~~~~~~~~~~~~~~~~~~~~~~~~~~
[0m[  8%] Building CXX object CMakeFiles/geryon.dir/src/network_node.cpp.o
[ 10%] Linking CXX static library libgeryon.a
[ 10%] Built target geryon
[ 12%] Building CXX object _deps/benchmark-build/src/CMakeFiles/benchmark.dir/benchmark.cc.o
[ 14%] Linking CXX static library ../../../lib/libgtest.a
[ 14%] Built target gtest
[ 17%] Building CXX object _deps/benchmark-build/src/CMakeFiles/benchmark.dir/benchmark_api_internal.cc.o
[ 19%] Building CXX object _deps/googletest-build/googlemock/CMakeFiles/gmock.dir/src/gmock-all.cc.o
[ 21%] Building CXX object _deps/benchmark-build/src/CMakeFiles/benchmark.dir/benchmark_name.cc.o
[ 23%] Building CXX object _deps/benchmark-build/src/CMakeFiles/benchmark.dir/benchmark_register.cc.o
[ 25%] Linking CXX static library ../../../lib/libgmock.a
[ 25%] Built target gmock
[ 27%] Building CXX object _deps/benchmark-build/src/CMakeFiles/benchmark.dir/benchmark_runner.cc.o
[ 29%] Building CXX object _deps/googletest-build/googletest/CMakeFiles/gtest_main.dir/src/gtest_main.cc.o
[ 31%] Building CXX object _deps/benchmark-build/src/CMakeFiles/benchmark.dir/check.cc.o
[ 34%] Building CXX object _deps/benchmark-build/src/CMakeFiles/benchmark.dir/colorprint.cc.o
[ 36%] Building CXX object _deps/benchmark-build/src/CMakeFiles/benchmark.dir/commandlineflags.cc.o
[ 38%] Linking CXX static library ../../../lib/libgtest_main.a
[ 38%] Built target gtest_main
[ 40%] Building CXX object _deps/benchmark-build/src/CMakeFiles/benchmark.dir/complexity.cc.o
[ 42%] Building CXX object _deps/benchmark-build/src/CMakeFiles/benchmark.dir/console_reporter.cc.o
[ 44%] Building CXX object _deps/googletest-build/googlemock/CMakeFiles/gmock_main.dir/src/gmock_main.cc.o
[ 46%] Building CXX object _deps/benchmark-build/src/CMakeFiles/benchmark.dir/counter.cc.o
[ 48%] Building CXX object _deps/benchmark-build/src/CMakeFiles/benchmark.dir/csv_reporter.cc.o
[ 51%] Building CXX object _deps/benchmark-build/src/CMakeFiles/benchmark.dir/json_reporter.cc.o
[ 53%] Linking CXX static library ../../../lib/libgmock_main.a
[ 53%] Built target gmock_main
[ 55%] Building CXX object _deps/benchmark-build/src/CMakeFiles/benchmark.dir/perf_counters.cc.o
[ 57%] Building CXX object _deps/benchmark-build/src/CMakeFiles/benchmark.dir/reporter.cc.o
[ 59%] Building CXX object tests/CMakeFiles/geryon_tests.dir/test_memory_region.cpp.o
[ 61%] Building CXX object _deps/benchmark-build/src/CMakeFiles/benchmark.dir/statistics.cc.o
[ 63%] Building CXX object _deps/benchmark-build/src/CMakeFiles/benchmark.dir/string_util.cc.o
[ 65%] Building CXX object tests/CMakeFiles/geryon_tests.dir/test_fault_handler.cpp.o
[ 68%] Building CXX object _deps/benchmark-build/src/CMakeFiles/benchmark.dir/sysinfo.cc.o
[ 70%] Building CXX object tests/CMakeFiles/geryon_tests.dir/test_network_sync.cpp.o
[ 72%] Building CXX object _deps/benchmark-build/src/CMakeFiles/benchmark.dir/timers.cc.o
[ 74%] Linking CXX static library libbenchmark.a
[ 74%] Built target benchmark
[ 76%] Building CXX object _deps/benchmark-build/src/CMakeFiles/benchmark_main.dir/benchmark_main.cc.o
[ 78%] Linking CXX static library libbenchmark_main.a
[ 78%] Built target benchmark_main
[ 80%] Building CXX object tests/CMakeFiles/geryon_tests.dir/test_multi_client.cpp.o
[ 82%] Building CXX object tests/CMakeFiles/geryon_tests.dir/test_synchronization.cpp.o
[ 85%] Building CXX object benchmarks/CMakeFiles/benchmark_page_transfer.dir/benchmark_page_transfer.cpp.o
[ 87%] Building CXX object tests/CMakeFiles/geryon_tests.dir/test_interprocess.cpp.o
[ 89%] Linking CXX executable benchmark_page_transfer
[ 89%] Built target benchmark_page_transfer
[ 91%] Building CXX object tests/CMakeFiles/geryon_tests.dir/test_memnon_integration.cpp.o
[ 93%] Building CXX object tests/CMakeFiles/geryon_tests.dir/test_consistency.cpp.o
[ 95%] Building CXX object tests/CMakeFiles/geryon_tests.dir/test_correctness.cpp.o
[ 97%] Building CXX object tests/CMakeFiles/geryon_tests.dir/test_distributed_sort.cpp.o
[91m/app/tests/test_distributed_sort.cpp: In lambda function:
/app/tests/test_distributed_sort.cpp:152:24: warning: ignoring return value of 'int system(const char*)' declared with attribute 'warn_unused_result' [-Wunused-result]
  152 |             std::system(cmd.c_str());
      |             ~~~~~~~~~~~^~~~~~~~~~~~~
[0m[100%] Linking CXX executable geryon_tests
[100%] Built target geryon_tests
 ---> Removed intermediate container d3785d30b092
 ---> f111a1fd9cea
Step 6/6 : CMD ["./build-linux/tests/geryon_tests"]
 ---> Running in 63129eb48ecf
 ---> Removed intermediate container 63129eb48ecf
 ---> 877a3b5b2615
Successfully built 877a3b5b2615
Successfully tagged geryon-linux-tests:latest
Running tests in Docker container...
Running main() from /app/build-linux/_deps/googletest-src/googletest/src/gtest_main.cc
[==========] Running 15 tests from 10 test suites.
[----------] Global test environment set-up.
[----------] 2 tests from MemoryRegionTest
[ RUN      ] MemoryRegionTest.AllocationAndPageSize
[       OK ] MemoryRegionTest.AllocationAndPageSize (0 ms)
[ RUN      ] MemoryRegionTest.ProtectionChanges
[       OK ] MemoryRegionTest.ProtectionChanges (2 ms)
[----------] 2 tests from MemoryRegionTest (2 ms total)

[----------] 1 test from FaultHandlerTest
[ RUN      ] FaultHandlerTest.SoftFaultHandling
[       OK ] FaultHandlerTest.SoftFaultHandling (0 ms)
[----------] 1 test from FaultHandlerTest (0 ms total)

[----------] 2 tests from NetworkSyncTest
[ RUN      ] NetworkSyncTest.BouncingOwnership
Replica 1 connected.
[       OK ] NetworkSyncTest.BouncingOwnership (2102 ms)
[ RUN      ] NetworkSyncTest.StressTest
Replica 1 connected.
[       OK ] NetworkSyncTest.StressTest (2167 ms)
[----------] 2 tests from NetworkSyncTest (4270 ms total)

[----------] 1 test from MultiClientTest
[ RUN      ] MultiClientTest.StarTopologyBouncing
Replica 1 connected.
Replica 2 connected.
Replica 3 connected.
[       OK ] MultiClientTest.StarTopologyBouncing (6531 ms)
[----------] 1 test from MultiClientTest (6531 ms total)

[----------] 1 test from SynchronizationTest
[ RUN      ] SynchronizationTest.DistributedSpinLock
Replica 1 connected.
Primary finished.
Replica finished.
[       OK ] SynchronizationTest.DistributedSpinLock (2268 ms)
[----------] 1 test from SynchronizationTest (2268 ms total)

[----------] 1 test from InterprocessTest
[ RUN      ] InterprocessTest.SharedVector
Replica 1 connected.
[       OK ] InterprocessTest.SharedVector (2103 ms)
[----------] 1 test from InterprocessTest (2103 ms total)

[----------] 1 test from MemnonIntegrationTest
[ RUN      ] MemnonIntegrationTest.SegmentedInterprocess
Replica 1 connected.
Starting primary...
[       OK ] MemnonIntegrationTest.SegmentedInterprocess (2195 ms)
[----------] 1 test from MemnonIntegrationTest (2195 ms total)

[----------] 3 tests from ConsistencyTest
[ RUN      ] ConsistencyTest.TriggerSynchronization
Primary started.
Starting replica...
Replica started.
Replica 1 connected.
Simulating replica page request 1
Simulating replica page request 2
Replica writing to pages
Primary triggering synchronization
Primary checking consistency
Stopping nodes
[       OK ] ConsistencyTest.TriggerSynchronization (2201 ms)
[ RUN      ] ConsistencyTest.ReplicaStopFlushesData
Test complete
Replica 1 connected.
[       OK ] ConsistencyTest.ReplicaStopFlushesData (2196 ms)
[ RUN      ] ConsistencyTest.PrimaryStopInitiatesHandshake
Replica 1 connected.
[       OK ] ConsistencyTest.PrimaryStopInitiatesHandshake (2097 ms)
[----------] 3 tests from ConsistencyTest (6495 ms total)

[----------] 2 tests from CorrectnessTest
[ RUN      ] CorrectnessTest.MultithreadMultipageCorrectness
Replica 1 connected.
Replica 2 connected.
Replica 3 connected.
[       OK ] CorrectnessTest.MultithreadMultipageCorrectness (35961 ms)
[ RUN      ] CorrectnessTest.MultiprocessMultipageCorrectness
Running main() from /app/build-linux/_deps/googletest-src/googletest/src/gtest_main.cc
Note: Google Test filter = CorrectnessTest.MultiprocessMultipageCorrectness
[==========] Running 1 test from 1 test suite.
[----------] Global test environment set-up.
[----------] 1 test from CorrectnessTest
[ RUN      ] CorrectnessTest.MultiprocessMultipageCorrectness
Replica 1 connected.
Running main() from /app/build-linux/_deps/googletest-src/googletest/src/gtest_main.cc
Note: Google Test filter = CorrectnessTest.MultiprocessMultipageCorrectness
[==========] Running 1 test from 1 test suite.
[----------] Global test environment set-up.
[----------] 1 test from CorrectnessTest
[ RUN      ] CorrectnessTest.MultiprocessMultipageCorrectness
Replica 2 connected.
Running main() from /app/build-linux/_deps/googletest-src/googletest/src/gtest_main.cc
Note: Google Test filter = CorrectnessTest.MultiprocessMultipageCorrectness
[==========] Running 1 test from 1 test suite.
[----------] Global test environment set-up.
[----------] 1 test from CorrectnessTest
[ RUN      ] CorrectnessTest.MultiprocessMultipageCorrectness
Replica 3 connected.
[       OK ] CorrectnessTest.MultiprocessMultipageCorrectness (2169 ms)
[----------] 2 tests from CorrectnessTest (38130 ms total)

[----------] 1 test from DistributedSortTest
[ RUN      ] DistributedSortTest.MultiprocessPiecewiseSort
Running main() from /app/build-linux/_deps/googletest-src/googletest/src/gtest_main.cc
Note: Google Test filter = DistributedSortTest.MultiprocessPiecewiseSort
[==========] Running 1 test from 1 test suite.
[----------] Global test environment set-up.
[----------] 1 test from DistributedSortTest
[ RUN      ] DistributedSortTest.MultiprocessPiecewiseSort
Replica 1 connected.
Running main() from /app/build-linux/_deps/googletest-src/googletest/src/gtest_main.cc
Note: Google Test filter = DistributedSortTest.MultiprocessPiecewiseSort
[==========] Running 1 test from 1 test suite.
[----------] Global test environment set-up.
[----------] 1 test from DistributedSortTest
[ RUN      ] DistributedSortTest.MultiprocessPiecewiseSort
Replica 2 connected.
Running main() from /app/build-linux/_deps/googletest-src/googletest/src/gtest_main.cc
Note: Google Test filter = DistributedSortTest.MultiprocessPiecewiseSort
[==========] Running 1 test from 1 test suite.
[----------] Global test environment set-up.
[----------] 1 test from DistributedSortTest
[ RUN      ] DistributedSortTest.MultiprocessPiecewiseSort
Replica 3 connected.
[Primary] Pages Sent: 14660, Pages Received: 14659 | Avg Transfer Time: 4.52271 us | Avg Time Between Transfers: 213.612 us
[Replica 2] Pages Sent: 5140, Pages Received: 5141 | Avg Transfer Time: 15.121 us | Avg Time Between Transfers: 3999.04 us
[Replica 1] Pages Sent: 5145, Pages Received: 5146 | Avg Transfer Time: 14.7514 us | Avg Time Between Transfers: 4003.81 us
[Replica 3] Pages Sent: 5167, Pages Received: 5168 | Avg Transfer Time: 15.0494 us | Avg Time Between Transfers: 3994.22 us
[       OK ] DistributedSortTest.MultiprocessPiecewiseSort (23459 ms)
[----------] 1 test from DistributedSortTest (23459 ms total)

[----------] Global test environment tear-down
[==========] 15 tests from 10 test suites ran. (85457 ms total)
[  PASSED  ] 15 tests.
Building Docker image for Geryon Linux tests...
DEPRECATED: The legacy builder is deprecated and will be removed in a future release.
            Install the buildx component to build images with BuildKit:
            https://docs.docker.com/go/buildx/

Sending build context to Docker daemon    160MB
Step 1/6 : FROM ubuntu:24.04
 ---> 4fbb8e6a8395
Step 2/6 : RUN apt-get update && apt-get install -y     build-essential     cmake     git     wget     curl     pkg-config     libboost-system-dev     libboost-thread-dev     libboost-program-options-dev     libboost-test-dev     gdb
 ---> Using cache
 ---> 4caa702ced8d
Step 3/6 : WORKDIR /app
 ---> Using cache
 ---> 0e0bd87b4009
Step 4/6 : COPY . /app
 ---> 94a32969c3c8
Step 5/6 : RUN mkdir -p build-linux && cd build-linux &&     cmake .. -DCMAKE_BUILD_TYPE=Release &&     make -j$(nproc)
 ---> Running in 68ef16a65297
-- The CXX compiler identification is GNU 13.3.0
-- Detecting CXX compiler ABI info
-- Detecting CXX compiler ABI info - done
-- Check for working CXX compiler: /usr/bin/c++ - skipped
-- Detecting CXX compile features
-- Detecting CXX compile features - done
-- Found Boost: /usr/lib/aarch64-linux-gnu/cmake/Boost-1.83.0/BoostConfig.cmake (found version "1.83.0")  
-- The C compiler identification is GNU 13.3.0
-- Detecting C compiler ABI info
-- Detecting C compiler ABI info - done
-- Check for working C compiler: /usr/bin/cc - skipped
-- Detecting C compile features
-- Detecting C compile features - done
-- Could NOT find Python3 (missing: Python3_EXECUTABLE Interpreter) 
-- Performing Test CMAKE_HAVE_LIBC_PTHREAD
-- Performing Test CMAKE_HAVE_LIBC_PTHREAD - Success
-- Found Threads: TRUE  
-- Found Git: /usr/bin/git (found version "2.43.0") 
-- git version: v1.8.3 normalized to 1.8.3
-- Google Benchmark version: 1.8.3
-- Looking for shm_open in rt
-- Looking for shm_open in rt - found
-- Performing Test HAVE_CXX_FLAG_WALL
-- Performing Test HAVE_CXX_FLAG_WALL - Success
-- Performing Test HAVE_CXX_FLAG_WEXTRA
-- Performing Test HAVE_CXX_FLAG_WEXTRA - Success
-- Performing Test HAVE_CXX_FLAG_WSHADOW
-- Performing Test HAVE_CXX_FLAG_WSHADOW - Success
-- Performing Test HAVE_CXX_FLAG_WFLOAT_EQUAL
-- Performing Test HAVE_CXX_FLAG_WFLOAT_EQUAL - Success
-- Performing Test HAVE_CXX_FLAG_WOLD_STYLE_CAST
-- Performing Test HAVE_CXX_FLAG_WOLD_STYLE_CAST - Success
-- Performing Test HAVE_CXX_FLAG_WERROR
-- Performing Test HAVE_CXX_FLAG_WERROR - Success
-- Performing Test HAVE_CXX_FLAG_WSUGGEST_OVERRIDE
-- Performing Test HAVE_CXX_FLAG_WSUGGEST_OVERRIDE - Success
-- Performing Test HAVE_CXX_FLAG_PEDANTIC
-- Performing Test HAVE_CXX_FLAG_PEDANTIC - Success
-- Performing Test HAVE_CXX_FLAG_PEDANTIC_ERRORS
-- Performing Test HAVE_CXX_FLAG_PEDANTIC_ERRORS - Success
-- Performing Test HAVE_CXX_FLAG_WSHORTEN_64_TO_32
-- Performing Test HAVE_CXX_FLAG_WSHORTEN_64_TO_32 - Failed
-- Performing Test HAVE_CXX_FLAG_FSTRICT_ALIASING
-- Performing Test HAVE_CXX_FLAG_FSTRICT_ALIASING - Success
-- Performing Test HAVE_CXX_FLAG_WNO_DEPRECATED_DECLARATIONS
-- Performing Test HAVE_CXX_FLAG_WNO_DEPRECATED_DECLARATIONS - Success
-- Performing Test HAVE_CXX_FLAG_WNO_DEPRECATED
-- Performing Test HAVE_CXX_FLAG_WNO_DEPRECATED - Success
-- Performing Test HAVE_CXX_FLAG_WSTRICT_ALIASING
-- Performing Test HAVE_CXX_FLAG_WSTRICT_ALIASING - Success
-- Performing Test HAVE_CXX_FLAG_WD654
-- Performing Test HAVE_CXX_FLAG_WD654 - Failed
-- Performing Test HAVE_CXX_FLAG_WTHREAD_SAFETY
-- Performing Test HAVE_CXX_FLAG_WTHREAD_SAFETY - Failed
-- Performing Test HAVE_CXX_FLAG_COVERAGE
-- Performing Test HAVE_CXX_FLAG_COVERAGE - Success
-- Compiling and running to test HAVE_STD_REGEX
-- Performing Test HAVE_STD_REGEX -- success
-- Compiling and running to test HAVE_GNU_POSIX_REGEX
-- Performing Test HAVE_GNU_POSIX_REGEX -- failed to compile
-- Compiling and running to test HAVE_POSIX_REGEX
-- Performing Test HAVE_POSIX_REGEX -- success
-- Compiling and running to test HAVE_STEADY_CLOCK
-- Performing Test HAVE_STEADY_CLOCK -- success
-- Compiling and running to test HAVE_PTHREAD_AFFINITY
-- Performing Test HAVE_PTHREAD_AFFINITY -- success
-- Configuring done (8.1s)
-- Generating done (0.0s)
-- Build files have been written to: /app/build-linux
[  2%] Building CXX object _deps/googletest-build/googletest/CMakeFiles/gtest.dir/src/gtest-all.cc.o
[  4%] Building CXX object CMakeFiles/geryon.dir/src/memory_region.cpp.o
[  6%] Building CXX object CMakeFiles/geryon.dir/src/fault_handler.cpp.o
[91m/app/src/fault_handler.cpp: In member function 'bool geryon::GlobalFaultHandler::handle_fault_from_signal(void*)':
/app/src/fault_handler.cpp:230:18: warning: ignoring return value of 'ssize_t write(int, const void*, size_t)' declared with attribute 'warn_unused_result' [-Wunused-result]
  230 |             write(STDERR_FILENO, errmsg, len);
      |             ~~~~~^~~~~~~~~~~~~~~~~~~~~~~~~~~~
/app/src/fault_handler.cpp:234:22: warning: ignoring return value of 'ssize_t write(int, const void*, size_t)' declared with attribute 'warn_unused_result' [-Wunused-result]
  234 |                 write(STDERR_FILENO, errmsg, len);
      |                 ~~~~~^~~~~~~~~~~~~~~~~~~~~~~~~~~~
/app/src/fault_handler.cpp:236:18: warning: ignoring return value of 'ssize_t write(int, const void*, size_t)' declared with attribute 'warn_unused_result' [-Wunused-result]
  236 |             write(STDERR_FILENO, "\n", 1);
      |             ~~~~~^~~~~~~~~~~~~~~~~~~~~~~~
/app/src/fault_handler.cpp:259:22: warning: ignoring return value of 'ssize_t write(int, const void*, size_t)' declared with attribute 'warn_unused_result' [-Wunused-result]
  259 |                 write(STDERR_FILENO, errmsg, sizeof(errmsg) - 1);
      |                 ~~~~~^~~~~~~~~~~~~~~~~~~~~~~~~~~~~~~~~~~~~~~~~~~
[0m[  8%] Building CXX object CMakeFiles/geryon.dir/src/network_node.cpp.o
[ 10%] Linking CXX static library libgeryon.a
[ 10%] Built target geryon
[ 12%] Building CXX object _deps/benchmark-build/src/CMakeFiles/benchmark.dir/benchmark.cc.o
[ 14%] Linking CXX static library ../../../lib/libgtest.a
[ 14%] Built target gtest
[ 17%] Building CXX object _deps/benchmark-build/src/CMakeFiles/benchmark.dir/benchmark_api_internal.cc.o
[ 19%] Building CXX object _deps/benchmark-build/src/CMakeFiles/benchmark.dir/benchmark_name.cc.o
[ 21%] Building CXX object _deps/googletest-build/googlemock/CMakeFiles/gmock.dir/src/gmock-all.cc.o
[ 23%] Building CXX object _deps/benchmark-build/src/CMakeFiles/benchmark.dir/benchmark_register.cc.o
[ 25%] Linking CXX static library ../../../lib/libgmock.a
[ 25%] Built target gmock
[ 27%] Building CXX object _deps/benchmark-build/src/CMakeFiles/benchmark.dir/benchmark_runner.cc.o
[ 29%] Building CXX object _deps/googletest-build/googletest/CMakeFiles/gtest_main.dir/src/gtest_main.cc.o
[ 31%] Building CXX object _deps/benchmark-build/src/CMakeFiles/benchmark.dir/check.cc.o
[ 34%] Building CXX object _deps/benchmark-build/src/CMakeFiles/benchmark.dir/colorprint.cc.o
[ 36%] Building CXX object _deps/benchmark-build/src/CMakeFiles/benchmark.dir/commandlineflags.cc.o
[ 38%] Linking CXX static library ../../../lib/libgtest_main.a
[ 38%] Built target gtest_main
[ 40%] Building CXX object _deps/benchmark-build/src/CMakeFiles/benchmark.dir/complexity.cc.o
[ 42%] Building CXX object _deps/benchmark-build/src/CMakeFiles/benchmark.dir/console_reporter.cc.o
[ 44%] Building CXX object _deps/googletest-build/googlemock/CMakeFiles/gmock_main.dir/src/gmock_main.cc.o
[ 46%] Building CXX object _deps/benchmark-build/src/CMakeFiles/benchmark.dir/counter.cc.o
[ 48%] Building CXX object _deps/benchmark-build/src/CMakeFiles/benchmark.dir/csv_reporter.cc.o
[ 51%] Linking CXX static library ../../../lib/libgmock_main.a
[ 51%] Built target gmock_main
[ 53%] Building CXX object _deps/benchmark-build/src/CMakeFiles/benchmark.dir/json_reporter.cc.o
[ 55%] Building CXX object _deps/benchmark-build/src/CMakeFiles/benchmark.dir/perf_counters.cc.o
[ 57%] Building CXX object _deps/benchmark-build/src/CMakeFiles/benchmark.dir/reporter.cc.o
[ 59%] Building CXX object tests/CMakeFiles/geryon_tests.dir/test_memory_region.cpp.o
[ 61%] Building CXX object _deps/benchmark-build/src/CMakeFiles/benchmark.dir/statistics.cc.o
[ 63%] Building CXX object _deps/benchmark-build/src/CMakeFiles/benchmark.dir/string_util.cc.o
[ 65%] Building CXX object tests/CMakeFiles/geryon_tests.dir/test_fault_handler.cpp.o
[ 68%] Building CXX object _deps/benchmark-build/src/CMakeFiles/benchmark.dir/sysinfo.cc.o
[ 70%] Building CXX object tests/CMakeFiles/geryon_tests.dir/test_network_sync.cpp.o
[ 72%] Building CXX object _deps/benchmark-build/src/CMakeFiles/benchmark.dir/timers.cc.o
[ 74%] Linking CXX static library libbenchmark.a
[ 74%] Built target benchmark
[ 76%] Building CXX object tests/CMakeFiles/geryon_tests.dir/test_multi_client.cpp.o
[ 78%] Building CXX object tests/CMakeFiles/geryon_tests.dir/test_synchronization.cpp.o
[ 80%] Building CXX object tests/CMakeFiles/geryon_tests.dir/test_interprocess.cpp.o
[ 82%] Building CXX object tests/CMakeFiles/geryon_tests.dir/test_memnon_integration.cpp.o
[ 85%] Building CXX object tests/CMakeFiles/geryon_tests.dir/test_consistency.cpp.o
[ 87%] Building CXX object tests/CMakeFiles/geryon_tests.dir/test_correctness.cpp.o
[ 89%] Building CXX object tests/CMakeFiles/geryon_tests.dir/test_distributed_sort.cpp.o
[ 91%] Building CXX object _deps/benchmark-build/src/CMakeFiles/benchmark_main.dir/benchmark_main.cc.o
[ 93%] Linking CXX static library libbenchmark_main.a
[ 93%] Built target benchmark_main
[ 95%] Building CXX object benchmarks/CMakeFiles/benchmark_page_transfer.dir/benchmark_page_transfer.cpp.o
[91m/app/tests/test_distributed_sort.cpp: In lambda function:
/app/tests/test_distributed_sort.cpp:152:24: warning: ignoring return value of 'int system(const char*)' declared with attribute 'warn_unused_result' [-Wunused-result]
  152 |             std::system(cmd.c_str());
      |             ~~~~~~~~~~~^~~~~~~~~~~~~
[0m[ 97%] Linking CXX executable geryon_tests
[ 97%] Built target geryon_tests
[100%] Linking CXX executable benchmark_page_transfer
[100%] Built target benchmark_page_transfer
 ---> Removed intermediate container 68ef16a65297
 ---> e330aa997e22
Step 6/6 : CMD ["./build-linux/tests/geryon_tests"]
 ---> Running in 1ca33f1d3690
 ---> Removed intermediate container 1ca33f1d3690
 ---> fab4132dce03
Successfully built fab4132dce03
Successfully tagged geryon-linux-tests:latest
Running tests in Docker container...
Running main() from /app/build-linux/_deps/googletest-src/googletest/src/gtest_main.cc
[==========] Running 15 tests from 10 test suites.
[----------] Global test environment set-up.
[----------] 2 tests from MemoryRegionTest
[ RUN      ] MemoryRegionTest.AllocationAndPageSize
[       OK ] MemoryRegionTest.AllocationAndPageSize (0 ms)
[ RUN      ] MemoryRegionTest.ProtectionChanges
[       OK ] MemoryRegionTest.ProtectionChanges (3 ms)
[----------] 2 tests from MemoryRegionTest (3 ms total)

[----------] 1 test from FaultHandlerTest
[ RUN      ] FaultHandlerTest.SoftFaultHandling
[       OK ] FaultHandlerTest.SoftFaultHandling (0 ms)
[----------] 1 test from FaultHandlerTest (0 ms total)

[----------] 2 tests from NetworkSyncTest
[ RUN      ] NetworkSyncTest.BouncingOwnership
Replica 1 connected.
[       OK ] NetworkSyncTest.BouncingOwnership (2102 ms)
[ RUN      ] NetworkSyncTest.StressTest
Replica 1 connected.
[       OK ] NetworkSyncTest.StressTest (2163 ms)
[----------] 2 tests from NetworkSyncTest (4266 ms total)

[----------] 1 test from MultiClientTest
[ RUN      ] MultiClientTest.StarTopologyBouncing
Replica 1 connected.
Replica 2 connected.
Replica 3 connected.
[       OK ] MultiClientTest.StarTopologyBouncing (6534 ms)
[----------] 1 test from MultiClientTest (6535 ms total)

[----------] 1 test from SynchronizationTest
[ RUN      ] SynchronizationTest.DistributedSpinLock
Replica 1 connected.
Primary finished.
Replica finished.
[       OK ] SynchronizationTest.DistributedSpinLock (2273 ms)
[----------] 1 test from SynchronizationTest (2273 ms total)

[----------] 1 test from InterprocessTest
[ RUN      ] InterprocessTest.SharedVector
Replica 1 connected.
[       OK ] InterprocessTest.SharedVector (2107 ms)
[----------] 1 test from InterprocessTest (2107 ms total)

[----------] 1 test from MemnonIntegrationTest
[ RUN      ] MemnonIntegrationTest.SegmentedInterprocess
Replica 1 connected.
[       OK ] MemnonIntegrationTest.SegmentedInterprocess (2195 ms)
[----------] 1 test from MemnonIntegrationTest (2195 ms total)

[----------] 3 tests from ConsistencyTest
[ RUN      ] ConsistencyTest.TriggerSynchronization
Starting primary...
Primary started.
Starting replica...
Replica 1 connected.
Replica started.
Simulating replica page request 1
Simulating replica page request 2
Replica writing to pages
Primary triggering synchronization
Primary checking consistency
Stopping nodes
Test complete
[       OK ] ConsistencyTest.TriggerSynchronization (2201 ms)
[ RUN      ] ConsistencyTest.ReplicaStopFlushesData
Replica 1 connected.
[       OK ] ConsistencyTest.ReplicaStopFlushesData (2199 ms)
[ RUN      ] ConsistencyTest.PrimaryStopInitiatesHandshake
Replica 1 connected.
[       OK ] ConsistencyTest.PrimaryStopInitiatesHandshake (2100 ms)
[----------] 3 tests from ConsistencyTest (6502 ms total)

[----------] 2 tests from CorrectnessTest
[ RUN      ] CorrectnessTest.MultithreadMultipageCorrectness
Replica 1 connected.
Replica 2 connected.
Replica 3 connected.
[       OK ] CorrectnessTest.MultithreadMultipageCorrectness (36135 ms)
[ RUN      ] CorrectnessTest.MultiprocessMultipageCorrectness
Running main() from /app/build-linux/_deps/googletest-src/googletest/src/gtest_main.cc
Note: Google Test filter = CorrectnessTest.MultiprocessMultipageCorrectness
[==========] Running 1 test from 1 test suite.
[----------] Global test environment set-up.
[----------] 1 test from CorrectnessTest
[ RUN      ] CorrectnessTest.MultiprocessMultipageCorrectness
Replica 1 connected.
Running main() from /app/build-linux/_deps/googletest-src/googletest/src/gtest_main.cc
Note: Google Test filter = CorrectnessTest.MultiprocessMultipageCorrectness
[==========] Running 1 test from 1 test suite.
[----------] Global test environment set-up.
[----------] 1 test from CorrectnessTest
[ RUN      ] CorrectnessTest.MultiprocessMultipageCorrectness
Replica 2 connected.
Running main() from /app/build-linux/_deps/googletest-src/googletest/src/gtest_main.cc
Note: Google Test filter = CorrectnessTest.MultiprocessMultipageCorrectness
[==========] Running 1 test from 1 test suite.
[----------] Global test environment set-up.
[----------] 1 test from CorrectnessTest
[ RUN      ] CorrectnessTest.MultiprocessMultipageCorrectness
Replica 3 connected.
[       OK ] CorrectnessTest.MultiprocessMultipageCorrectness (2169 ms)
[----------] 2 tests from CorrectnessTest (38305 ms total)

[----------] 1 test from DistributedSortTest
[ RUN      ] DistributedSortTest.MultiprocessPiecewiseSort
Running main() from /app/build-linux/_deps/googletest-src/googletest/src/gtest_main.cc
Note: Google Test filter = DistributedSortTest.MultiprocessPiecewiseSort
[==========] Running 1 test from 1 test suite.
[----------] Global test environment set-up.
[----------] 1 test from DistributedSortTest
[ RUN      ] DistributedSortTest.MultiprocessPiecewiseSort
Replica 1 connected.
Running main() from /app/build-linux/_deps/googletest-src/googletest/src/gtest_main.cc
Note: Google Test filter = DistributedSortTest.MultiprocessPiecewiseSort
[==========] Running 1 test from 1 test suite.
[----------] Global test environment set-up.
[----------] 1 test from DistributedSortTest
[ RUN      ] DistributedSortTest.MultiprocessPiecewiseSort
Replica 2 connected.
Running main() from /app/build-linux/_deps/googletest-src/googletest/src/gtest_main.cc
Note: Google Test filter = DistributedSortTest.MultiprocessPiecewiseSort
[==========] Running 1 test from 1 test suite.
[----------] Global test environment set-up.
[----------] 1 test from DistributedSortTest
[ RUN      ] DistributedSortTest.MultiprocessPiecewiseSort
Replica 3 connected.
[Primary] Pages Sent: 14660, Pages Received: 14659 | Avg Transfer Time: 4.38813 us | Avg Time Between Transfers: 213.778 us
[Replica 1] Pages Sent: 5155, Pages Received: 5156 | Avg Transfer Time: 19.3758 us | Avg Time Between Transfers: 4183.07 us
[Replica 2] Pages Sent: 5176, Pages Received: 5177 | Avg Transfer Time: 17.0895 us | Avg Time Between Transfers: 4176.11 us
[Replica 3] Pages Sent: 5186, Pages Received: 5187 | Avg Transfer Time: 16.2318 us | Avg Time Between Transfers: 4177.02 us
[       OK ] DistributedSortTest.MultiprocessPiecewiseSort (24503 ms)
[----------] 1 test from DistributedSortTest (24503 ms total)

[----------] Global test environment tear-down
[==========] 15 tests from 10 test suites ran. (86693 ms total)
[  PASSED  ] 15 tests.
Building Docker image for Geryon Linux tests...
DEPRECATED: The legacy builder is deprecated and will be removed in a future release.
            Install the buildx component to build images with BuildKit:
            https://docs.docker.com/go/buildx/

Sending build context to Docker daemon    160MB
Step 1/6 : FROM ubuntu:24.04
 ---> 4fbb8e6a8395
Step 2/6 : RUN apt-get update && apt-get install -y     build-essential     cmake     git     wget     curl     pkg-config     libboost-system-dev     libboost-thread-dev     libboost-program-options-dev     libboost-test-dev     gdb
 ---> Using cache
 ---> 4caa702ced8d
Step 3/6 : WORKDIR /app
 ---> Using cache
 ---> 0e0bd87b4009
Step 4/6 : COPY . /app
 ---> e036da6f22dd
Step 5/6 : RUN mkdir -p build-linux && cd build-linux &&     cmake .. -DCMAKE_BUILD_TYPE=Release &&     make -j$(nproc)
 ---> Running in 928ec8503b1b
-- The CXX compiler identification is GNU 13.3.0
-- Detecting CXX compiler ABI info
-- Detecting CXX compiler ABI info - done
-- Check for working CXX compiler: /usr/bin/c++ - skipped
-- Detecting CXX compile features
-- Detecting CXX compile features - done
-- Found Boost: /usr/lib/aarch64-linux-gnu/cmake/Boost-1.83.0/BoostConfig.cmake (found version "1.83.0")  
-- The C compiler identification is GNU 13.3.0
-- Detecting C compiler ABI info
-- Detecting C compiler ABI info - done
-- Check for working C compiler: /usr/bin/cc - skipped
-- Detecting C compile features
-- Detecting C compile features - done
-- Could NOT find Python3 (missing: Python3_EXECUTABLE Interpreter) 
-- Performing Test CMAKE_HAVE_LIBC_PTHREAD
-- Performing Test CMAKE_HAVE_LIBC_PTHREAD - Success
-- Found Threads: TRUE  
-- Found Git: /usr/bin/git (found version "2.43.0") 
-- git version: v1.8.3 normalized to 1.8.3
-- Google Benchmark version: 1.8.3
-- Looking for shm_open in rt
-- Looking for shm_open in rt - found
-- Performing Test HAVE_CXX_FLAG_WALL
-- Performing Test HAVE_CXX_FLAG_WALL - Success
-- Performing Test HAVE_CXX_FLAG_WEXTRA
-- Performing Test HAVE_CXX_FLAG_WEXTRA - Success
-- Performing Test HAVE_CXX_FLAG_WSHADOW
-- Performing Test HAVE_CXX_FLAG_WSHADOW - Success
-- Performing Test HAVE_CXX_FLAG_WFLOAT_EQUAL
-- Performing Test HAVE_CXX_FLAG_WFLOAT_EQUAL - Success
-- Performing Test HAVE_CXX_FLAG_WOLD_STYLE_CAST
-- Performing Test HAVE_CXX_FLAG_WOLD_STYLE_CAST - Success
-- Performing Test HAVE_CXX_FLAG_WERROR
-- Performing Test HAVE_CXX_FLAG_WERROR - Success
-- Performing Test HAVE_CXX_FLAG_WSUGGEST_OVERRIDE
-- Performing Test HAVE_CXX_FLAG_WSUGGEST_OVERRIDE - Success
-- Performing Test HAVE_CXX_FLAG_PEDANTIC
-- Performing Test HAVE_CXX_FLAG_PEDANTIC - Success
-- Performing Test HAVE_CXX_FLAG_PEDANTIC_ERRORS
-- Performing Test HAVE_CXX_FLAG_PEDANTIC_ERRORS - Success
-- Performing Test HAVE_CXX_FLAG_WSHORTEN_64_TO_32
-- Performing Test HAVE_CXX_FLAG_WSHORTEN_64_TO_32 - Failed
-- Performing Test HAVE_CXX_FLAG_FSTRICT_ALIASING
-- Performing Test HAVE_CXX_FLAG_FSTRICT_ALIASING - Success
-- Performing Test HAVE_CXX_FLAG_WNO_DEPRECATED_DECLARATIONS
-- Performing Test HAVE_CXX_FLAG_WNO_DEPRECATED_DECLARATIONS - Success
-- Performing Test HAVE_CXX_FLAG_WNO_DEPRECATED
-- Performing Test HAVE_CXX_FLAG_WNO_DEPRECATED - Success
-- Performing Test HAVE_CXX_FLAG_WSTRICT_ALIASING
-- Performing Test HAVE_CXX_FLAG_WSTRICT_ALIASING - Success
-- Performing Test HAVE_CXX_FLAG_WD654
-- Performing Test HAVE_CXX_FLAG_WD654 - Failed
-- Performing Test HAVE_CXX_FLAG_WTHREAD_SAFETY
-- Performing Test HAVE_CXX_FLAG_WTHREAD_SAFETY - Failed
-- Performing Test HAVE_CXX_FLAG_COVERAGE
-- Performing Test HAVE_CXX_FLAG_COVERAGE - Success
-- Compiling and running to test HAVE_STD_REGEX
-- Performing Test HAVE_STD_REGEX -- success
-- Compiling and running to test HAVE_GNU_POSIX_REGEX
-- Performing Test HAVE_GNU_POSIX_REGEX -- failed to compile
-- Compiling and running to test HAVE_POSIX_REGEX
-- Performing Test HAVE_POSIX_REGEX -- success
-- Compiling and running to test HAVE_STEADY_CLOCK
-- Performing Test HAVE_STEADY_CLOCK -- success
-- Compiling and running to test HAVE_PTHREAD_AFFINITY
-- Performing Test HAVE_PTHREAD_AFFINITY -- success
-- Configuring done (8.3s)
-- Generating done (0.0s)
-- Build files have been written to: /app/build-linux
[  4%] Building CXX object _deps/googletest-build/googletest/CMakeFiles/gtest.dir/src/gtest-all.cc.o
[  4%] Building CXX object CMakeFiles/geryon.dir/src/memory_region.cpp.o
[  6%] Building CXX object CMakeFiles/geryon.dir/src/fault_handler.cpp.o
[91m/app/src/fault_handler.cpp: In member function 'bool geryon::GlobalFaultHandler::handle_fault_from_signal(void*)':
/app/src/fault_handler.cpp:230:18: warning: ignoring return value of 'ssize_t write(int, const void*, size_t)' declared with attribute 'warn_unused_result' [-Wunused-result]
  230 |             write(STDERR_FILENO, errmsg, len);
      |             ~~~~~^~~~~~~~~~~~~~~~~~~~~~~~~~~~
[0m[91m/app/src/fault_handler.cpp:234:22: warning: ignoring return value of 'ssize_t write(int, const void*, size_t)' declared with attribute 'warn_unused_result' [-Wunused-result]
  234 |                 write(STDERR_FILENO, errmsg, len);
      |                 ~~~~~^~~~~~~~~~~~~~~~~~~~~~~~~~~~
[0m[91m/app/src/fault_handler.cpp:236:18: warning: ignoring return value of 'ssize_t write(int, const void*, size_t)' declared with attribute 'warn_unused_result' [-Wunused-result]
  236 |             write(STDERR_FILENO, "\n", 1);
      |             ~~~~~^~~~~~~~~~~~~~~~~~~~~~~~
[0m[91m/app/src/fault_handler.cpp:259:22: warning: ignoring return value of 'ssize_t write(int, const void*, size_t)' declared with attribute 'warn_unused_result' [-Wunused-result]
  259 |                 write(STDERR_FILENO, errmsg, sizeof(errmsg) - 1);
      |                 ~~~~~^~~~~~~~~~~~~~~~~~~~~~~~~~~~~~~~~~~~~~~~~~~
[0m[  8%] Building CXX object CMakeFiles/geryon.dir/src/network_node.cpp.o
[ 10%] Linking CXX static library libgeryon.a
[ 10%] Built target geryon
[ 12%] Building CXX object _deps/benchmark-build/src/CMakeFiles/benchmark.dir/benchmark.cc.o
[ 14%] Linking CXX static library ../../../lib/libgtest.a
[ 14%] Built target gtest
[ 17%] Building CXX object _deps/benchmark-build/src/CMakeFiles/benchmark.dir/benchmark_api_internal.cc.o
[ 19%] Building CXX object _deps/googletest-build/googlemock/CMakeFiles/gmock.dir/src/gmock-all.cc.o
[ 21%] Building CXX object _deps/benchmark-build/src/CMakeFiles/benchmark.dir/benchmark_name.cc.o
[ 23%] Building CXX object _deps/benchmark-build/src/CMakeFiles/benchmark.dir/benchmark_register.cc.o
[ 25%] Linking CXX static library ../../../lib/libgmock.a
[ 25%] Built target gmock
[ 27%] Building CXX object _deps/benchmark-build/src/CMakeFiles/benchmark.dir/benchmark_runner.cc.o
[ 29%] Building CXX object _deps/benchmark-build/src/CMakeFiles/benchmark.dir/check.cc.o
[ 31%] Building CXX object _deps/benchmark-build/src/CMakeFiles/benchmark.dir/colorprint.cc.o
[ 34%] Building CXX object _deps/googletest-build/googletest/CMakeFiles/gtest_main.dir/src/gtest_main.cc.o
[ 36%] Building CXX object _deps/benchmark-build/src/CMakeFiles/benchmark.dir/commandlineflags.cc.o
[ 38%] Linking CXX static library ../../../lib/libgtest_main.a
[ 38%] Built target gtest_main
[ 40%] Building CXX object _deps/benchmark-build/src/CMakeFiles/benchmark.dir/complexity.cc.o
[ 42%] Building CXX object _deps/benchmark-build/src/CMakeFiles/benchmark.dir/console_reporter.cc.o
[ 44%] Building CXX object _deps/googletest-build/googlemock/CMakeFiles/gmock_main.dir/src/gmock_main.cc.o
[ 46%] Building CXX object _deps/benchmark-build/src/CMakeFiles/benchmark.dir/counter.cc.o
[ 48%] Building CXX object _deps/benchmark-build/src/CMakeFiles/benchmark.dir/csv_reporter.cc.o
[ 51%] Linking CXX static library ../../../lib/libgmock_main.a
[ 51%] Built target gmock_main
[ 53%] Building CXX object _deps/benchmark-build/src/CMakeFiles/benchmark.dir/json_reporter.cc.o
[ 55%] Building CXX object tests/CMakeFiles/geryon_tests.dir/test_memory_region.cpp.o
[ 57%] Building CXX object _deps/benchmark-build/src/CMakeFiles/benchmark.dir/perf_counters.cc.o
[ 59%] Building CXX object _deps/benchmark-build/src/CMakeFiles/benchmark.dir/reporter.cc.o
[ 61%] Building CXX object _deps/benchmark-build/src/CMakeFiles/benchmark.dir/statistics.cc.o
[ 63%] Building CXX object tests/CMakeFiles/geryon_tests.dir/test_fault_handler.cpp.o
[ 65%] Building CXX object tests/CMakeFiles/geryon_tests.dir/test_network_sync.cpp.o
[ 68%] Building CXX object _deps/benchmark-build/src/CMakeFiles/benchmark.dir/string_util.cc.o
[ 70%] Building CXX object _deps/benchmark-build/src/CMakeFiles/benchmark.dir/sysinfo.cc.o
[ 72%] Building CXX object _deps/benchmark-build/src/CMakeFiles/benchmark.dir/timers.cc.o
[ 74%] Linking CXX static library libbenchmark.a
[ 74%] Built target benchmark
[ 76%] Building CXX object tests/CMakeFiles/geryon_tests.dir/test_multi_client.cpp.o
[ 78%] Building CXX object tests/CMakeFiles/geryon_tests.dir/test_synchronization.cpp.o
[ 80%] Building CXX object tests/CMakeFiles/geryon_tests.dir/test_interprocess.cpp.o
[ 82%] Building CXX object _deps/benchmark-build/src/CMakeFiles/benchmark_main.dir/benchmark_main.cc.o
[ 85%] Linking CXX static library libbenchmark_main.a
[ 85%] Built target benchmark_main
[ 87%] Building CXX object benchmarks/CMakeFiles/benchmark_page_transfer.dir/benchmark_page_transfer.cpp.o
[ 89%] Linking CXX executable benchmark_page_transfer
[ 89%] Built target benchmark_page_transfer
[ 91%] Building CXX object tests/CMakeFiles/geryon_tests.dir/test_memnon_integration.cpp.o
[ 93%] Building CXX object tests/CMakeFiles/geryon_tests.dir/test_consistency.cpp.o
[ 95%] Building CXX object tests/CMakeFiles/geryon_tests.dir/test_correctness.cpp.o
[ 97%] Building CXX object tests/CMakeFiles/geryon_tests.dir/test_distributed_sort.cpp.o
[91m/app/tests/test_distributed_sort.cpp: In lambda function:
/app/tests/test_distributed_sort.cpp:152:24: warning: ignoring return value of 'int system(const char*)' declared with attribute 'warn_unused_result' [-Wunused-result]
  152 |             std::system(cmd.c_str());
      |             ~~~~~~~~~~~^~~~~~~~~~~~~
[0m[100%] Linking CXX executable geryon_tests
[100%] Built target geryon_tests
 ---> Removed intermediate container 928ec8503b1b
 ---> 9e7569a2d7af
Step 6/6 : CMD ["./build-linux/tests/geryon_tests"]
 ---> Running in 1d1eddab92e9
 ---> Removed intermediate container 1d1eddab92e9
 ---> babbc530e225
Successfully built babbc530e225
Successfully tagged geryon-linux-tests:latest
Running tests in Docker container...
Running main() from /app/build-linux/_deps/googletest-src/googletest/src/gtest_main.cc
[==========] Running 15 tests from 10 test suites.
[----------] Global test environment set-up.
[----------] 2 tests from MemoryRegionTest
[ RUN      ] MemoryRegionTest.AllocationAndPageSize
[       OK ] MemoryRegionTest.AllocationAndPageSize (0 ms)
[ RUN      ] MemoryRegionTest.ProtectionChanges
[       OK ] MemoryRegionTest.ProtectionChanges (4 ms)
[----------] 2 tests from MemoryRegionTest (4 ms total)

[----------] 1 test from FaultHandlerTest
[ RUN      ] FaultHandlerTest.SoftFaultHandling
[       OK ] FaultHandlerTest.SoftFaultHandling (0 ms)
[----------] 1 test from FaultHandlerTest (0 ms total)

[----------] 2 tests from NetworkSyncTest
[ RUN      ] NetworkSyncTest.BouncingOwnership
Replica 1 connected.
[       OK ] NetworkSyncTest.BouncingOwnership (2103 ms)
[ RUN      ] NetworkSyncTest.StressTest
Replica 1 connected.
[       OK ] NetworkSyncTest.StressTest (2207 ms)
[----------] 2 tests from NetworkSyncTest (4311 ms total)

[----------] 1 test from MultiClientTest
[ RUN      ] MultiClientTest.StarTopologyBouncing
Replica 1 connected.
Replica 2 connected.
Replica 3 connected.
[       OK ] MultiClientTest.StarTopologyBouncing (6530 ms)
[----------] 1 test from MultiClientTest (6530 ms total)

[----------] 1 test from SynchronizationTest
[ RUN      ] SynchronizationTest.DistributedSpinLock
Replica 1 connected.
Primary finished.
Replica finished.
[       OK ] SynchronizationTest.DistributedSpinLock (2269 ms)
[----------] 1 test from SynchronizationTest (2269 ms total)

[----------] 1 test from InterprocessTest
[ RUN      ] InterprocessTest.SharedVector
Replica 1 connected.
[       OK ] InterprocessTest.SharedVector (2106 ms)
[----------] 1 test from InterprocessTest (2106 ms total)

[----------] 1 test from MemnonIntegrationTest
[ RUN      ] MemnonIntegrationTest.SegmentedInterprocess
Replica 1 connected.
[       OK ] MemnonIntegrationTest.SegmentedInterprocess (2193 ms)
[----------] 1 test from MemnonIntegrationTest (2193 ms total)

[----------] 3 tests from ConsistencyTest
[ RUN      ] ConsistencyTest.TriggerSynchronization
Starting primary...
Primary started.
Starting replica...
Replica started.
Replica 1 connected.
Simulating replica page request 1
Simulating replica page request 2
Replica writing to pages
Primary triggering synchronization
Primary checking consistency
Stopping nodes
Test complete
[       OK ] ConsistencyTest.TriggerSynchronization (2199 ms)
[ RUN      ] ConsistencyTest.ReplicaStopFlushesData
Replica 1 connected.
[       OK ] ConsistencyTest.ReplicaStopFlushesData (2197 ms)
[ RUN      ] ConsistencyTest.PrimaryStopInitiatesHandshake
Replica 1 connected.
[       OK ] ConsistencyTest.PrimaryStopInitiatesHandshake (2094 ms)
[----------] 3 tests from ConsistencyTest (6491 ms total)

[----------] 2 tests from CorrectnessTest
[ RUN      ] CorrectnessTest.MultithreadMultipageCorrectness
Replica 1 connected.
Replica 2 connected.
Replica 3 connected.
[       OK ] CorrectnessTest.MultithreadMultipageCorrectness (36228 ms)
[ RUN      ] CorrectnessTest.MultiprocessMultipageCorrectness
Running main() from /app/build-linux/_deps/googletest-src/googletest/src/gtest_main.cc
Note: Google Test filter = CorrectnessTest.MultiprocessMultipageCorrectness
[==========] Running 1 test from 1 test suite.
[----------] Global test environment set-up.
[----------] 1 test from CorrectnessTest
[ RUN      ] CorrectnessTest.MultiprocessMultipageCorrectness
Replica 1 connected.
Running main() from /app/build-linux/_deps/googletest-src/googletest/src/gtest_main.cc
Note: Google Test filter = CorrectnessTest.MultiprocessMultipageCorrectness
[==========] Running 1 test from 1 test suite.
[----------] Global test environment set-up.
[----------] 1 test from CorrectnessTest
[ RUN      ] CorrectnessTest.MultiprocessMultipageCorrectness
Replica 2 connected.
Running main() from /app/build-linux/_deps/googletest-src/googletest/src/gtest_main.cc
Note: Google Test filter = CorrectnessTest.MultiprocessMultipageCorrectness
[==========] Running 1 test from 1 test suite.
[----------] Global test environment set-up.
[----------] 1 test from CorrectnessTest
[ RUN      ] CorrectnessTest.MultiprocessMultipageCorrectness
Replica 3 connected.
[       OK ] CorrectnessTest.MultiprocessMultipageCorrectness (2169 ms)
[----------] 2 tests from CorrectnessTest (38398 ms total)

[----------] 1 test from DistributedSortTest
[ RUN      ] DistributedSortTest.MultiprocessPiecewiseSort
Running main() from /app/build-linux/_deps/googletest-src/googletest/src/gtest_main.cc
Note: Google Test filter = DistributedSortTest.MultiprocessPiecewiseSort
[==========] Running 1 test from 1 test suite.
[----------] Global test environment set-up.
[----------] 1 test from DistributedSortTest
[ RUN      ] DistributedSortTest.MultiprocessPiecewiseSort
Replica 1 connected.
Running main() from /app/build-linux/_deps/googletest-src/googletest/src/gtest_main.cc
Note: Google Test filter = DistributedSortTest.MultiprocessPiecewiseSort
[==========] Running 1 test from 1 test suite.
[----------] Global test environment set-up.
[----------] 1 test from DistributedSortTest
[ RUN      ] DistributedSortTest.MultiprocessPiecewiseSort
Replica 2 connected.
Running main() from /app/build-linux/_deps/googletest-src/googletest/src/gtest_main.cc
Note: Google Test filter = DistributedSortTest.MultiprocessPiecewiseSort
[==========] Running 1 test from 1 test suite.
[----------] Global test environment set-up.
[----------] 1 test from DistributedSortTest
[ RUN      ] DistributedSortTest.MultiprocessPiecewiseSort
Replica 3 connected.
[Primary] Pages Sent: 14660, Pages Received: 14659 | Avg Transfer Time: 4.58602 us | Avg Time Between Transfers: 213.467 us
[Replica 1] Pages Sent: 5165, Pages Received: 5166 | Avg Transfer Time: 19.7131 us | Avg Time Between Transfers: 4151.68 us
[Replica 2] Pages Sent: 5158, Pages Received: 5159 | Avg Transfer Time: 19.1869 us | Avg Time Between Transfers: 4165.85 us
[Replica 3] Pages Sent: 5160, Pages Received: 5161 | Avg Transfer Time: 20.3717 us | Avg Time Between Transfers: 4170.99 us
[       OK ] DistributedSortTest.MultiprocessPiecewiseSort (24375 ms)
[----------] 1 test from DistributedSortTest (24376 ms total)

[----------] Global test environment tear-down
[==========] 15 tests from 10 test suites ran. (86681 ms total)
[  PASSED  ] 15 tests.
Building Docker image for Geryon Linux tests...
DEPRECATED: The legacy builder is deprecated and will be removed in a future release.
            Install the buildx component to build images with BuildKit:
            https://docs.docker.com/go/buildx/

Sending build context to Docker daemon  160.1MB
Step 1/6 : FROM ubuntu:24.04
 ---> 4fbb8e6a8395
Step 2/6 : RUN apt-get update && apt-get install -y     build-essential     cmake     git     wget     curl     pkg-config     libboost-system-dev     libboost-thread-dev     libboost-program-options-dev     libboost-test-dev     gdb
 ---> Using cache
 ---> 4caa702ced8d
Step 3/6 : WORKDIR /app
 ---> Using cache
 ---> 0e0bd87b4009
Step 4/6 : COPY . /app
 ---> 85aa084c31b3
Step 5/6 : RUN mkdir -p build-linux && cd build-linux &&     cmake .. -DCMAKE_BUILD_TYPE=Release &&     make -j$(nproc)
 ---> Running in 97945f6f9138
-- The CXX compiler identification is GNU 13.3.0
-- Detecting CXX compiler ABI info
-- Detecting CXX compiler ABI info - done
-- Check for working CXX compiler: /usr/bin/c++ - skipped
-- Detecting CXX compile features
-- Detecting CXX compile features - done
-- Found Boost: /usr/lib/aarch64-linux-gnu/cmake/Boost-1.83.0/BoostConfig.cmake (found version "1.83.0")  
-- The C compiler identification is GNU 13.3.0
-- Detecting C compiler ABI info
-- Detecting C compiler ABI info - done
-- Check for working C compiler: /usr/bin/cc - skipped
-- Detecting C compile features
-- Detecting C compile features - done
-- Could NOT find Python3 (missing: Python3_EXECUTABLE Interpreter) 
-- Performing Test CMAKE_HAVE_LIBC_PTHREAD
-- Performing Test CMAKE_HAVE_LIBC_PTHREAD - Success
-- Found Threads: TRUE  
-- Found Git: /usr/bin/git (found version "2.43.0") 
-- git version: v1.8.3 normalized to 1.8.3
-- Google Benchmark version: 1.8.3
-- Looking for shm_open in rt
-- Looking for shm_open in rt - found
-- Performing Test HAVE_CXX_FLAG_WALL
-- Performing Test HAVE_CXX_FLAG_WALL - Success
-- Performing Test HAVE_CXX_FLAG_WEXTRA
-- Performing Test HAVE_CXX_FLAG_WEXTRA - Success
-- Performing Test HAVE_CXX_FLAG_WSHADOW
-- Performing Test HAVE_CXX_FLAG_WSHADOW - Success
-- Performing Test HAVE_CXX_FLAG_WFLOAT_EQUAL
-- Performing Test HAVE_CXX_FLAG_WFLOAT_EQUAL - Success
-- Performing Test HAVE_CXX_FLAG_WOLD_STYLE_CAST
-- Performing Test HAVE_CXX_FLAG_WOLD_STYLE_CAST - Success
-- Performing Test HAVE_CXX_FLAG_WERROR
-- Performing Test HAVE_CXX_FLAG_WERROR - Success
-- Performing Test HAVE_CXX_FLAG_WSUGGEST_OVERRIDE
-- Performing Test HAVE_CXX_FLAG_WSUGGEST_OVERRIDE - Success
-- Performing Test HAVE_CXX_FLAG_PEDANTIC
-- Performing Test HAVE_CXX_FLAG_PEDANTIC - Success
-- Performing Test HAVE_CXX_FLAG_PEDANTIC_ERRORS
-- Performing Test HAVE_CXX_FLAG_PEDANTIC_ERRORS - Success
-- Performing Test HAVE_CXX_FLAG_WSHORTEN_64_TO_32
-- Performing Test HAVE_CXX_FLAG_WSHORTEN_64_TO_32 - Failed
-- Performing Test HAVE_CXX_FLAG_FSTRICT_ALIASING
-- Performing Test HAVE_CXX_FLAG_FSTRICT_ALIASING - Success
-- Performing Test HAVE_CXX_FLAG_WNO_DEPRECATED_DECLARATIONS
-- Performing Test HAVE_CXX_FLAG_WNO_DEPRECATED_DECLARATIONS - Success
-- Performing Test HAVE_CXX_FLAG_WNO_DEPRECATED
-- Performing Test HAVE_CXX_FLAG_WNO_DEPRECATED - Success
-- Performing Test HAVE_CXX_FLAG_WSTRICT_ALIASING
-- Performing Test HAVE_CXX_FLAG_WSTRICT_ALIASING - Success
-- Performing Test HAVE_CXX_FLAG_WD654
-- Performing Test HAVE_CXX_FLAG_WD654 - Failed
-- Performing Test HAVE_CXX_FLAG_WTHREAD_SAFETY
-- Performing Test HAVE_CXX_FLAG_WTHREAD_SAFETY - Failed
-- Performing Test HAVE_CXX_FLAG_COVERAGE
-- Performing Test HAVE_CXX_FLAG_COVERAGE - Success
-- Compiling and running to test HAVE_STD_REGEX
-- Performing Test HAVE_STD_REGEX -- success
-- Compiling and running to test HAVE_GNU_POSIX_REGEX
-- Performing Test HAVE_GNU_POSIX_REGEX -- failed to compile
-- Compiling and running to test HAVE_POSIX_REGEX
-- Performing Test HAVE_POSIX_REGEX -- success
-- Compiling and running to test HAVE_STEADY_CLOCK
-- Performing Test HAVE_STEADY_CLOCK -- success
-- Compiling and running to test HAVE_PTHREAD_AFFINITY
-- Performing Test HAVE_PTHREAD_AFFINITY -- success
-- Configuring done (9.0s)
-- Generating done (0.0s)
-- Build files have been written to: /app/build-linux
[  2%] Building CXX object _deps/googletest-build/googletest/CMakeFiles/gtest.dir/src/gtest-all.cc.o
[  4%] Building CXX object CMakeFiles/geryon.dir/src/memory_region.cpp.o
[  6%] Building CXX object CMakeFiles/geryon.dir/src/fault_handler.cpp.o
[91m/app/src/fault_handler.cpp: In member function 'bool geryon::GlobalFaultHandler::handle_fault_from_signal(void*)':
/app/src/fault_handler.cpp:230:18: warning: ignoring return value of 'ssize_t write(int, const void*, size_t)' declared with attribute 'warn_unused_result' [-Wunused-result]
  230 |             write(STDERR_FILENO, errmsg, len);
      |             ~~~~~^~~~~~~~~~~~~~~~~~~~~~~~~~~~
[0m[91m/app/src/fault_handler.cpp:234:22: warning: ignoring return value of 'ssize_t write(int, const void*, size_t)' declared with attribute 'warn_unused_result' [-Wunused-result]
  234 |                 write(STDERR_FILENO, errmsg, len);
      |                 ~~~~~^~~~~~~~~~~~~~~~~~~~~~~~~~~~
[0m[91m/app/src/fault_handler.cpp:236:18: warning: ignoring return value of 'ssize_t write(int, const void*, size_t)' declared with attribute 'warn_unused_result' [-Wunused-result]
  236 |             write(STDERR_FILENO, "\n", 1);
      |             ~~~~~^~~~~~~~~~~~~~~~~~~~~~~~
[0m[91m/app/src/fault_handler.cpp:259:22: warning: ignoring return value of 'ssize_t write(int, const void*, size_t)' declared with attribute 'warn_unused_result' [-Wunused-result]
  259 |                 write(STDERR_FILENO, errmsg, sizeof(errmsg) - 1);
      |                 ~~~~~^~~~~~~~~~~~~~~~~~~~~~~~~~~~~~~~~~~~~~~~~~~
[0m[  8%] Building CXX object CMakeFiles/geryon.dir/src/network_node.cpp.o
[ 10%] Linking CXX static library libgeryon.a
[ 10%] Built target geryon
[ 12%] Building CXX object _deps/benchmark-build/src/CMakeFiles/benchmark.dir/benchmark.cc.o
[ 14%] Linking CXX static library ../../../lib/libgtest.a
[ 14%] Built target gtest
[ 17%] Building CXX object _deps/benchmark-build/src/CMakeFiles/benchmark.dir/benchmark_api_internal.cc.o
[ 19%] Building CXX object _deps/googletest-build/googlemock/CMakeFiles/gmock.dir/src/gmock-all.cc.o
[ 21%] Building CXX object _deps/benchmark-build/src/CMakeFiles/benchmark.dir/benchmark_name.cc.o
[ 23%] Building CXX object _deps/benchmark-build/src/CMakeFiles/benchmark.dir/benchmark_register.cc.o
[ 25%] Linking CXX static library ../../../lib/libgmock.a
[ 25%] Built target gmock
[ 27%] Building CXX object _deps/benchmark-build/src/CMakeFiles/benchmark.dir/benchmark_runner.cc.o
[ 29%] Building CXX object _deps/benchmark-build/src/CMakeFiles/benchmark.dir/check.cc.o
[ 31%] Building CXX object _deps/benchmark-build/src/CMakeFiles/benchmark.dir/colorprint.cc.o
[ 34%] Building CXX object _deps/googletest-build/googletest/CMakeFiles/gtest_main.dir/src/gtest_main.cc.o
[ 36%] Building CXX object _deps/benchmark-build/src/CMakeFiles/benchmark.dir/commandlineflags.cc.o
[ 38%] Linking CXX static library ../../../lib/libgtest_main.a
[ 38%] Built target gtest_main
[ 40%] Building CXX object _deps/benchmark-build/src/CMakeFiles/benchmark.dir/complexity.cc.o
[ 42%] Building CXX object _deps/benchmark-build/src/CMakeFiles/benchmark.dir/console_reporter.cc.o
[ 44%] Building CXX object _deps/googletest-build/googlemock/CMakeFiles/gmock_main.dir/src/gmock_main.cc.o
[ 46%] Building CXX object _deps/benchmark-build/src/CMakeFiles/benchmark.dir/counter.cc.o
[ 48%] Building CXX object _deps/benchmark-build/src/CMakeFiles/benchmark.dir/csv_reporter.cc.o
[ 51%] Linking CXX static library ../../../lib/libgmock_main.a
[ 51%] Built target gmock_main
[ 53%] Building CXX object _deps/benchmark-build/src/CMakeFiles/benchmark.dir/json_reporter.cc.o
[ 55%] Building CXX object tests/CMakeFiles/geryon_tests.dir/test_memory_region.cpp.o
[ 57%] Building CXX object _deps/benchmark-build/src/CMakeFiles/benchmark.dir/perf_counters.cc.o
[ 59%] Building CXX object _deps/benchmark-build/src/CMakeFiles/benchmark.dir/reporter.cc.o
[ 61%] Building CXX object _deps/benchmark-build/src/CMakeFiles/benchmark.dir/statistics.cc.o
[ 63%] Building CXX object tests/CMakeFiles/geryon_tests.dir/test_fault_handler.cpp.o
[ 65%] Building CXX object _deps/benchmark-build/src/CMakeFiles/benchmark.dir/string_util.cc.o
[ 68%] Building CXX object tests/CMakeFiles/geryon_tests.dir/test_network_sync.cpp.o
[ 70%] Building CXX object _deps/benchmark-build/src/CMakeFiles/benchmark.dir/sysinfo.cc.o
[ 72%] Building CXX object _deps/benchmark-build/src/CMakeFiles/benchmark.dir/timers.cc.o
[ 74%] Linking CXX static library libbenchmark.a
[ 74%] Built target benchmark
[ 76%] Building CXX object tests/CMakeFiles/geryon_tests.dir/test_multi_client.cpp.o
[ 78%] Building CXX object tests/CMakeFiles/geryon_tests.dir/test_synchronization.cpp.o
[ 80%] Building CXX object tests/CMakeFiles/geryon_tests.dir/test_interprocess.cpp.o
[ 82%] Building CXX object tests/CMakeFiles/geryon_tests.dir/test_memnon_integration.cpp.o
[ 85%] Building CXX object tests/CMakeFiles/geryon_tests.dir/test_consistency.cpp.o
[ 87%] Building CXX object _deps/benchmark-build/src/CMakeFiles/benchmark_main.dir/benchmark_main.cc.o
[ 89%] Linking CXX static library libbenchmark_main.a
[ 89%] Built target benchmark_main
[ 91%] Building CXX object tests/CMakeFiles/geryon_tests.dir/test_correctness.cpp.o
[ 93%] Building CXX object benchmarks/CMakeFiles/benchmark_page_transfer.dir/benchmark_page_transfer.cpp.o
[ 95%] Building CXX object tests/CMakeFiles/geryon_tests.dir/test_distributed_sort.cpp.o
[ 97%] Linking CXX executable benchmark_page_transfer
[ 97%] Built target benchmark_page_transfer
[91m/app/tests/test_distributed_sort.cpp: In lambda function:
/app/tests/test_distributed_sort.cpp:152:24: warning: ignoring return value of 'int system(const char*)' declared with attribute 'warn_unused_result' [-Wunused-result]
  152 |             std::system(cmd.c_str());
      |             ~~~~~~~~~~~^~~~~~~~~~~~~
[0m[100%] Linking CXX executable geryon_tests
[100%] Built target geryon_tests
 ---> Removed intermediate container 97945f6f9138
 ---> 1abd171a65b2
Step 6/6 : CMD ["./build-linux/tests/geryon_tests"]
 ---> Running in 40180b6d47a4
 ---> Removed intermediate container 40180b6d47a4
 ---> 57c777951e86
Successfully built 57c777951e86
Successfully tagged geryon-linux-tests:latest
Running tests in Docker container...
Running main() from /app/build-linux/_deps/googletest-src/googletest/src/gtest_main.cc
[==========] Running 15 tests from 10 test suites.
[----------] Global test environment set-up.
[----------] 2 tests from MemoryRegionTest
[ RUN      ] MemoryRegionTest.AllocationAndPageSize
[       OK ] MemoryRegionTest.AllocationAndPageSize (0 ms)
[ RUN      ] MemoryRegionTest.ProtectionChanges
[       OK ] MemoryRegionTest.ProtectionChanges (2 ms)
[----------] 2 tests from MemoryRegionTest (2 ms total)

[----------] 1 test from FaultHandlerTest
[ RUN      ] FaultHandlerTest.SoftFaultHandling
[       OK ] FaultHandlerTest.SoftFaultHandling (0 ms)
[----------] 1 test from FaultHandlerTest (0 ms total)

[----------] 2 tests from NetworkSyncTest
[ RUN      ] NetworkSyncTest.BouncingOwnership
Replica 1 connected.
[       OK ] NetworkSyncTest.BouncingOwnership (2104 ms)
[ RUN      ] NetworkSyncTest.StressTest
Replica 1 connected.
[       OK ] NetworkSyncTest.StressTest (2207 ms)
[----------] 2 tests from NetworkSyncTest (4311 ms total)

[----------] 1 test from MultiClientTest
[ RUN      ] MultiClientTest.StarTopologyBouncing
Replica 1 connected.
Replica 2 connected.
Replica 3 connected.
[       OK ] MultiClientTest.StarTopologyBouncing (6529 ms)
[----------] 1 test from MultiClientTest (6529 ms total)

[----------] 1 test from SynchronizationTest
[ RUN      ] SynchronizationTest.DistributedSpinLock
Replica 1 connected.
Primary finished.
Replica finished.
[       OK ] SynchronizationTest.DistributedSpinLock (2270 ms)
[----------] 1 test from SynchronizationTest (2271 ms total)

[----------] 1 test from InterprocessTest
[ RUN      ] InterprocessTest.SharedVector
Replica 1 connected.
[       OK ] InterprocessTest.SharedVector (2106 ms)
[----------] 1 test from InterprocessTest (2106 ms total)

[----------] 1 test from MemnonIntegrationTest
[ RUN      ] MemnonIntegrationTest.SegmentedInterprocess
Replica 1 connected.
[       OK ] MemnonIntegrationTest.SegmentedInterprocess (2196 ms)
[----------] 1 test from MemnonIntegrationTest (2196 ms total)

[----------] 3 tests from ConsistencyTest
[ RUN      ] ConsistencyTest.TriggerSynchronization
Starting primary...
Replica 1 connected.
Primary started.
Starting replica...
Replica started.
Simulating replica page request 1
Simulating replica page request 2
Replica writing to pages
Primary triggering synchronization
Primary checking consistency
Stopping nodes
Test complete
[       OK ] ConsistencyTest.TriggerSynchronization (2196 ms)
[ RUN      ] ConsistencyTest.ReplicaStopFlushesData
Replica 1 connected.
[       OK ] ConsistencyTest.ReplicaStopFlushesData (2199 ms)
[ RUN      ] ConsistencyTest.PrimaryStopInitiatesHandshake
Replica 1 connected.
[       OK ] ConsistencyTest.PrimaryStopInitiatesHandshake (2094 ms)
[----------] 3 tests from ConsistencyTest (6490 ms total)

[----------] 2 tests from CorrectnessTest
[ RUN      ] CorrectnessTest.MultithreadMultipageCorrectness
Replica 1 connected.
Replica 2 connected.
Replica 3 connected.
[       OK ] CorrectnessTest.MultithreadMultipageCorrectness (21653 ms)
[ RUN      ] CorrectnessTest.MultiprocessMultipageCorrectness
Running main() from /app/build-linux/_deps/googletest-src/googletest/src/gtest_main.cc
Note: Google Test filter = CorrectnessTest.MultiprocessMultipageCorrectness
[==========] Running 1 test from 1 test suite.
[----------] Global test environment set-up.
[----------] 1 test from CorrectnessTest
[ RUN      ] CorrectnessTest.MultiprocessMultipageCorrectness
Replica 1 connected.
Running main() from /app/build-linux/_deps/googletest-src/googletest/src/gtest_main.cc
Note: Google Test filter = CorrectnessTest.MultiprocessMultipageCorrectness
[==========] Running 1 test from 1 test suite.
[----------] Global test environment set-up.
[----------] 1 test from CorrectnessTest
[ RUN      ] CorrectnessTest.MultiprocessMultipageCorrectness
Replica 2 connected.
Running main() from /app/build-linux/_deps/googletest-src/googletest/src/gtest_main.cc
Note: Google Test filter = CorrectnessTest.MultiprocessMultipageCorrectness
[==========] Running 1 test from 1 test suite.
[----------] Global test environment set-up.
[----------] 1 test from CorrectnessTest
[ RUN      ] CorrectnessTest.MultiprocessMultipageCorrectness
Replica 3 connected.
[       OK ] CorrectnessTest.MultiprocessMultipageCorrectness (2169 ms)
[----------] 2 tests from CorrectnessTest (23823 ms total)

[----------] 1 test from DistributedSortTest
[ RUN      ] DistributedSortTest.MultiprocessPiecewiseSort
Running main() from /app/build-linux/_deps/googletest-src/googletest/src/gtest_main.cc
Note: Google Test filter = DistributedSortTest.MultiprocessPiecewiseSort
[==========] Running 1 test from 1 test suite.
[----------] Global test environment set-up.
[----------] 1 test from DistributedSortTest
[ RUN      ] DistributedSortTest.MultiprocessPiecewiseSort
Replica 1 connected.
Running main() from /app/build-linux/_deps/googletest-src/googletest/src/gtest_main.cc
Note: Google Test filter = DistributedSortTest.MultiprocessPiecewiseSort
[==========] Running 1 test from 1 test suite.
[----------] Global test environment set-up.
[----------] 1 test from DistributedSortTest
[ RUN      ] DistributedSortTest.MultiprocessPiecewiseSort
Replica 2 connected.
Running main() from /app/build-linux/_deps/googletest-src/googletest/src/gtest_main.cc
Note: Google Test filter = DistributedSortTest.MultiprocessPiecewiseSort
[==========] Running 1 test from 1 test suite.
[----------] Global test environment set-up.
[----------] 1 test from DistributedSortTest
[ RUN      ] DistributedSortTest.MultiprocessPiecewiseSort
Replica 3 connected.
[Primary] Pages Sent: 14661, Pages Received: 14660 | Avg Transfer Time: 4.27645 us | Avg Time Between Transfers: 214.038 us
[Replica 1] Pages Sent: 5181, Pages Received: 5182 | Avg Transfer Time: 18.5372 us | Avg Time Between Transfers: 4329.89 us
[Replica 2] Pages Sent: 5191, Pages Received: 5192 | Avg Transfer Time: 19.3364 us | Avg Time Between Transfers: 4328.58 us
[Replica 3] Pages Sent: 5202, Pages Received: 5203 | Avg Transfer Time: 18.8566 us | Avg Time Between Transfers: 4327.77 us
[       OK ] DistributedSortTest.MultiprocessPiecewiseSort (25349 ms)
[----------] 1 test from DistributedSortTest (25349 ms total)

[----------] Global test environment tear-down
[==========] 15 tests from 10 test suites ran. (73081 ms total)
[  PASSED  ] 15 tests.
Building Docker image for Geryon Linux tests...
DEPRECATED: The legacy builder is deprecated and will be removed in a future release.
            Install the buildx component to build images with BuildKit:
            https://docs.docker.com/go/buildx/

Sending build context to Docker daemon  160.1MB
Step 1/6 : FROM ubuntu:24.04
 ---> 4fbb8e6a8395
Step 2/6 : RUN apt-get update && apt-get install -y     build-essential     cmake     git     wget     curl     pkg-config     libboost-system-dev     libboost-thread-dev     libboost-program-options-dev     libboost-test-dev     gdb
 ---> Using cache
 ---> 4caa702ced8d
Step 3/6 : WORKDIR /app
 ---> Using cache
 ---> 0e0bd87b4009
Step 4/6 : COPY . /app
 ---> 563e96cd3a32
Step 5/6 : RUN mkdir -p build-linux && cd build-linux &&     cmake .. -DCMAKE_BUILD_TYPE=Release &&     make -j$(nproc)
 ---> Running in 81df149ce524
-- The CXX compiler identification is GNU 13.3.0
-- Detecting CXX compiler ABI info
-- Detecting CXX compiler ABI info - done
-- Check for working CXX compiler: /usr/bin/c++ - skipped
-- Detecting CXX compile features
-- Detecting CXX compile features - done
-- Found Boost: /usr/lib/aarch64-linux-gnu/cmake/Boost-1.83.0/BoostConfig.cmake (found version "1.83.0")  
-- The C compiler identification is GNU 13.3.0
-- Detecting C compiler ABI info
-- Detecting C compiler ABI info - done
-- Check for working C compiler: /usr/bin/cc - skipped
-- Detecting C compile features
-- Detecting C compile features - done
-- Could NOT find Python3 (missing: Python3_EXECUTABLE Interpreter) 
-- Performing Test CMAKE_HAVE_LIBC_PTHREAD
-- Performing Test CMAKE_HAVE_LIBC_PTHREAD - Success
-- Found Threads: TRUE  
-- Found Git: /usr/bin/git (found version "2.43.0") 
-- git version: v1.8.3 normalized to 1.8.3
-- Google Benchmark version: 1.8.3
-- Looking for shm_open in rt
-- Looking for shm_open in rt - found
-- Performing Test HAVE_CXX_FLAG_WALL
-- Performing Test HAVE_CXX_FLAG_WALL - Success
-- Performing Test HAVE_CXX_FLAG_WEXTRA
-- Performing Test HAVE_CXX_FLAG_WEXTRA - Success
-- Performing Test HAVE_CXX_FLAG_WSHADOW
-- Performing Test HAVE_CXX_FLAG_WSHADOW - Success
-- Performing Test HAVE_CXX_FLAG_WFLOAT_EQUAL
-- Performing Test HAVE_CXX_FLAG_WFLOAT_EQUAL - Success
-- Performing Test HAVE_CXX_FLAG_WOLD_STYLE_CAST
-- Performing Test HAVE_CXX_FLAG_WOLD_STYLE_CAST - Success
-- Performing Test HAVE_CXX_FLAG_WERROR
-- Performing Test HAVE_CXX_FLAG_WERROR - Success
-- Performing Test HAVE_CXX_FLAG_WSUGGEST_OVERRIDE
-- Performing Test HAVE_CXX_FLAG_WSUGGEST_OVERRIDE - Success
-- Performing Test HAVE_CXX_FLAG_PEDANTIC
-- Performing Test HAVE_CXX_FLAG_PEDANTIC - Success
-- Performing Test HAVE_CXX_FLAG_PEDANTIC_ERRORS
-- Performing Test HAVE_CXX_FLAG_PEDANTIC_ERRORS - Success
-- Performing Test HAVE_CXX_FLAG_WSHORTEN_64_TO_32
-- Performing Test HAVE_CXX_FLAG_WSHORTEN_64_TO_32 - Failed
-- Performing Test HAVE_CXX_FLAG_FSTRICT_ALIASING
-- Performing Test HAVE_CXX_FLAG_FSTRICT_ALIASING - Success
-- Performing Test HAVE_CXX_FLAG_WNO_DEPRECATED_DECLARATIONS
-- Performing Test HAVE_CXX_FLAG_WNO_DEPRECATED_DECLARATIONS - Success
-- Performing Test HAVE_CXX_FLAG_WNO_DEPRECATED
-- Performing Test HAVE_CXX_FLAG_WNO_DEPRECATED - Success
-- Performing Test HAVE_CXX_FLAG_WSTRICT_ALIASING
-- Performing Test HAVE_CXX_FLAG_WSTRICT_ALIASING - Success
-- Performing Test HAVE_CXX_FLAG_WD654
-- Performing Test HAVE_CXX_FLAG_WD654 - Failed
-- Performing Test HAVE_CXX_FLAG_WTHREAD_SAFETY
-- Performing Test HAVE_CXX_FLAG_WTHREAD_SAFETY - Failed
-- Performing Test HAVE_CXX_FLAG_COVERAGE
-- Performing Test HAVE_CXX_FLAG_COVERAGE - Success
-- Compiling and running to test HAVE_STD_REGEX
-- Performing Test HAVE_STD_REGEX -- success
-- Compiling and running to test HAVE_GNU_POSIX_REGEX
-- Performing Test HAVE_GNU_POSIX_REGEX -- failed to compile
-- Compiling and running to test HAVE_POSIX_REGEX
-- Performing Test HAVE_POSIX_REGEX -- success
-- Compiling and running to test HAVE_STEADY_CLOCK
-- Performing Test HAVE_STEADY_CLOCK -- success
-- Compiling and running to test HAVE_PTHREAD_AFFINITY
-- Performing Test HAVE_PTHREAD_AFFINITY -- success
-- Configuring done (8.8s)
-- Generating done (0.0s)
-- Build files have been written to: /app/build-linux
[  2%] Building CXX object _deps/googletest-build/googletest/CMakeFiles/gtest.dir/src/gtest-all.cc.o
[  4%] Building CXX object CMakeFiles/geryon.dir/src/memory_region.cpp.o
[  6%] Building CXX object CMakeFiles/geryon.dir/src/fault_handler.cpp.o
[91m/app/src/fault_handler.cpp: In member function 'bool geryon::GlobalFaultHandler::handle_fault_from_signal(void*)':
/app/src/fault_handler.cpp:230:18: warning: ignoring return value of 'ssize_t write(int, const void*, size_t)' declared with attribute 'warn_unused_result' [-Wunused-result]
  230 |             write(STDERR_FILENO, errmsg, len);
      |             ~~~~~^~~~~~~~~~~~~~~~~~~~~~~~~~~~
[0m[91m/app/src/fault_handler.cpp:234:22: warning: ignoring return value of 'ssize_t write(int, const void*, size_t)' declared with attribute 'warn_unused_result' [-Wunused-result]
  234 |                 write(STDERR_FILENO, errmsg, len);
      |                 ~~~~~^~~~~~~~~~~~~~~~~~~~~~~~~~~~
/app/src/fault_handler.cpp:236:18: warning: ignoring return value of 'ssize_t write(int, const void*, size_t)' declared with attribute 'warn_unused_result' [-Wunused-result]
  236 |             write(STDERR_FILENO, "\n", 1);
      |             ~~~~~^~~~~~~~~~~~~~~~~~~~~~~~
/app/src/fault_handler.cpp:259:22: warning: ignoring return value of 'ssize_t write(int, const void*, size_t)' declared with attribute 'warn_unused_result' [-Wunused-result]
  259 |                 write(STDERR_FILENO, errmsg, sizeof(errmsg) - 1);
      |                 ~~~~~^~~~~~~~~~~~~~~~~~~~~~~~~~~~~~~~~~~~~~~~~~~
[0m[  8%] Building CXX object CMakeFiles/geryon.dir/src/network_node.cpp.o
[ 10%] Linking CXX static library libgeryon.a
[ 10%] Built target geryon
[ 12%] Building CXX object _deps/benchmark-build/src/CMakeFiles/benchmark.dir/benchmark.cc.o
[ 14%] Linking CXX static library ../../../lib/libgtest.a
[ 14%] Built target gtest
[ 17%] Building CXX object _deps/benchmark-build/src/CMakeFiles/benchmark.dir/benchmark_api_internal.cc.o
[ 19%] Building CXX object _deps/googletest-build/googlemock/CMakeFiles/gmock.dir/src/gmock-all.cc.o
[ 21%] Building CXX object _deps/benchmark-build/src/CMakeFiles/benchmark.dir/benchmark_name.cc.o
[ 23%] Building CXX object _deps/benchmark-build/src/CMakeFiles/benchmark.dir/benchmark_register.cc.o
[ 25%] Linking CXX static library ../../../lib/libgmock.a
[ 25%] Built target gmock
[ 27%] Building CXX object _deps/googletest-build/googletest/CMakeFiles/gtest_main.dir/src/gtest_main.cc.o
[ 29%] Linking CXX static library ../../../lib/libgtest_main.a
[ 29%] Built target gtest_main
[ 31%] Building CXX object _deps/googletest-build/googlemock/CMakeFiles/gmock_main.dir/src/gmock_main.cc.o
[ 34%] Building CXX object _deps/benchmark-build/src/CMakeFiles/benchmark.dir/benchmark_runner.cc.o
[ 36%] Linking CXX static library ../../../lib/libgmock_main.a
[ 36%] Built target gmock_main
[ 38%] Building CXX object _deps/benchmark-build/src/CMakeFiles/benchmark.dir/check.cc.o
[ 40%] Building CXX object tests/CMakeFiles/geryon_tests.dir/test_memory_region.cpp.o
[ 42%] Building CXX object _deps/benchmark-build/src/CMakeFiles/benchmark.dir/colorprint.cc.o
[ 44%] Building CXX object _deps/benchmark-build/src/CMakeFiles/benchmark.dir/commandlineflags.cc.o
[ 46%] Building CXX object tests/CMakeFiles/geryon_tests.dir/test_fault_handler.cpp.o
[ 48%] Building CXX object _deps/benchmark-build/src/CMakeFiles/benchmark.dir/complexity.cc.o
[ 51%] Building CXX object _deps/benchmark-build/src/CMakeFiles/benchmark.dir/console_reporter.cc.o
[ 53%] Building CXX object tests/CMakeFiles/geryon_tests.dir/test_network_sync.cpp.o
[ 55%] Building CXX object _deps/benchmark-build/src/CMakeFiles/benchmark.dir/counter.cc.o
[ 57%] Building CXX object _deps/benchmark-build/src/CMakeFiles/benchmark.dir/csv_reporter.cc.o
[ 59%] Building CXX object _deps/benchmark-build/src/CMakeFiles/benchmark.dir/json_reporter.cc.o
[ 61%] Building CXX object _deps/benchmark-build/src/CMakeFiles/benchmark.dir/perf_counters.cc.o
[ 63%] Building CXX object _deps/benchmark-build/src/CMakeFiles/benchmark.dir/reporter.cc.o
[ 65%] Building CXX object tests/CMakeFiles/geryon_tests.dir/test_multi_client.cpp.o
[ 68%] Building CXX object _deps/benchmark-build/src/CMakeFiles/benchmark.dir/statistics.cc.o
[ 70%] Building CXX object _deps/benchmark-build/src/CMakeFiles/benchmark.dir/string_util.cc.o
[ 72%] Building CXX object _deps/benchmark-build/src/CMakeFiles/benchmark.dir/sysinfo.cc.o
[ 74%] Building CXX object tests/CMakeFiles/geryon_tests.dir/test_synchronization.cpp.o
[ 76%] Building CXX object _deps/benchmark-build/src/CMakeFiles/benchmark.dir/timers.cc.o
[ 78%] Linking CXX static library libbenchmark.a
[ 78%] Built target benchmark
[ 80%] Building CXX object tests/CMakeFiles/geryon_tests.dir/test_interprocess.cpp.o
[ 82%] Building CXX object tests/CMakeFiles/geryon_tests.dir/test_memnon_integration.cpp.o
[ 85%] Building CXX object tests/CMakeFiles/geryon_tests.dir/test_consistency.cpp.o
[ 87%] Building CXX object _deps/benchmark-build/src/CMakeFiles/benchmark_main.dir/benchmark_main.cc.o
[ 89%] Linking CXX static library libbenchmark_main.a
[ 89%] Built target benchmark_main
[ 91%] Building CXX object tests/CMakeFiles/geryon_tests.dir/test_correctness.cpp.o
[ 93%] Building CXX object tests/CMakeFiles/geryon_tests.dir/test_distributed_sort.cpp.o
[ 95%] Building CXX object benchmarks/CMakeFiles/benchmark_page_transfer.dir/benchmark_page_transfer.cpp.o
[91m/app/tests/test_distributed_sort.cpp: In lambda function:
/app/tests/test_distributed_sort.cpp:152:24: warning: ignoring return value of 'int system(const char*)' declared with attribute 'warn_unused_result' [-Wunused-result]
  152 |             std::system(cmd.c_str());
      |             ~~~~~~~~~~~^~~~~~~~~~~~~
[0m[ 97%] Linking CXX executable geryon_tests
[ 97%] Built target geryon_tests
[100%] Linking CXX executable benchmark_page_transfer
[100%] Built target benchmark_page_transfer
 ---> Removed intermediate container 81df149ce524
 ---> 2f8b8d4ec3b5
Step 6/6 : CMD ["./build-linux/tests/geryon_tests"]
 ---> Running in d8e3ad9c8541
 ---> Removed intermediate container d8e3ad9c8541
 ---> a9bbd2a50590
Successfully built a9bbd2a50590
Successfully tagged geryon-linux-tests:latest
Running tests in Docker container...
Running main() from /app/build-linux/_deps/googletest-src/googletest/src/gtest_main.cc
[==========] Running 15 tests from 10 test suites.
[----------] Global test environment set-up.
[----------] 2 tests from MemoryRegionTest
[ RUN      ] MemoryRegionTest.AllocationAndPageSize
[       OK ] MemoryRegionTest.AllocationAndPageSize (0 ms)
[ RUN      ] MemoryRegionTest.ProtectionChanges
[       OK ] MemoryRegionTest.ProtectionChanges (1 ms)
[----------] 2 tests from MemoryRegionTest (2 ms total)

[----------] 1 test from FaultHandlerTest
[ RUN      ] FaultHandlerTest.SoftFaultHandling
[       OK ] FaultHandlerTest.SoftFaultHandling (0 ms)
[----------] 1 test from FaultHandlerTest (0 ms total)

[----------] 2 tests from NetworkSyncTest
[ RUN      ] NetworkSyncTest.BouncingOwnership
Replica 1 connected.
[       OK ] NetworkSyncTest.BouncingOwnership (2102 ms)
[ RUN      ] NetworkSyncTest.StressTest
Replica 1 connected.
[       OK ] NetworkSyncTest.StressTest (2165 ms)
[----------] 2 tests from NetworkSyncTest (4268 ms total)

[----------] 1 test from MultiClientTest
[ RUN      ] MultiClientTest.StarTopologyBouncing
Replica 1 connected.
Replica 2 connected.
Replica 3 connected.
[       OK ] MultiClientTest.StarTopologyBouncing (6524 ms)
[----------] 1 test from MultiClientTest (6524 ms total)

[----------] 1 test from SynchronizationTest
[ RUN      ] SynchronizationTest.DistributedSpinLock
Replica 1 connected.
Primary finished.
Replica finished.
[       OK ] SynchronizationTest.DistributedSpinLock (2271 ms)
[----------] 1 test from SynchronizationTest (2271 ms total)

[----------] 1 test from InterprocessTest
[ RUN      ] InterprocessTest.SharedVector
Replica 1 connected.
[       OK ] InterprocessTest.SharedVector (2104 ms)
[----------] 1 test from InterprocessTest (2104 ms total)

[----------] 1 test from MemnonIntegrationTest
[ RUN      ] MemnonIntegrationTest.SegmentedInterprocess
Replica 1 connected.
[       OK ] MemnonIntegrationTest.SegmentedInterprocess (2198 ms)
[----------] 1 test from MemnonIntegrationTest (2198 ms total)

[----------] 3 tests from ConsistencyTest
[ RUN      ] ConsistencyTest.TriggerSynchronization
Starting primary...
Primary started.
Starting replica...
Replica started.
Replica 1 connected.
Simulating replica page request 1
Simulating replica page request 2
Replica writing to pages
Primary triggering synchronization
Primary checking consistency
Stopping nodes
Test complete
[       OK ] ConsistencyTest.TriggerSynchronization (2198 ms)
[ RUN      ] ConsistencyTest.ReplicaStopFlushesData
Replica 1 connected.
[       OK ] ConsistencyTest.ReplicaStopFlushesData (2201 ms)
[ RUN      ] ConsistencyTest.PrimaryStopInitiatesHandshake
Replica 1 connected.
[       OK ] ConsistencyTest.PrimaryStopInitiatesHandshake (2098 ms)
[----------] 3 tests from ConsistencyTest (6498 ms total)

[----------] 2 tests from CorrectnessTest
[ RUN      ] CorrectnessTest.MultithreadMultipageCorrectness
Replica 1 connected.
Replica 2 connected.
Replica 3 connected.
[       OK ] CorrectnessTest.MultithreadMultipageCorrectness (36308 ms)
[ RUN      ] CorrectnessTest.MultiprocessMultipageCorrectness
Running main() from /app/build-linux/_deps/googletest-src/googletest/src/gtest_main.cc
Note: Google Test filter = CorrectnessTest.MultiprocessMultipageCorrectness
[==========] Running 1 test from 1 test suite.
[----------] Global test environment set-up.
[----------] 1 test from CorrectnessTest
[ RUN      ] CorrectnessTest.MultiprocessMultipageCorrectness
Replica 1 connected.
Running main() from /app/build-linux/_deps/googletest-src/googletest/src/gtest_main.cc
Note: Google Test filter = CorrectnessTest.MultiprocessMultipageCorrectness
[==========] Running 1 test from 1 test suite.
[----------] Global test environment set-up.
[----------] 1 test from CorrectnessTest
[ RUN      ] CorrectnessTest.MultiprocessMultipageCorrectness
Replica 2 connected.
Running main() from /app/build-linux/_deps/googletest-src/googletest/src/gtest_main.cc
Note: Google Test filter = CorrectnessTest.MultiprocessMultipageCorrectness
[==========] Running 1 test from 1 test suite.
[----------] Global test environment set-up.
[----------] 1 test from CorrectnessTest
[ RUN      ] CorrectnessTest.MultiprocessMultipageCorrectness
Replica 3 connected.
[       OK ] CorrectnessTest.MultiprocessMultipageCorrectness (2170 ms)
[----------] 2 tests from CorrectnessTest (38479 ms total)

[----------] 1 test from DistributedSortTest
[ RUN      ] DistributedSortTest.MultiprocessPiecewiseSort
Running main() from /app/build-linux/_deps/googletest-src/googletest/src/gtest_main.cc
Note: Google Test filter = DistributedSortTest.MultiprocessPiecewiseSort
[==========] Running 1 test from 1 test suite.
[----------] Global test environment set-up.
[----------] 1 test from DistributedSortTest
[ RUN      ] DistributedSortTest.MultiprocessPiecewiseSort
Replica 1 connected.
Running main() from /app/build-linux/_deps/googletest-src/googletest/src/gtest_main.cc
Note: Google Test filter = DistributedSortTest.MultiprocessPiecewiseSort
[==========] Running 1 test from 1 test suite.
[----------] Global test environment set-up.
[----------] 1 test from DistributedSortTest
[ RUN      ] DistributedSortTest.MultiprocessPiecewiseSort
Replica 2 connected.
Running main() from /app/build-linux/_deps/googletest-src/googletest/src/gtest_main.cc
Note: Google Test filter = DistributedSortTest.MultiprocessPiecewiseSort
[==========] Running 1 test from 1 test suite.
[----------] Global test environment set-up.
[----------] 1 test from DistributedSortTest
[ RUN      ] DistributedSortTest.MultiprocessPiecewiseSort
Replica 3 connected.
[Primary] Pages Sent: 14660, Pages Received: 14659 | Avg Transfer Time: 4.43417 us | Avg Time Between Transfers: 212.894 us
[Replica 1] Pages Sent: 5107, Pages Received: 5108 | Avg Transfer Time: 16.3642 us | Avg Time Between Transfers: 4088.15 us
[Replica 2] Pages Sent: 5162, Pages Received: 5163 | Avg Transfer Time: 17.6393 us | Avg Time Between Transfers: 4051.09 us
[Replica 3] Pages Sent: 5175, Pages Received: 5176 | Avg Transfer Time: 18.6655 us | Avg Time Between Transfers: 4047.8 us
[       OK ] DistributedSortTest.MultiprocessPiecewiseSort (23785 ms)
[----------] 1 test from DistributedSortTest (23785 ms total)

[----------] Global test environment tear-down
[==========] 15 tests from 10 test suites ran. (86133 ms total)
[  PASSED  ] 15 tests.
