macOS Run 1
Using Homebrew GCC 16: /opt/homebrew/bin/g++-16
CMake Warning (dev) at CMakeLists.txt:17 (find_package):
  Policy CMP0167 is not set: The FindBoost module is removed.  Run "cmake
  --help-policy CMP0167" for policy details.  Use the cmake_policy command to
  set the policy and suppress this warning.

This warning is for project developers.  Use -Wno-dev to suppress it.

-- git version: v1.8.3 normalized to 1.8.3
-- Google Benchmark version: 1.8.3
-- Performing Test HAVE_STD_REGEX -- success
-- Performing Test HAVE_GNU_POSIX_REGEX -- failed to compile
-- Performing Test HAVE_POSIX_REGEX -- success
-- Performing Test HAVE_STEADY_CLOCK -- success
-- Performing Test HAVE_PTHREAD_AFFINITY -- failed to compile
-- Configuring done (0.7s)
-- Generating done (0.0s)
-- Build files have been written to: /Users/zeeshanqazi/Desktop/projects/Geryon/build
[  4%] Built target gtest
[ 12%] Built target geryon
[ 21%] Built target gtest_main
[ 21%] Built target gmock
[ 63%] Built target benchmark
[ 68%] Built target gmock_main
[ 72%] Built target benchmark_main
[ 76%] Built target benchmark_page_transfer
[100%] Built target geryon_tests
Build complete. Executables are in build/tests/ and build/benchmarks/.
UpdateCTestConfiguration  from :/Users/zeeshanqazi/Desktop/projects/Geryon/build/DartConfiguration.tcl
Test project /Users/zeeshanqazi/Desktop/projects/Geryon/build
Constructing a list of tests
Done constructing a list of tests
Updating test list for fixtures
Added 0 tests to meet fixture requirements
Checking test dependency graph...
Checking test dependency graph end
test 1
      Start  1: MemoryRegionTest.AllocationAndPageSize

1: Test command: /Users/zeeshanqazi/Desktop/projects/Geryon/build/tests/geryon_tests "--gtest_filter=MemoryRegionTest.AllocationAndPageSize" "--gtest_also_run_disabled_tests"
1: Working Directory: /Users/zeeshanqazi/Desktop/projects/Geryon/build/tests
1: Test timeout computed to be: 10000000
1: Running main() from /Users/zeeshanqazi/Desktop/projects/Geryon/build/_deps/googletest-src/googletest/src/gtest_main.cc
1: Note: Google Test filter = MemoryRegionTest.AllocationAndPageSize
1: [==========] Running 1 test from 1 test suite.
1: [----------] Global test environment set-up.
1: [----------] 1 test from MemoryRegionTest
1: [ RUN      ] MemoryRegionTest.AllocationAndPageSize
1: [       OK ] MemoryRegionTest.AllocationAndPageSize (0 ms)
1: [----------] 1 test from MemoryRegionTest (0 ms total)
1: 
1: [----------] Global test environment tear-down
1: [==========] 1 test from 1 test suite ran. (0 ms total)
1: [  PASSED  ] 1 test.
 1/15 Test  #1: MemoryRegionTest.AllocationAndPageSize .............   Passed    0.01 sec
test 2
      Start  2: MemoryRegionTest.ProtectionChanges

2: Test command: /Users/zeeshanqazi/Desktop/projects/Geryon/build/tests/geryon_tests "--gtest_filter=MemoryRegionTest.ProtectionChanges" "--gtest_also_run_disabled_tests"
2: Working Directory: /Users/zeeshanqazi/Desktop/projects/Geryon/build/tests
2: Test timeout computed to be: 10000000
2: Running main() from /Users/zeeshanqazi/Desktop/projects/Geryon/build/_deps/googletest-src/googletest/src/gtest_main.cc
2: Note: Google Test filter = MemoryRegionTest.ProtectionChanges
2: [==========] Running 1 test from 1 test suite.
2: [----------] Global test environment set-up.
2: [----------] 1 test from MemoryRegionTest
2: [ RUN      ] MemoryRegionTest.ProtectionChanges
2: [       OK ] MemoryRegionTest.ProtectionChanges (30 ms)
2: [----------] 1 test from MemoryRegionTest (30 ms total)
2: 
2: [----------] Global test environment tear-down
2: [==========] 1 test from 1 test suite ran. (30 ms total)
2: [  PASSED  ] 1 test.
 2/15 Test  #2: MemoryRegionTest.ProtectionChanges .................   Passed    0.04 sec
test 3
      Start  3: FaultHandlerTest.SoftFaultHandling

3: Test command: /Users/zeeshanqazi/Desktop/projects/Geryon/build/tests/geryon_tests "--gtest_filter=FaultHandlerTest.SoftFaultHandling" "--gtest_also_run_disabled_tests"
3: Working Directory: /Users/zeeshanqazi/Desktop/projects/Geryon/build/tests
3: Test timeout computed to be: 10000000
3: Running main() from /Users/zeeshanqazi/Desktop/projects/Geryon/build/_deps/googletest-src/googletest/src/gtest_main.cc
3: Note: Google Test filter = FaultHandlerTest.SoftFaultHandling
3: [==========] Running 1 test from 1 test suite.
3: [----------] Global test environment set-up.
3: [----------] 1 test from FaultHandlerTest
3: [ RUN      ] FaultHandlerTest.SoftFaultHandling
3: [       OK ] FaultHandlerTest.SoftFaultHandling (0 ms)
3: [----------] 1 test from FaultHandlerTest (0 ms total)
3: 
3: [----------] Global test environment tear-down
3: [==========] 1 test from 1 test suite ran. (0 ms total)
3: [  PASSED  ] 1 test.
 3/15 Test  #3: FaultHandlerTest.SoftFaultHandling .................   Passed    0.01 sec
test 4
      Start  4: NetworkSyncTest.BouncingOwnership

4: Test command: /Users/zeeshanqazi/Desktop/projects/Geryon/build/tests/geryon_tests "--gtest_filter=NetworkSyncTest.BouncingOwnership" "--gtest_also_run_disabled_tests"
4: Working Directory: /Users/zeeshanqazi/Desktop/projects/Geryon/build/tests
4: Test timeout computed to be: 10000000
4: Running main() from /Users/zeeshanqazi/Desktop/projects/Geryon/build/_deps/googletest-src/googletest/src/gtest_main.cc
4: Note: Google Test filter = NetworkSyncTest.BouncingOwnership
4: [==========] Running 1 test from 1 test suite.
4: [----------] Global test environment set-up.
4: [----------] 1 test from NetworkSyncTest
4: [ RUN      ] NetworkSyncTest.BouncingOwnership
4: Replica 1 connected.
4: [       OK ] NetworkSyncTest.BouncingOwnership (2125 ms)
4: [----------] 1 test from NetworkSyncTest (2125 ms total)
4: 
4: [----------] Global test environment tear-down
4: [==========] 1 test from 1 test suite ran. (2125 ms total)
4: [  PASSED  ] 1 test.
 4/15 Test  #4: NetworkSyncTest.BouncingOwnership ..................   Passed    2.14 sec
test 5
      Start  5: NetworkSyncTest.StressTest

5: Test command: /Users/zeeshanqazi/Desktop/projects/Geryon/build/tests/geryon_tests "--gtest_filter=NetworkSyncTest.StressTest" "--gtest_also_run_disabled_tests"
5: Working Directory: /Users/zeeshanqazi/Desktop/projects/Geryon/build/tests
5: Test timeout computed to be: 10000000
5: Running main() from /Users/zeeshanqazi/Desktop/projects/Geryon/build/_deps/googletest-src/googletest/src/gtest_main.cc
5: Note: Google Test filter = NetworkSyncTest.StressTest
5: [==========] Running 1 test from 1 test suite.
5: [----------] Global test environment set-up.
5: [----------] 1 test from NetworkSyncTest
5: [ RUN      ] NetworkSyncTest.StressTest
5: Replica 1 connected.
5: [       OK ] NetworkSyncTest.StressTest (2131 ms)
5: [----------] 1 test from NetworkSyncTest (2131 ms total)
5: 
5: [----------] Global test environment tear-down
5: [==========] 1 test from 1 test suite ran. (2131 ms total)
5: [  PASSED  ] 1 test.
 5/15 Test  #5: NetworkSyncTest.StressTest .........................   Passed    2.15 sec
test 6
      Start  6: MultiClientTest.StarTopologyBouncing

6: Test command: /Users/zeeshanqazi/Desktop/projects/Geryon/build/tests/geryon_tests "--gtest_filter=MultiClientTest.StarTopologyBouncing" "--gtest_also_run_disabled_tests"
6: Working Directory: /Users/zeeshanqazi/Desktop/projects/Geryon/build/tests
6: Test timeout computed to be: 10000000
6: Running main() from /Users/zeeshanqazi/Desktop/projects/Geryon/build/_deps/googletest-src/googletest/src/gtest_main.cc
6: Note: Google Test filter = MultiClientTest.StarTopologyBouncing
6: [==========] Running 1 test from 1 test suite.
6: [----------] Global test environment set-up.
6: [----------] 1 test from MultiClientTest
6: [ RUN      ] MultiClientTest.StarTopologyBouncing
6: Replica 1 connected.
6: Replica 2 connected.
6: Replica 3 connected.
6: [       OK ] MultiClientTest.StarTopologyBouncing (6401 ms)
6: [----------] 1 test from MultiClientTest (6401 ms total)
6: 
6: [----------] Global test environment tear-down
6: [==========] 1 test from 1 test suite ran. (6401 ms total)
6: [  PASSED  ] 1 test.
 6/15 Test  #6: MultiClientTest.StarTopologyBouncing ...............   Passed    6.42 sec
test 7
      Start  7: SynchronizationTest.DistributedSpinLock

7: Test command: /Users/zeeshanqazi/Desktop/projects/Geryon/build/tests/geryon_tests "--gtest_filter=SynchronizationTest.DistributedSpinLock" "--gtest_also_run_disabled_tests"
7: Working Directory: /Users/zeeshanqazi/Desktop/projects/Geryon/build/tests
7: Test timeout computed to be: 10000000
7: Running main() from /Users/zeeshanqazi/Desktop/projects/Geryon/build/_deps/googletest-src/googletest/src/gtest_main.cc
7: Note: Google Test filter = SynchronizationTest.DistributedSpinLock
7: [==========] Running 1 test from 1 test suite.
7: [----------] Global test environment set-up.
7: [----------] 1 test from SynchronizationTest
7: [ RUN      ] SynchronizationTest.DistributedSpinLock
7: Replica 1 connected.
7: Primary finished.
7: Replica finished.
7: [       OK ] SynchronizationTest.DistributedSpinLock (2136 ms)
7: [----------] 1 test from SynchronizationTest (2136 ms total)
7: 
7: [----------] Global test environment tear-down
7: [==========] 1 test from 1 test suite ran. (2136 ms total)
7: [  PASSED  ] 1 test.
 7/15 Test  #7: SynchronizationTest.DistributedSpinLock ............   Passed    2.16 sec
test 8
      Start  8: InterprocessTest.SharedVector

8: Test command: /Users/zeeshanqazi/Desktop/projects/Geryon/build/tests/geryon_tests "--gtest_filter=InterprocessTest.SharedVector" "--gtest_also_run_disabled_tests"
8: Working Directory: /Users/zeeshanqazi/Desktop/projects/Geryon/build/tests
8: Test timeout computed to be: 10000000
8: Running main() from /Users/zeeshanqazi/Desktop/projects/Geryon/build/_deps/googletest-src/googletest/src/gtest_main.cc
8: Note: Google Test filter = InterprocessTest.SharedVector
8: [==========] Running 1 test from 1 test suite.
8: [----------] Global test environment set-up.
8: [----------] 1 test from InterprocessTest
8: [ RUN      ] InterprocessTest.SharedVector
8: Replica 1 connected.
8: [       OK ] InterprocessTest.SharedVector (2111 ms)
8: [----------] 1 test from InterprocessTest (2112 ms total)
8: 
8: [----------] Global test environment tear-down
8: [==========] 1 test from 1 test suite ran. (2112 ms total)
8: [  PASSED  ] 1 test.
 8/15 Test  #8: InterprocessTest.SharedVector ......................   Passed    2.12 sec
test 9
      Start  9: MemnonIntegrationTest.SegmentedInterprocess

9: Test command: /Users/zeeshanqazi/Desktop/projects/Geryon/build/tests/geryon_tests "--gtest_filter=MemnonIntegrationTest.SegmentedInterprocess" "--gtest_also_run_disabled_tests"
9: Working Directory: /Users/zeeshanqazi/Desktop/projects/Geryon/build/tests
9: Test timeout computed to be: 10000000
9: Running main() from /Users/zeeshanqazi/Desktop/projects/Geryon/build/_deps/googletest-src/googletest/src/gtest_main.cc
9: Note: Google Test filter = MemnonIntegrationTest.SegmentedInterprocess
9: [==========] Running 1 test from 1 test suite.
9: [----------] Global test environment set-up.
9: [----------] 1 test from MemnonIntegrationTest
9: [ RUN      ] MemnonIntegrationTest.SegmentedInterprocess
9: Replica 1 connected.
9: [       OK ] MemnonIntegrationTest.SegmentedInterprocess (2113 ms)
9: [----------] 1 test from MemnonIntegrationTest (2113 ms total)
9: 
9: [----------] Global test environment tear-down
9: [==========] 1 test from 1 test suite ran. (2113 ms total)
9: [  PASSED  ] 1 test.
 9/15 Test  #9: MemnonIntegrationTest.SegmentedInterprocess ........   Passed    2.13 sec
test 10
      Start 10: ConsistencyTest.TriggerSynchronization

10: Test command: /Users/zeeshanqazi/Desktop/projects/Geryon/build/tests/geryon_tests "--gtest_filter=ConsistencyTest.TriggerSynchronization" "--gtest_also_run_disabled_tests"
10: Working Directory: /Users/zeeshanqazi/Desktop/projects/Geryon/build/tests
10: Test timeout computed to be: 10000000
10: Running main() from /Users/zeeshanqazi/Desktop/projects/Geryon/build/_deps/googletest-src/googletest/src/gtest_main.cc
10: Note: Google Test filter = ConsistencyTest.TriggerSynchronization
10: [==========] Running 1 test from 1 test suite.
10: [----------] Global test environment set-up.
10: [----------] 1 test from ConsistencyTest
10: [ RUN      ] ConsistencyTest.TriggerSynchronization
10: Starting primary...
10: Primary started.
10: Starting replica...
10: Replica started.
10: Replica 1 connected.
10: Simulating replica page request 1
10: Simulating replica page request 2
10: Replica writing to pages
10: Primary triggering synchronization
10: Primary checking consistency
10: Stopping nodes
10: Test complete
10: [       OK ] ConsistencyTest.TriggerSynchronization (2162 ms)
10: [----------] 1 test from ConsistencyTest (2162 ms total)
10: 
10: [----------] Global test environment tear-down
10: [==========] 1 test from 1 test suite ran. (2162 ms total)
10: [  PASSED  ] 1 test.
10/15 Test #10: ConsistencyTest.TriggerSynchronization .............   Passed    2.17 sec
test 11
      Start 11: ConsistencyTest.ReplicaStopFlushesData

11: Test command: /Users/zeeshanqazi/Desktop/projects/Geryon/build/tests/geryon_tests "--gtest_filter=ConsistencyTest.ReplicaStopFlushesData" "--gtest_also_run_disabled_tests"
11: Working Directory: /Users/zeeshanqazi/Desktop/projects/Geryon/build/tests
11: Test timeout computed to be: 10000000
11: Running main() from /Users/zeeshanqazi/Desktop/projects/Geryon/build/_deps/googletest-src/googletest/src/gtest_main.cc
11: Note: Google Test filter = ConsistencyTest.ReplicaStopFlushesData
11: [==========] Running 1 test from 1 test suite.
11: [----------] Global test environment set-up.
11: [----------] 1 test from ConsistencyTest
11: [ RUN      ] ConsistencyTest.ReplicaStopFlushesData
11: Replica 1 connected.
11: [       OK ] ConsistencyTest.ReplicaStopFlushesData (2167 ms)
11: [----------] 1 test from ConsistencyTest (2167 ms total)
11: 
11: [----------] Global test environment tear-down
11: [==========] 1 test from 1 test suite ran. (2167 ms total)
11: [  PASSED  ] 1 test.
11/15 Test #11: ConsistencyTest.ReplicaStopFlushesData ...............   Passed    2.20 sec
test 12
      Start 12: ConsistencyTest.PrimaryStopInitiatesHandshake

12: Test command: /Users/zeeshanqazi/Desktop/projects/Geryon/build/tests/geryon_tests "--gtest_filter=ConsistencyTest.PrimaryStopInitiatesHandshake" "--gtest_also_run_disabled_tests"
12: Working Directory: /Users/zeeshanqazi/Desktop/projects/Geryon/build/tests
12: Test timeout computed to be: 10000000
12: Running main() from /Users/zeeshanqazi/Desktop/projects/Geryon/build/_deps/googletest-src/googletest/src/gtest_main.cc
12: Note: Google Test filter = ConsistencyTest.PrimaryStopInitiatesHandshake
12: [==========] Running 1 test from 1 test suite.
12: [----------] Global test environment set-up.
12: [----------] 1 test from ConsistencyTest
12: [ RUN      ] ConsistencyTest.PrimaryStopInitiatesHandshake
12: Replica 1 connected.
12: [       OK ] ConsistencyTest.PrimaryStopInitiatesHandshake (2060 ms)
12: [----------] 1 test from ConsistencyTest (2060 ms total)
12: 
12: [----------] Global test environment tear-down
12: [==========] 1 test from 1 test suite ran. (2060 ms total)
12: [  PASSED  ] 1 test.
12/15 Test #12: ConsistencyTest.PrimaryStopInitiatesHandshake .......   Passed    2.09 sec
test 13
      Start 13: CorrectnessTest.MultithreadMultipageCorrectness

13: Test command: /Users/zeeshanqazi/Desktop/projects/Geryon/build/tests/geryon_tests "--gtest_filter=CorrectnessTest.MultithreadMultipageCorrectness" "--gtest_also_run_disabled_tests"
13: Working Directory: /Users/zeeshanqazi/Desktop/projects/Geryon/build/tests
13: Test timeout computed to be: 10000000
13: Running main() from /Users/zeeshanqazi/Desktop/projects/Geryon/build/_deps/googletest-src/googletest/src/gtest_main.cc
13: Note: Google Test filter = CorrectnessTest.MultithreadMultipageCorrectness
13: [==========] Running 1 test from 1 test suite.
13: [----------] Global test environment set-up.
13: [----------] 1 test from CorrectnessTest
13: [ RUN      ] CorrectnessTest.MultithreadMultipageCorrectness
13: Replica 1 connected.
13: Replica 2 connected.
13: Replica 3 connected.
13: [       OK ] CorrectnessTest.MultithreadMultipageCorrectness (2951 ms)
13: [----------] 1 test from CorrectnessTest (2951 ms total)
13: 
13: [----------] Global test environment tear-down
13: [==========] 1 test from 1 test suite ran. (2951 ms total)
13: [  PASSED  ] 1 test.
13/15 Test #13: CorrectnessTest.MultithreadMultipageCorrectness ....   Passed    2.97 sec
test 14
      Start 14: CorrectnessTest.MultiprocessMultipageCorrectness

14: Test command: /Users/zeeshanqazi/Desktop/projects/Geryon/build/tests/geryon_tests "--gtest_filter=CorrectnessTest.MultiprocessMultipageCorrectness" "--gtest_also_run_disabled_tests"
14: Working Directory: /Users/zeeshanqazi/Desktop/projects/Geryon/build/tests
14: Test timeout computed to be: 10000000
14: Running main() from /Users/zeeshanqazi/Desktop/projects/Geryon/build/_deps/googletest-src/googletest/src/gtest_main.cc
14: Note: Google Test filter = CorrectnessTest.MultiprocessMultipageCorrectness
14: [==========] Running 1 test from 1 test suite.
14: [----------] Global test environment set-up.
14: [----------] 1 test from CorrectnessTest
14: [ RUN      ] CorrectnessTest.MultiprocessMultipageCorrectness
14: Running main() from /Users/zeeshanqazi/Desktop/projects/Geryon/build/_deps/googletest-src/googletest/src/gtest_main.cc
14: Note: Google Test filter = CorrectnessTest.MultiprocessMultipageCorrectness
14: [==========] Running 1 test from 1 test suite.
14: [----------] Global test environment set-up.
14: [----------] 1 test from CorrectnessTest
14: [ RUN      ] CorrectnessTest.MultiprocessMultipageCorrectness
14: Replica 1 connected.
14: Running main() from /Users/zeeshanqazi/Desktop/projects/Geryon/build/_deps/googletest-src/googletest/src/gtest_main.cc
14: Note: Google Test filter = CorrectnessTest.MultiprocessMultipageCorrectness
14: [==========] Running 1 test from 1 test suite.
14: [----------] Global test environment set-up.
14: [----------] 1 test from CorrectnessTest
14: [ RUN      ] CorrectnessTest.MultiprocessMultipageCorrectness
14: Replica 2 connected.
14: Running main() from /Users/zeeshanqazi/Desktop/projects/Geryon/build/_deps/googletest-src/googletest/src/gtest_main.cc
14: Note: Google Test filter = CorrectnessTest.MultiprocessMultipageCorrectness
14: [==========] Running 1 test from 1 test suite.
14: [----------] Global test environment set-up.
14: [----------] 1 test from CorrectnessTest
14: [ RUN      ] CorrectnessTest.MultiprocessMultipageCorrectness
14: Replica 3 connected.
14: [       OK ] CorrectnessTest.MultiprocessMultipageCorrectness (2167 ms)
14: [----------] 1 test from CorrectnessTest (2167 ms total)
14: 
14: [----------] Global test environment tear-down
14: [==========] 1 test from 1 test suite ran. (2167 ms total)
14: [  PASSED  ] 1 test.
14/15 Test #14: CorrectnessTest.MultiprocessMultipageCorrectness ...   Passed    2.19 sec
test 15
      Start 15: DistributedSortTest.MultiprocessPiecewiseSort

15: Test command: /Users/zeeshanqazi/Desktop/projects/Geryon/build/tests/geryon_tests "--gtest_filter=DistributedSortTest.MultiprocessPiecewiseSort" "--gtest_also_run_disabled_tests"
15: Working Directory: /Users/zeeshanqazi/Desktop/projects/Geryon/build/tests
15: Test timeout computed to be: 10000000
15: Running main() from /Users/zeeshanqazi/Desktop/projects/Geryon/build/_deps/googletest-src/googletest/src/gtest_main.cc
15: Note: Google Test filter = DistributedSortTest.MultiprocessPiecewiseSort
15: [==========] Running 1 test from 1 test suite.
15: [----------] Global test environment set-up.
15: [----------] 1 test from DistributedSortTest
15: [ RUN      ] DistributedSortTest.MultiprocessPiecewiseSort
15: Running main() from /Users/zeeshanqazi/Desktop/projects/Geryon/build/_deps/googletest-src/googletest/src/gtest_main.cc
15: Note: Google Test filter = DistributedSortTest.MultiprocessPiecewiseSort
15: [==========] Running 1 test from 1 test suite.
15: [----------] Global test environment set-up.
15: [----------] 1 test from DistributedSortTest
15: [ RUN      ] DistributedSortTest.MultiprocessPiecewiseSort
15: Replica 1 connected.
15: Running main() from /Users/zeeshanqazi/Desktop/projects/Geryon/build/_deps/googletest-src/googletest/src/gtest_main.cc
15: Note: Google Test filter = DistributedSortTest.MultiprocessPiecewiseSort
15: [==========] Running 1 test from 1 test suite.
15: [----------] Global test environment set-up.
15: [----------] 1 test from DistributedSortTest
15: [ RUN      ] DistributedSortTest.MultiprocessPiecewiseSort
15: Replica 2 connected.
15: Running main() from /Users/zeeshanqazi/Desktop/projects/Geryon/build/_deps/googletest-src/googletest/src/gtest_main.cc
15: Note: Google Test filter = DistributedSortTest.MultiprocessPiecewiseSort
15: [==========] Running 1 test from 1 test suite.
15: [----------] Global test environment set-up.
15: [----------] 1 test from DistributedSortTest
15: [ RUN      ] DistributedSortTest.MultiprocessPiecewiseSort
15: Replica 3 connected.
15: [Primary] Pages Sent: 3671, Pages Received: 3670 | Avg Transfer Time: 5.93653 us | Avg Time Between Transfers: 221.386 us
15: [Replica 3] Pages Sent: 1321, Pages Received: 1322 | Avg Transfer Time: 3.11431 us | Avg Time Between Transfers: 1382.73 us
15: [Replica 2] Pages Sent: 1323, Pages Received: 1324 | Avg Transfer Time: 4.04611 us | Avg Time Between Transfers: 1380.41 us
15: [Replica 1] Pages Sent: 1323, Pages Received: 1324 | Avg Transfer Time: 3.59259 us | Avg Time Between Transfers: 1387.81 us
15: [       OK ] DistributedSortTest.MultiprocessPiecewiseSort (4548 ms)
15: [----------] 1 test from DistributedSortTest (4548 ms total)
15: 
15: [----------] Global test environment tear-down
15: [==========] 1 test from 1 test suite ran. (4548 ms total)
15: [  PASSED  ] 1 test.
15/15 Test #15: DistributedSortTest.MultiprocessPiecewiseSort ......   Passed    4.57 sec

100% tests passed, 0 tests failed out of 15

Total Test time (real) =  33.41 sec
macOS Run 2
Using Homebrew GCC 16: /opt/homebrew/bin/g++-16
CMake Warning (dev) at CMakeLists.txt:17 (find_package):
  Policy CMP0167 is not set: The FindBoost module is removed.  Run "cmake
  --help-policy CMP0167" for policy details.  Use the cmake_policy command to
  set the policy and suppress this warning.

This warning is for project developers.  Use -Wno-dev to suppress it.

-- git version: v1.8.3 normalized to 1.8.3
-- Google Benchmark version: 1.8.3
-- Performing Test HAVE_STD_REGEX -- success
-- Performing Test HAVE_GNU_POSIX_REGEX -- failed to compile
-- Performing Test HAVE_POSIX_REGEX -- success
-- Performing Test HAVE_STEADY_CLOCK -- success
-- Performing Test HAVE_PTHREAD_AFFINITY -- failed to compile
-- Configuring done (0.8s)
-- Generating done (0.0s)
-- Build files have been written to: /Users/zeeshanqazi/Desktop/projects/Geryon/build
[  4%] Built target gtest
[ 12%] Built target geryon
[ 21%] Built target gtest_main
[ 21%] Built target gmock
[ 63%] Built target benchmark
[ 68%] Built target benchmark_main
[ 72%] Built target gmock_main
[ 76%] Built target benchmark_page_transfer
[100%] Built target geryon_tests
Build complete. Executables are in build/tests/ and build/benchmarks/.
UpdateCTestConfiguration  from :/Users/zeeshanqazi/Desktop/projects/Geryon/build/DartConfiguration.tcl
Test project /Users/zeeshanqazi/Desktop/projects/Geryon/build
Constructing a list of tests
Done constructing a list of tests
Updating test list for fixtures
Added 0 tests to meet fixture requirements
Checking test dependency graph...
Checking test dependency graph end
test 1
      Start  1: MemoryRegionTest.AllocationAndPageSize

1: Test command: /Users/zeeshanqazi/Desktop/projects/Geryon/build/tests/geryon_tests "--gtest_filter=MemoryRegionTest.AllocationAndPageSize" "--gtest_also_run_disabled_tests"
1: Working Directory: /Users/zeeshanqazi/Desktop/projects/Geryon/build/tests
1: Test timeout computed to be: 10000000
1: Running main() from /Users/zeeshanqazi/Desktop/projects/Geryon/build/_deps/googletest-src/googletest/src/gtest_main.cc
1: Note: Google Test filter = MemoryRegionTest.AllocationAndPageSize
1: [==========] Running 1 test from 1 test suite.
1: [----------] Global test environment set-up.
1: [----------] 1 test from MemoryRegionTest
1: [ RUN      ] MemoryRegionTest.AllocationAndPageSize
1: [       OK ] MemoryRegionTest.AllocationAndPageSize (0 ms)
1: [----------] 1 test from MemoryRegionTest (0 ms total)
1: 
1: [----------] Global test environment tear-down
1: [==========] 1 test from 1 test suite ran. (0 ms total)
1: [  PASSED  ] 1 test.
 1/15 Test  #1: MemoryRegionTest.AllocationAndPageSize .............   Passed    0.01 sec
test 2
      Start  2: MemoryRegionTest.ProtectionChanges

2: Test command: /Users/zeeshanqazi/Desktop/projects/Geryon/build/tests/geryon_tests "--gtest_filter=MemoryRegionTest.ProtectionChanges" "--gtest_also_run_disabled_tests"
2: Working Directory: /Users/zeeshanqazi/Desktop/projects/Geryon/build/tests
2: Test timeout computed to be: 10000000
2: Running main() from /Users/zeeshanqazi/Desktop/projects/Geryon/build/_deps/googletest-src/googletest/src/gtest_main.cc
2: Note: Google Test filter = MemoryRegionTest.ProtectionChanges
2: [==========] Running 1 test from 1 test suite.
2: [----------] Global test environment set-up.
2: [----------] 1 test from MemoryRegionTest
2: [ RUN      ] MemoryRegionTest.ProtectionChanges
2: [       OK ] MemoryRegionTest.ProtectionChanges (30 ms)
2: [----------] 1 test from MemoryRegionTest (30 ms total)
2: 
2: [----------] Global test environment tear-down
2: [==========] 1 test from 1 test suite ran. (30 ms total)
2: [  PASSED  ] 1 test.
 2/15 Test  #2: MemoryRegionTest.ProtectionChanges .................   Passed    0.04 sec
test 3
      Start  3: FaultHandlerTest.SoftFaultHandling

3: Test command: /Users/zeeshanqazi/Desktop/projects/Geryon/build/tests/geryon_tests "--gtest_filter=FaultHandlerTest.SoftFaultHandling" "--gtest_also_run_disabled_tests"
3: Working Directory: /Users/zeeshanqazi/Desktop/projects/Geryon/build/tests
3: Test timeout computed to be: 10000000
3: Running main() from /Users/zeeshanqazi/Desktop/projects/Geryon/build/_deps/googletest-src/googletest/src/gtest_main.cc
3: Note: Google Test filter = FaultHandlerTest.SoftFaultHandling
3: [==========] Running 1 test from 1 test suite.
3: [----------] Global test environment set-up.
3: [----------] 1 test from FaultHandlerTest
3: [ RUN      ] FaultHandlerTest.SoftFaultHandling
3: [       OK ] FaultHandlerTest.SoftFaultHandling (0 ms)
3: [----------] 1 test from FaultHandlerTest (0 ms total)
3: 
3: [----------] Global test environment tear-down
3: [==========] 1 test from 1 test suite ran. (0 ms total)
3: [  PASSED  ] 1 test.
 3/15 Test  #3: FaultHandlerTest.SoftFaultHandling .................   Passed    0.01 sec
test 4
      Start  4: NetworkSyncTest.BouncingOwnership

4: Test command: /Users/zeeshanqazi/Desktop/projects/Geryon/build/tests/geryon_tests "--gtest_filter=NetworkSyncTest.BouncingOwnership" "--gtest_also_run_disabled_tests"
4: Working Directory: /Users/zeeshanqazi/Desktop/projects/Geryon/build/tests
4: Test timeout computed to be: 10000000
4: Running main() from /Users/zeeshanqazi/Desktop/projects/Geryon/build/_deps/googletest-src/googletest/src/gtest_main.cc
4: Note: Google Test filter = NetworkSyncTest.BouncingOwnership
4: [==========] Running 1 test from 1 test suite.
4: [----------] Global test environment set-up.
4: [----------] 1 test from NetworkSyncTest
4: [ RUN      ] NetworkSyncTest.BouncingOwnership
4: Replica 1 connected.
4: [       OK ] NetworkSyncTest.BouncingOwnership (2113 ms)
4: [----------] 1 test from NetworkSyncTest (2113 ms total)
4: 
4: [----------] Global test environment tear-down
4: [==========] 1 test from 1 test suite ran. (2113 ms total)
4: [  PASSED  ] 1 test.
 4/15 Test  #4: NetworkSyncTest.BouncingOwnership ..................   Passed    2.12 sec
test 5
      Start  5: NetworkSyncTest.StressTest

5: Test command: /Users/zeeshanqazi/Desktop/projects/Geryon/build/tests/geryon_tests "--gtest_filter=NetworkSyncTest.StressTest" "--gtest_also_run_disabled_tests"
5: Working Directory: /Users/zeeshanqazi/Desktop/projects/Geryon/build/tests
5: Test timeout computed to be: 10000000
5: Running main() from /Users/zeeshanqazi/Desktop/projects/Geryon/build/_deps/googletest-src/googletest/src/gtest_main.cc
5: Note: Google Test filter = NetworkSyncTest.StressTest
5: [==========] Running 1 test from 1 test suite.
5: [----------] Global test environment set-up.
5: [----------] 1 test from NetworkSyncTest
5: [ RUN      ] NetworkSyncTest.StressTest
5: Replica 1 connected.
5: [       OK ] NetworkSyncTest.StressTest (2129 ms)
5: [----------] 1 test from NetworkSyncTest (2129 ms total)
5: 
5: [----------] Global test environment tear-down
5: [==========] 1 test from 1 test suite ran. (2129 ms total)
5: [  PASSED  ] 1 test.
 5/15 Test  #5: NetworkSyncTest.StressTest .........................   Passed    2.16 sec
test 6
      Start  6: MultiClientTest.StarTopologyBouncing

6: Test command: /Users/zeeshanqazi/Desktop/projects/Geryon/build/tests/geryon_tests "--gtest_filter=MultiClientTest.StarTopologyBouncing" "--gtest_also_run_disabled_tests"
6: Working Directory: /Users/zeeshanqazi/Desktop/projects/Geryon/build/tests
6: Test timeout computed to be: 10000000
6: Running main() from /Users/zeeshanqazi/Desktop/projects/Geryon/build/_deps/googletest-src/googletest/src/gtest_main.cc
6: Note: Google Test filter = MultiClientTest.StarTopologyBouncing
6: [==========] Running 1 test from 1 test suite.
6: [----------] Global test environment set-up.
6: [----------] 1 test from MultiClientTest
6: [ RUN      ] MultiClientTest.StarTopologyBouncing
6: Replica 1 connected.
6: Replica 2 connected.
6: Replica 3 connected.
6: [       OK ] MultiClientTest.StarTopologyBouncing (6418 ms)
6: [----------] 1 test from MultiClientTest (6418 ms total)
6: 
6: [----------] Global test environment tear-down
6: [==========] 1 test from 1 test suite ran. (6418 ms total)
6: [  PASSED  ] 1 test.
 6/15 Test  #6: MultiClientTest.StarTopologyBouncing ...............   Passed    6.44 sec
test 7
      Start  7: SynchronizationTest.DistributedSpinLock

7: Test command: /Users/zeeshanqazi/Desktop/projects/Geryon/build/tests/geryon_tests "--gtest_filter=SynchronizationTest.DistributedSpinLock" "--gtest_also_run_disabled_tests"
7: Working Directory: /Users/zeeshanqazi/Desktop/projects/Geryon/build/tests
7: Test timeout computed to be: 10000000
7: Running main() from /Users/zeeshanqazi/Desktop/projects/Geryon/build/_deps/googletest-src/googletest/src/gtest_main.cc
7: Note: Google Test filter = SynchronizationTest.DistributedSpinLock
7: [==========] Running 1 test from 1 test suite.
7: [----------] Global test environment set-up.
7: [----------] 1 test from SynchronizationTest
7: [ RUN      ] SynchronizationTest.DistributedSpinLock
7: Replica 1 connected.
7: Primary finished.
7: Replica finished.
7: [       OK ] SynchronizationTest.DistributedSpinLock (2140 ms)
7: [----------] 1 test from SynchronizationTest (2140 ms total)
7: 
7: [----------] Global test environment tear-down
7: [==========] 1 test from 1 test suite ran. (2140 ms total)
7: [  PASSED  ] 1 test.
 7/15 Test  #7: SynchronizationTest.DistributedSpinLock ............   Passed    2.17 sec
test 8
      Start  8: InterprocessTest.SharedVector

8: Test command: /Users/zeeshanqazi/Desktop/projects/Geryon/build/tests/geryon_tests "--gtest_filter=InterprocessTest.SharedVector" "--gtest_also_run_disabled_tests"
8: Working Directory: /Users/zeeshanqazi/Desktop/projects/Geryon/build/tests
8: Test timeout computed to be: 10000000
8: Running main() from /Users/zeeshanqazi/Desktop/projects/Geryon/build/_deps/googletest-src/googletest/src/gtest_main.cc
8: Note: Google Test filter = InterprocessTest.SharedVector
8: [==========] Running 1 test from 1 test suite.
8: [----------] Global test environment set-up.
8: [----------] 1 test from InterprocessTest
8: [ RUN      ] InterprocessTest.SharedVector
8: Replica 1 connected.
8: [       OK ] InterprocessTest.SharedVector (2116 ms)
8: [----------] 1 test from InterprocessTest (2116 ms total)
8: 
8: [----------] Global test environment tear-down
8: [==========] 1 test from 1 test suite ran. (2116 ms total)
8: [  PASSED  ] 1 test.
 8/15 Test  #8: InterprocessTest.SharedVector ......................   Passed    2.14 sec
test 9
      Start  9: MemnonIntegrationTest.SegmentedInterprocess

9: Test command: /Users/zeeshanqazi/Desktop/projects/Geryon/build/tests/geryon_tests "--gtest_filter=MemnonIntegrationTest.SegmentedInterprocess" "--gtest_also_run_disabled_tests"
9: Working Directory: /Users/zeeshanqazi/Desktop/projects/Geryon/build/tests
9: Test timeout computed to be: 10000000
9: Running main() from /Users/zeeshanqazi/Desktop/projects/Geryon/build/_deps/googletest-src/googletest/src/gtest_main.cc
9: Note: Google Test filter = MemnonIntegrationTest.SegmentedInterprocess
9: [==========] Running 1 test from 1 test suite.
9: [----------] Global test environment set-up.
9: [----------] 1 test from MemnonIntegrationTest
9: [ RUN      ] MemnonIntegrationTest.SegmentedInterprocess
9: Replica 1 connected.
9: [       OK ] MemnonIntegrationTest.SegmentedInterprocess (2123 ms)
9: [----------] 1 test from MemnonIntegrationTest (2123 ms total)
9: 
9: [----------] Global test environment tear-down
9: [==========] 1 test from 1 test suite ran. (2123 ms total)
9: [  PASSED  ] 1 test.
 9/15 Test  #9: MemnonIntegrationTest.SegmentedInterprocess ........   Passed    2.15 sec
test 10
      Start 10: ConsistencyTest.TriggerSynchronization

10: Test command: /Users/zeeshanqazi/Desktop/projects/Geryon/build/tests/geryon_tests "--gtest_filter=ConsistencyTest.TriggerSynchronization" "--gtest_also_run_disabled_tests"
10: Working Directory: /Users/zeeshanqazi/Desktop/projects/Geryon/build/tests
10: Test timeout computed to be: 10000000
10: Running main() from /Users/zeeshanqazi/Desktop/projects/Geryon/build/_deps/googletest-src/googletest/src/gtest_main.cc
10: Note: Google Test filter = ConsistencyTest.TriggerSynchronization
10: [==========] Running 1 test from 1 test suite.
10: [----------] Global test environment set-up.
10: [----------] 1 test from ConsistencyTest
10: [ RUN      ] ConsistencyTest.TriggerSynchronization
10: Starting primary...
10: Primary started.
10: Starting replica...
10: Replica started.
10: Replica 1 connected.
10: Simulating replica page request 1
10: Simulating replica page request 2
10: Replica writing to pages
10: Primary triggering synchronization
10: Primary checking consistency
10: Stopping nodes
10: Test complete
10: [       OK ] ConsistencyTest.TriggerSynchronization (2164 ms)
10: [----------] 1 test from ConsistencyTest (2164 ms total)
10: 
10: [----------] Global test environment tear-down
10: [==========] 1 test from 1 test suite ran. (2164 ms total)
10: [  PASSED  ] 1 test.
10/15 Test #10: ConsistencyTest.TriggerSynchronization .............   Passed    2.19 sec
test 11
      Start 11: ConsistencyTest.ReplicaStopFlushesData

11: Test command: /Users/zeeshanqazi/Desktop/projects/Geryon/build/tests/geryon_tests "--gtest_filter=ConsistencyTest.ReplicaStopFlushesData" "--gtest_also_run_disabled_tests"
11: Working Directory: /Users/zeeshanqazi/Desktop/projects/Geryon/build/tests
11: Test timeout computed to be: 10000000
11: Running main() from /Users/zeeshanqazi/Desktop/projects/Geryon/build/_deps/googletest-src/googletest/src/gtest_main.cc
11: Note: Google Test filter = ConsistencyTest.ReplicaStopFlushesData
11: [==========] Running 1 test from 1 test suite.
11: [----------] Global test environment set-up.
11: [----------] 1 test from ConsistencyTest
11: [ RUN      ] ConsistencyTest.ReplicaStopFlushesData
11: Replica 1 connected.
11: [       OK ] ConsistencyTest.ReplicaStopFlushesData (2165 ms)
11: [----------] 1 test from ConsistencyTest (2165 ms total)
11: 
11: [----------] Global test environment tear-down
11: [==========] 1 test from 1 test suite ran. (2165 ms total)
11: [  PASSED  ] 1 test.
11/15 Test #11: ConsistencyTest.ReplicaStopFlushesData ...............   Passed    2.19 sec
test 12
      Start 12: ConsistencyTest.PrimaryStopInitiatesHandshake

12: Test command: /Users/zeeshanqazi/Desktop/projects/Geryon/build/tests/geryon_tests "--gtest_filter=ConsistencyTest.PrimaryStopInitiatesHandshake" "--gtest_also_run_disabled_tests"
12: Working Directory: /Users/zeeshanqazi/Desktop/projects/Geryon/build/tests
12: Test timeout computed to be: 10000000
12: Running main() from /Users/zeeshanqazi/Desktop/projects/Geryon/build/_deps/googletest-src/googletest/src/gtest_main.cc
12: Note: Google Test filter = ConsistencyTest.PrimaryStopInitiatesHandshake
12: [==========] Running 1 test from 1 test suite.
12: [----------] Global test environment set-up.
12: [----------] 1 test from ConsistencyTest
12: [ RUN      ] ConsistencyTest.PrimaryStopInitiatesHandshake
12: Replica 1 connected.
12: [       OK ] ConsistencyTest.PrimaryStopInitiatesHandshake (2060 ms)
12: [----------] 1 test from ConsistencyTest (2060 ms total)
12: 
12: [----------] Global test environment tear-down
12: [==========] 1 test from 1 test suite ran. (2060 ms total)
12: [  PASSED  ] 1 test.
12/15 Test #12: ConsistencyTest.PrimaryStopInitiatesHandshake .......   Passed    2.09 sec
test 13
      Start 13: CorrectnessTest.MultithreadMultipageCorrectness

13: Test command: /Users/zeeshanqazi/Desktop/projects/Geryon/build/tests/geryon_tests "--gtest_filter=CorrectnessTest.MultithreadMultipageCorrectness" "--gtest_also_run_disabled_tests"
13: Working Directory: /Users/zeeshanqazi/Desktop/projects/Geryon/build/tests
13: Test timeout computed to be: 10000000
13: Running main() from /Users/zeeshanqazi/Desktop/projects/Geryon/build/_deps/googletest-src/googletest/src/gtest_main.cc
13: Note: Google Test filter = CorrectnessTest.MultithreadMultipageCorrectness
13: [==========] Running 1 test from 1 test suite.
13: [----------] Global test environment set-up.
13: [----------] 1 test from CorrectnessTest
13: [ RUN      ] CorrectnessTest.MultithreadMultipageCorrectness
13: Replica 1 connected.
13: Replica 2 connected.
13: Replica 3 connected.
13: [       OK ] CorrectnessTest.MultithreadMultipageCorrectness (2957 ms)
13: [----------] 1 test from CorrectnessTest (2957 ms total)
13: 
13: [----------] Global test environment tear-down
13: [==========] 1 test from 1 test suite ran. (2957 ms total)
13: [  PASSED  ] 1 test.
13/15 Test #13: CorrectnessTest.MultithreadMultipageCorrectness ....   Passed    2.98 sec
test 14
      Start 14: CorrectnessTest.MultiprocessMultipageCorrectness

14: Test command: /Users/zeeshanqazi/Desktop/projects/Geryon/build/tests/geryon_tests "--gtest_filter=CorrectnessTest.MultiprocessMultipageCorrectness" "--gtest_also_run_disabled_tests"
14: Working Directory: /Users/zeeshanqazi/Desktop/projects/Geryon/build/tests
14: Test timeout computed to be: 10000000
14: Running main() from /Users/zeeshanqazi/Desktop/projects/Geryon/build/_deps/googletest-src/googletest/src/gtest_main.cc
14: Note: Google Test filter = CorrectnessTest.MultiprocessMultipageCorrectness
14: [==========] Running 1 test from 1 test suite.
14: [----------] Global test environment set-up.
14: [----------] 1 test from CorrectnessTest
14: [ RUN      ] CorrectnessTest.MultiprocessMultipageCorrectness
14: Running main() from /Users/zeeshanqazi/Desktop/projects/Geryon/build/_deps/googletest-src/googletest/src/gtest_main.cc
14: Note: Google Test filter = CorrectnessTest.MultiprocessMultipageCorrectness
14: [==========] Running 1 test from 1 test suite.
14: [----------] Global test environment set-up.
14: [----------] 1 test from CorrectnessTest
14: [ RUN      ] CorrectnessTest.MultiprocessMultipageCorrectness
14: Replica 1 connected.
14: Running main() from /Users/zeeshanqazi/Desktop/projects/Geryon/build/_deps/googletest-src/googletest/src/gtest_main.cc
14: Note: Google Test filter = CorrectnessTest.MultiprocessMultipageCorrectness
14: [==========] Running 1 test from 1 test suite.
14: [----------] Global test environment set-up.
14: [----------] 1 test from CorrectnessTest
14: [ RUN      ] CorrectnessTest.MultiprocessMultipageCorrectness
14: Replica 2 connected.
14: Running main() from /Users/zeeshanqazi/Desktop/projects/Geryon/build/_deps/googletest-src/googletest/src/gtest_main.cc
14: Note: Google Test filter = CorrectnessTest.MultiprocessMultipageCorrectness
14: [==========] Running 1 test from 1 test suite.
14: [----------] Global test environment set-up.
14: [----------] 1 test from CorrectnessTest
14: [ RUN      ] CorrectnessTest.MultiprocessMultipageCorrectness
14: Replica 3 connected.
14: [       OK ] CorrectnessTest.MultiprocessMultipageCorrectness (2165 ms)
14: [----------] 1 test from CorrectnessTest (2165 ms total)
14: 
14: [----------] Global test environment tear-down
14: [==========] 1 test from 1 test suite ran. (2166 ms total)
14: [  PASSED  ] 1 test.
14/15 Test #14: CorrectnessTest.MultiprocessMultipageCorrectness ...   Passed    2.19 sec
test 15
      Start 15: DistributedSortTest.MultiprocessPiecewiseSort

15: Test command: /Users/zeeshanqazi/Desktop/projects/Geryon/build/tests/geryon_tests "--gtest_filter=DistributedSortTest.MultiprocessPiecewiseSort" "--gtest_also_run_disabled_tests"
15: Working Directory: /Users/zeeshanqazi/Desktop/projects/Geryon/build/tests
15: Test timeout computed to be: 10000000
15: Running main() from /Users/zeeshanqazi/Desktop/projects/Geryon/build/_deps/googletest-src/googletest/src/gtest_main.cc
15: Note: Google Test filter = DistributedSortTest.MultiprocessPiecewiseSort
15: [==========] Running 1 test from 1 test suite.
15: [----------] Global test environment set-up.
15: [----------] 1 test from DistributedSortTest
15: [ RUN      ] DistributedSortTest.MultiprocessPiecewiseSort
15: Running main() from /Users/zeeshanqazi/Desktop/projects/Geryon/build/_deps/googletest-src/googletest/src/gtest_main.cc
15: Note: Google Test filter = DistributedSortTest.MultiprocessPiecewiseSort
15: [==========] Running 1 test from 1 test suite.
15: [----------] Global test environment set-up.
15: [----------] 1 test from DistributedSortTest
15: [ RUN      ] DistributedSortTest.MultiprocessPiecewiseSort
15: Replica 1 connected.
15: Running main() from /Users/zeeshanqazi/Desktop/projects/Geryon/build/_deps/googletest-src/googletest/src/gtest_main.cc
15: Note: Google Test filter = DistributedSortTest.MultiprocessPiecewiseSort
15: [==========] Running 1 test from 1 test suite.
15: [----------] Global test environment set-up.
15: [----------] 1 test from DistributedSortTest
15: [ RUN      ] DistributedSortTest.MultiprocessPiecewiseSort
15: Replica 2 connected.
15: Running main() from /Users/zeeshanqazi/Desktop/projects/Geryon/build/_deps/googletest-src/googletest/src/gtest_main.cc
15: Note: Google Test filter = DistributedSortTest.MultiprocessPiecewiseSort
15: [==========] Running 1 test from 1 test suite.
15: [----------] Global test environment set-up.
15: [----------] 1 test from DistributedSortTest
15: [ RUN      ] DistributedSortTest.MultiprocessPiecewiseSort
15: Replica 3 connected.
15: [Primary] Pages Sent: 3671, Pages Received: 3670 | Avg Transfer Time: 2.79869 us | Avg Time Between Transfers: 205.496 us
15: [Replica 2] Pages Sent: 1323, Pages Received: 1324 | Avg Transfer Time: 3.71731 us | Avg Time Between Transfers: 1318.7 us
15: [Replica 3] Pages Sent: 1323, Pages Received: 1324 | Avg Transfer Time: 2.9486 us | Avg Time Between Transfers: 1324.18 us
15: [Replica 1] Pages Sent: 1324, Pages Received: 1325 | Avg Transfer Time: 2.90332 us | Avg Time Between Transfers: 1324.33 us
15: [       OK ] DistributedSortTest.MultiprocessPiecewiseSort (4449 ms)
15: [----------] 1 test from DistributedSortTest (4449 ms total)
15: 
15: [----------] Global test environment tear-down
15: [==========] 1 test from 1 test suite ran. (4449 ms total)
15: [  PASSED  ] 1 test.
15/15 Test #15: DistributedSortTest.MultiprocessPiecewiseSort ......   Passed    4.46 sec

100% tests passed, 0 tests failed out of 15

Total Test time (real) =  33.37 sec
macOS Run 3
Using Homebrew GCC 16: /opt/homebrew/bin/g++-16
CMake Warning (dev) at CMakeLists.txt:17 (find_package):
  Policy CMP0167 is not set: The FindBoost module is removed.  Run "cmake
  --help-policy CMP0167" for policy details.  Use the cmake_policy command to
  set the policy and suppress this warning.

This warning is for project developers.  Use -Wno-dev to suppress it.

-- git version: v1.8.3 normalized to 1.8.3
-- Google Benchmark version: 1.8.3
-- Performing Test HAVE_STD_REGEX -- success
-- Performing Test HAVE_GNU_POSIX_REGEX -- failed to compile
-- Performing Test HAVE_POSIX_REGEX -- success
-- Performing Test HAVE_STEADY_CLOCK -- success
-- Performing Test HAVE_PTHREAD_AFFINITY -- failed to compile
-- Configuring done (0.8s)
-- Generating done (0.0s)
-- Build files have been written to: /Users/zeeshanqazi/Desktop/projects/Geryon/build
[  4%] Built target gtest
[ 12%] Built target geryon
[ 21%] Built target gtest_main
[ 21%] Built target gmock
[ 63%] Built target benchmark
[ 68%] Built target gmock_main
[ 72%] Built target benchmark_main
[ 76%] Built target benchmark_page_transfer
[100%] Built target geryon_tests
Build complete. Executables are in build/tests/ and build/benchmarks/.
UpdateCTestConfiguration  from :/Users/zeeshanqazi/Desktop/projects/Geryon/build/DartConfiguration.tcl
Test project /Users/zeeshanqazi/Desktop/projects/Geryon/build
Constructing a list of tests
Done constructing a list of tests
Updating test list for fixtures
Added 0 tests to meet fixture requirements
Checking test dependency graph...
Checking test dependency graph end
test 1
      Start  1: MemoryRegionTest.AllocationAndPageSize

1: Test command: /Users/zeeshanqazi/Desktop/projects/Geryon/build/tests/geryon_tests "--gtest_filter=MemoryRegionTest.AllocationAndPageSize" "--gtest_also_run_disabled_tests"
1: Working Directory: /Users/zeeshanqazi/Desktop/projects/Geryon/build/tests
1: Test timeout computed to be: 10000000
1: Running main() from /Users/zeeshanqazi/Desktop/projects/Geryon/build/_deps/googletest-src/googletest/src/gtest_main.cc
1: Note: Google Test filter = MemoryRegionTest.AllocationAndPageSize
1: [==========] Running 1 test from 1 test suite.
1: [----------] Global test environment set-up.
1: [----------] 1 test from MemoryRegionTest
1: [ RUN      ] MemoryRegionTest.AllocationAndPageSize
1: [       OK ] MemoryRegionTest.AllocationAndPageSize (0 ms)
1: [----------] 1 test from MemoryRegionTest (0 ms total)
1: 
1: [----------] Global test environment tear-down
1: [==========] 1 test from 1 test suite ran. (0 ms total)
1: [  PASSED  ] 1 test.
 1/15 Test  #1: MemoryRegionTest.AllocationAndPageSize .............   Passed    0.01 sec
test 2
      Start  2: MemoryRegionTest.ProtectionChanges

2: Test command: /Users/zeeshanqazi/Desktop/projects/Geryon/build/tests/geryon_tests "--gtest_filter=MemoryRegionTest.ProtectionChanges" "--gtest_also_run_disabled_tests"
2: Working Directory: /Users/zeeshanqazi/Desktop/projects/Geryon/build/tests
2: Test timeout computed to be: 10000000
2: Running main() from /Users/zeeshanqazi/Desktop/projects/Geryon/build/_deps/googletest-src/googletest/src/gtest_main.cc
2: Note: Google Test filter = MemoryRegionTest.ProtectionChanges
2: [==========] Running 1 test from 1 test suite.
2: [----------] Global test environment set-up.
2: [----------] 1 test from MemoryRegionTest
2: [ RUN      ] MemoryRegionTest.ProtectionChanges
2: [       OK ] MemoryRegionTest.ProtectionChanges (30 ms)
2: [----------] 1 test from MemoryRegionTest (30 ms total)
2: 
2: [----------] Global test environment tear-down
2: [==========] 1 test from 1 test suite ran. (30 ms total)
2: [  PASSED  ] 1 test.
 2/15 Test  #2: MemoryRegionTest.ProtectionChanges .................   Passed    0.04 sec
test 3
      Start  3: FaultHandlerTest.SoftFaultHandling

3: Test command: /Users/zeeshanqazi/Desktop/projects/Geryon/build/tests/geryon_tests "--gtest_filter=FaultHandlerTest.SoftFaultHandling" "--gtest_also_run_disabled_tests"
3: Working Directory: /Users/zeeshanqazi/Desktop/projects/Geryon/build/tests
3: Test timeout computed to be: 10000000
3: Running main() from /Users/zeeshanqazi/Desktop/projects/Geryon/build/_deps/googletest-src/googletest/src/gtest_main.cc
3: Note: Google Test filter = FaultHandlerTest.SoftFaultHandling
3: [==========] Running 1 test from 1 test suite.
3: [----------] Global test environment set-up.
3: [----------] 1 test from FaultHandlerTest
3: [ RUN      ] FaultHandlerTest.SoftFaultHandling
3: [       OK ] FaultHandlerTest.SoftFaultHandling (0 ms)
3: [----------] 1 test from FaultHandlerTest (0 ms total)
3: 
3: [----------] Global test environment tear-down
3: [==========] 1 test from 1 test suite ran. (0 ms total)
3: [  PASSED  ] 1 test.
 3/15 Test  #3: FaultHandlerTest.SoftFaultHandling .................   Passed    0.01 sec
test 4
      Start  4: NetworkSyncTest.BouncingOwnership

4: Test command: /Users/zeeshanqazi/Desktop/projects/Geryon/build/tests/geryon_tests "--gtest_filter=NetworkSyncTest.BouncingOwnership" "--gtest_also_run_disabled_tests"
4: Working Directory: /Users/zeeshanqazi/Desktop/projects/Geryon/build/tests
4: Test timeout computed to be: 10000000
4: Running main() from /Users/zeeshanqazi/Desktop/projects/Geryon/build/_deps/googletest-src/googletest/src/gtest_main.cc
4: Note: Google Test filter = NetworkSyncTest.BouncingOwnership
4: [==========] Running 1 test from 1 test suite.
4: [----------] Global test environment set-up.
4: [----------] 1 test from NetworkSyncTest
4: [ RUN      ] NetworkSyncTest.BouncingOwnership
4: Replica 1 connected.
4: [       OK ] NetworkSyncTest.BouncingOwnership (2111 ms)
4: [----------] 1 test from NetworkSyncTest (2111 ms total)
4: 
4: [----------] Global test environment tear-down
4: [==========] 1 test from 1 test suite ran. (2111 ms total)
4: [  PASSED  ] 1 test.
 4/15 Test  #4: NetworkSyncTest.BouncingOwnership ..................   Passed    2.12 sec
test 5
      Start  5: NetworkSyncTest.StressTest

5: Test command: /Users/zeeshanqazi/Desktop/projects/Geryon/build/tests/geryon_tests "--gtest_filter=NetworkSyncTest.StressTest" "--gtest_also_run_disabled_tests"
5: Working Directory: /Users/zeeshanqazi/Desktop/projects/Geryon/build/tests
5: Test timeout computed to be: 10000000
5: Running main() from /Users/zeeshanqazi/Desktop/projects/Geryon/build/_deps/googletest-src/googletest/src/gtest_main.cc
5: Note: Google Test filter = NetworkSyncTest.StressTest
5: [==========] Running 1 test from 1 test suite.
5: [----------] Global test environment set-up.
5: [----------] 1 test from NetworkSyncTest
5: [ RUN      ] NetworkSyncTest.StressTest
5: Replica 1 connected.
5: [       OK ] NetworkSyncTest.StressTest (2127 ms)
5: [----------] 1 test from NetworkSyncTest (2127 ms total)
5: 
5: [----------] Global test environment tear-down
5: [==========] 1 test from 1 test suite ran. (2127 ms total)
5: [  PASSED  ] 1 test.
 5/15 Test  #5: NetworkSyncTest.StressTest .........................   Passed    2.16 sec
test 6
      Start  6: MultiClientTest.StarTopologyBouncing

6: Test command: /Users/zeeshanqazi/Desktop/projects/Geryon/build/tests/geryon_tests "--gtest_filter=MultiClientTest.StarTopologyBouncing" "--gtest_also_run_disabled_tests"
6: Working Directory: /Users/zeeshanqazi/Desktop/projects/Geryon/build/tests
6: Test timeout computed to be: 10000000
6: Running main() from /Users/zeeshanqazi/Desktop/projects/Geryon/build/_deps/googletest-src/googletest/src/gtest_main.cc
6: Note: Google Test filter = MultiClientTest.StarTopologyBouncing
6: [==========] Running 1 test from 1 test suite.
6: [----------] Global test environment set-up.
6: [----------] 1 test from MultiClientTest
6: [ RUN      ] MultiClientTest.StarTopologyBouncing
6: Replica 1 connected.
6: Replica 2 connected.
6: Replica 3 connected.
6: [       OK ] MultiClientTest.StarTopologyBouncing (6396 ms)
6: [----------] 1 test from MultiClientTest (6396 ms total)
6: 
6: [----------] Global test environment tear-down
6: [==========] 1 test from 1 test suite ran. (6396 ms total)
6: [  PASSED  ] 1 test.
 6/15 Test  #6: MultiClientTest.StarTopologyBouncing ...............   Passed    6.42 sec
test 7
      Start  7: SynchronizationTest.DistributedSpinLock

7: Test command: /Users/zeeshanqazi/Desktop/projects/Geryon/build/tests/geryon_tests "--gtest_filter=SynchronizationTest.DistributedSpinLock" "--gtest_also_run_disabled_tests"
7: Working Directory: /Users/zeeshanqazi/Desktop/projects/Geryon/build/tests
7: Test timeout computed to be: 10000000
7: Running main() from /Users/zeeshanqazi/Desktop/projects/Geryon/build/_deps/googletest-src/googletest/src/gtest_main.cc
7: Note: Google Test filter = SynchronizationTest.DistributedSpinLock
7: [==========] Running 1 test from 1 test suite.
7: [----------] Global test environment set-up.
7: [----------] 1 test from SynchronizationTest
7: [ RUN      ] SynchronizationTest.DistributedSpinLock
7: Replica 1 connected.
7: Primary finished.
7: Replica finished.
7: [       OK ] SynchronizationTest.DistributedSpinLock (2140 ms)
7: [----------] 1 test from SynchronizationTest (2140 ms total)
7: 
7: [----------] Global test environment tear-down
7: [==========] 1 test from 1 test suite ran. (2140 ms total)
7: [  PASSED  ] 1 test.
 7/15 Test  #7: SynchronizationTest.DistributedSpinLock ............   Passed    2.16 sec
test 8
      Start  8: InterprocessTest.SharedVector

8: Test command: /Users/zeeshanqazi/Desktop/projects/Geryon/build/tests/geryon_tests "--gtest_filter=InterprocessTest.SharedVector" "--gtest_also_run_disabled_tests"
8: Working Directory: /Users/zeeshanqazi/Desktop/projects/Geryon/build/tests
8: Test timeout computed to be: 10000000
8: Running main() from /Users/zeeshanqazi/Desktop/projects/Geryon/build/_deps/googletest-src/googletest/src/gtest_main.cc
8: Note: Google Test filter = InterprocessTest.SharedVector
8: [==========] Running 1 test from 1 test suite.
8: [----------] Global test environment set-up.
8: [----------] 1 test from InterprocessTest
8: [ RUN      ] InterprocessTest.SharedVector
8: Replica 1 connected.
8: [       OK ] InterprocessTest.SharedVector (2115 ms)
8: [----------] 1 test from InterprocessTest (2115 ms total)
8: 
8: [----------] Global test environment tear-down
8: [==========] 1 test from 1 test suite ran. (2116 ms total)
8: [  PASSED  ] 1 test.
 8/15 Test  #8: InterprocessTest.SharedVector ......................   Passed    2.14 sec
test 9
      Start  9: MemnonIntegrationTest.SegmentedInterprocess

9: Test command: /Users/zeeshanqazi/Desktop/projects/Geryon/build/tests/geryon_tests "--gtest_filter=MemnonIntegrationTest.SegmentedInterprocess" "--gtest_also_run_disabled_tests"
9: Working Directory: /Users/zeeshanqazi/Desktop/projects/Geryon/build/tests
9: Test timeout computed to be: 10000000
9: Running main() from /Users/zeeshanqazi/Desktop/projects/Geryon/build/_deps/googletest-src/googletest/src/gtest_main.cc
9: Note: Google Test filter = MemnonIntegrationTest.SegmentedInterprocess
9: [==========] Running 1 test from 1 test suite.
9: [----------] Global test environment set-up.
9: [----------] 1 test from MemnonIntegrationTest
9: [ RUN      ] MemnonIntegrationTest.SegmentedInterprocess
9: Replica 1 connected.
9: [       OK ] MemnonIntegrationTest.SegmentedInterprocess (2123 ms)
9: [----------] 1 test from MemnonIntegrationTest (2123 ms total)
9: 
9: [----------] Global test environment tear-down
9: [==========] 1 test from 1 test suite ran. (2123 ms total)
9: [  PASSED  ] 1 test.
 9/15 Test  #9: MemnonIntegrationTest.SegmentedInterprocess ........   Passed    2.14 sec
test 10
      Start 10: ConsistencyTest.TriggerSynchronization

10: Test command: /Users/zeeshanqazi/Desktop/projects/Geryon/build/tests/geryon_tests "--gtest_filter=ConsistencyTest.TriggerSynchronization" "--gtest_also_run_disabled_tests"
10: Working Directory: /Users/zeeshanqazi/Desktop/projects/Geryon/build/tests
10: Test timeout computed to be: 10000000
10: Running main() from /Users/zeeshanqazi/Desktop/projects/Geryon/build/_deps/googletest-src/googletest/src/gtest_main.cc
10: Note: Google Test filter = ConsistencyTest.TriggerSynchronization
10: [==========] Running 1 test from 1 test suite.
10: [----------] Global test environment set-up.
10: [----------] 1 test from ConsistencyTest
10: [ RUN      ] ConsistencyTest.TriggerSynchronization
10: Starting primary...
10: Primary started.
10: Starting replica...
10: Replica started.
10: Replica 1 connected.
10: Simulating replica page request 1
10: Simulating replica page request 2
10: Replica writing to pages
10: Primary triggering synchronization
10: Primary checking consistency
10: Stopping nodes
10: Test complete
10: [       OK ] ConsistencyTest.TriggerSynchronization (2158 ms)
10: [----------] 1 test from ConsistencyTest (2158 ms total)
10: 
10: [----------] Global test environment tear-down
10: [==========] 1 test from 1 test suite ran. (2158 ms total)
10: [  PASSED  ] 1 test.
10/15 Test #10: ConsistencyTest.TriggerSynchronization .............   Passed    2.19 sec
test 11
      Start 11: ConsistencyTest.ReplicaStopFlushesData

11: Test command: /Users/zeeshanqazi/Desktop/projects/Geryon/build/tests/geryon_tests "--gtest_filter=ConsistencyTest.ReplicaStopFlushesData" "--gtest_also_run_disabled_tests"
11: Working Directory: /Users/zeeshanqazi/Desktop/projects/Geryon/build/tests
11: Test timeout computed to be: 10000000
11: Running main() from /Users/zeeshanqazi/Desktop/projects/Geryon/build/_deps/googletest-src/googletest/src/gtest_main.cc
11: Note: Google Test filter = ConsistencyTest.ReplicaStopFlushesData
11: [==========] Running 1 test from 1 test suite.
11: [----------] Global test environment set-up.
11: [----------] 1 test from ConsistencyTest
11: [ RUN      ] ConsistencyTest.ReplicaStopFlushesData
11: Replica 1 connected.
11: [       OK ] ConsistencyTest.ReplicaStopFlushesData (2167 ms)
11: [----------] 1 test from ConsistencyTest (2167 ms total)
11: 
11: [----------] Global test environment tear-down
11: [==========] 1 test from 1 test suite ran. (2167 ms total)
11: [  PASSED  ] 1 test.
11/15 Test #11: ConsistencyTest.ReplicaStopFlushesData ...............   Passed    2.19 sec
test 12
      Start 12: ConsistencyTest.PrimaryStopInitiatesHandshake

12: Test command: /Users/zeeshanqazi/Desktop/projects/Geryon/build/tests/geryon_tests "--gtest_filter=ConsistencyTest.PrimaryStopInitiatesHandshake" "--gtest_also_run_disabled_tests"
12: Working Directory: /Users/zeeshanqazi/Desktop/projects/Geryon/build/tests
12: Test timeout computed to be: 10000000
12: Running main() from /Users/zeeshanqazi/Desktop/projects/Geryon/build/_deps/googletest-src/googletest/src/gtest_main.cc
12: Note: Google Test filter = ConsistencyTest.PrimaryStopInitiatesHandshake
12: [==========] Running 1 test from 1 test suite.
12: [----------] Global test environment set-up.
12: [----------] 1 test from ConsistencyTest
12: [ RUN      ] ConsistencyTest.PrimaryStopInitiatesHandshake
12: Replica 1 connected.
12: [       OK ] ConsistencyTest.PrimaryStopInitiatesHandshake (2062 ms)
12: [----------] 1 test from ConsistencyTest (2062 ms total)
12: 
12: [----------] Global test environment tear-down
12: [==========] 1 test from 1 test suite ran. (2062 ms total)
12: [  PASSED  ] 1 test.
12/15 Test #12: ConsistencyTest.PrimaryStopInitiatesHandshake .......   Passed    2.09 sec
test 13
      Start 13: CorrectnessTest.MultithreadMultipageCorrectness

13: Test command: /Users/zeeshanqazi/Desktop/projects/Geryon/build/tests/geryon_tests "--gtest_filter=CorrectnessTest.MultithreadMultipageCorrectness" "--gtest_also_run_disabled_tests"
13: Working Directory: /Users/zeeshanqazi/Desktop/projects/Geryon/build/tests
13: Test timeout computed to be: 10000000
13: Running main() from /Users/zeeshanqazi/Desktop/projects/Geryon/build/_deps/googletest-src/googletest/src/gtest_main.cc
13: Note: Google Test filter = CorrectnessTest.MultithreadMultipageCorrectness
13: [==========] Running 1 test from 1 test suite.
13: [----------] Global test environment set-up.
13: [----------] 1 test from CorrectnessTest
13: [ RUN      ] CorrectnessTest.MultithreadMultipageCorrectness
13: Replica 1 connected.
13: Replica 2 connected.
13: Replica 3 connected.
13: [       OK ] CorrectnessTest.MultithreadMultipageCorrectness (2973 ms)
13: [----------] 1 test from CorrectnessTest (2973 ms total)
13: 
13: [----------] Global test environment tear-down
13: [==========] 1 test from 1 test suite ran. (2973 ms total)
13: [  PASSED  ] 1 test.
13/15 Test #13: CorrectnessTest.MultithreadMultipageCorrectness ....   Passed    3.00 sec
test 14
      Start 14: CorrectnessTest.MultiprocessMultipageCorrectness

14: Test command: /Users/zeeshanqazi/Desktop/projects/Geryon/build/tests/geryon_tests "--gtest_filter=CorrectnessTest.MultiprocessMultipageCorrectness" "--gtest_also_run_disabled_tests"
14: Working Directory: /Users/zeeshanqazi/Desktop/projects/Geryon/build/tests
14: Test timeout computed to be: 10000000
14: Running main() from /Users/zeeshanqazi/Desktop/projects/Geryon/build/_deps/googletest-src/googletest/src/gtest_main.cc
14: Note: Google Test filter = CorrectnessTest.MultiprocessMultipageCorrectness
14: [==========] Running 1 test from 1 test suite.
14: [----------] Global test environment set-up.
14: [----------] 1 test from CorrectnessTest
14: [ RUN      ] CorrectnessTest.MultiprocessMultipageCorrectness
14: Running main() from /Users/zeeshanqazi/Desktop/projects/Geryon/build/_deps/googletest-src/googletest/src/gtest_main.cc
14: Note: Google Test filter = CorrectnessTest.MultiprocessMultipageCorrectness
14: [==========] Running 1 test from 1 test suite.
14: [----------] Global test environment set-up.
14: [----------] 1 test from CorrectnessTest
14: [ RUN      ] CorrectnessTest.MultiprocessMultipageCorrectness
14: Replica 1 connected.
14: Running main() from /Users/zeeshanqazi/Desktop/projects/Geryon/build/_deps/googletest-src/googletest/src/gtest_main.cc
14: Note: Google Test filter = CorrectnessTest.MultiprocessMultipageCorrectness
14: [==========] Running 1 test from 1 test suite.
14: [----------] Global test environment set-up.
14: [----------] 1 test from CorrectnessTest
14: [ RUN      ] CorrectnessTest.MultiprocessMultipageCorrectness
14: Replica 2 connected.
14: Running main() from /Users/zeeshanqazi/Desktop/projects/Geryon/build/_deps/googletest-src/googletest/src/gtest_main.cc
14: Note: Google Test filter = CorrectnessTest.MultiprocessMultipageCorrectness
14: [==========] Running 1 test from 1 test suite.
14: [----------] Global test environment set-up.
14: [----------] 1 test from CorrectnessTest
14: [ RUN      ] CorrectnessTest.MultiprocessMultipageCorrectness
14: Replica 3 connected.
14: [       OK ] CorrectnessTest.MultiprocessMultipageCorrectness (2171 ms)
14: [----------] 1 test from CorrectnessTest (2171 ms total)
14: 
14: [----------] Global test environment tear-down
14: [==========] 1 test from 1 test suite ran. (2171 ms total)
14: [  PASSED  ] 1 test.
14/15 Test #14: CorrectnessTest.MultiprocessMultipageCorrectness ...   Passed    2.20 sec
test 15
      Start 15: DistributedSortTest.MultiprocessPiecewiseSort

15: Test command: /Users/zeeshanqazi/Desktop/projects/Geryon/build/tests/geryon_tests "--gtest_filter=DistributedSortTest.MultiprocessPiecewiseSort" "--gtest_also_run_disabled_tests"
15: Working Directory: /Users/zeeshanqazi/Desktop/projects/Geryon/build/tests
15: Test timeout computed to be: 10000000
15: Running main() from /Users/zeeshanqazi/Desktop/projects/Geryon/build/_deps/googletest-src/googletest/src/gtest_main.cc
15: Note: Google Test filter = DistributedSortTest.MultiprocessPiecewiseSort
15: [==========] Running 1 test from 1 test suite.
15: [----------] Global test environment set-up.
15: [----------] 1 test from DistributedSortTest
15: [ RUN      ] DistributedSortTest.MultiprocessPiecewiseSort
15: Running main() from /Users/zeeshanqazi/Desktop/projects/Geryon/build/_deps/googletest-src/googletest/src/gtest_main.cc
15: Note: Google Test filter = DistributedSortTest.MultiprocessPiecewiseSort
15: [==========] Running 1 test from 1 test suite.
15: [----------] Global test environment set-up.
15: [----------] 1 test from DistributedSortTest
15: [ RUN      ] DistributedSortTest.MultiprocessPiecewiseSort
15: Replica 1 connected.
15: Running main() from /Users/zeeshanqazi/Desktop/projects/Geryon/build/_deps/googletest-src/googletest/src/gtest_main.cc
15: Note: Google Test filter = DistributedSortTest.MultiprocessPiecewiseSort
15: [==========] Running 1 test from 1 test suite.
15: [----------] Global test environment set-up.
15: [----------] 1 test from DistributedSortTest
15: [ RUN      ] DistributedSortTest.MultiprocessPiecewiseSort
15: Replica 2 connected.
15: Running main() from /Users/zeeshanqazi/Desktop/projects/Geryon/build/_deps/googletest-src/googletest/src/gtest_main.cc
15: Note: Google Test filter = DistributedSortTest.MultiprocessPiecewiseSort
15: [==========] Running 1 test from 1 test suite.
15: [----------] Global test environment set-up.
15: [----------] 1 test from DistributedSortTest
15: [ RUN      ] DistributedSortTest.MultiprocessPiecewiseSort
15: Replica 3 connected.
15: [Primary] Pages Sent: 3671, Pages Received: 3670 | Avg Transfer Time: 2.8845 us | Avg Time Between Transfers: 213.405 us
15: [Replica 1] Pages Sent: 1319, Pages Received: 1320 | Avg Transfer Time: 3.04928 us | Avg Time Between Transfers: 1344.35 us
15: [Replica 3] Pages Sent: 1320, Pages Received: 1321 | Avg Transfer Time: 2.76212 us | Avg Time Between Transfers: 1340.68 us
15: [Replica 2] Pages Sent: 1320, Pages Received: 1321 | Avg Transfer Time: 2.95152 us | Avg Time Between Transfers: 1341.07 us
15: [       OK ] DistributedSortTest.MultiprocessPiecewiseSort (4485 ms)
15: [----------] 1 test from DistributedSortTest (4485 ms total)
15: 
15: [----------] Global test environment tear-down
15: [==========] 1 test from 1 test suite ran. (4485 ms total)
15: [  PASSED  ] 1 test.
15/15 Test #15: DistributedSortTest.MultiprocessPiecewiseSort ......   Passed    4.51 sec

100% tests passed, 0 tests failed out of 15

Total Test time (real) =  33.40 sec
macOS Run 4
Using Homebrew GCC 16: /opt/homebrew/bin/g++-16
CMake Warning (dev) at CMakeLists.txt:17 (find_package):
  Policy CMP0167 is not set: The FindBoost module is removed.  Run "cmake
  --help-policy CMP0167" for policy details.  Use the cmake_policy command to
  set the policy and suppress this warning.

This warning is for project developers.  Use -Wno-dev to suppress it.

-- git version: v1.8.3 normalized to 1.8.3
-- Google Benchmark version: 1.8.3
-- Performing Test HAVE_STD_REGEX -- success
-- Performing Test HAVE_GNU_POSIX_REGEX -- failed to compile
-- Performing Test HAVE_POSIX_REGEX -- success
-- Performing Test HAVE_STEADY_CLOCK -- success
-- Performing Test HAVE_PTHREAD_AFFINITY -- failed to compile
-- Configuring done (0.7s)
-- Generating done (0.0s)
-- Build files have been written to: /Users/zeeshanqazi/Desktop/projects/Geryon/build
[  4%] Built target gtest
[ 12%] Built target geryon
[ 17%] Built target gtest_main
[ 21%] Built target gmock
[ 63%] Built target benchmark
[ 68%] Built target gmock_main
[ 72%] Built target benchmark_main
[ 76%] Built target benchmark_page_transfer
[100%] Built target geryon_tests
Build complete. Executables are in build/tests/ and build/benchmarks/.
UpdateCTestConfiguration  from :/Users/zeeshanqazi/Desktop/projects/Geryon/build/DartConfiguration.tcl
Test project /Users/zeeshanqazi/Desktop/projects/Geryon/build
Constructing a list of tests
Done constructing a list of tests
Updating test list for fixtures
Added 0 tests to meet fixture requirements
Checking test dependency graph...
Checking test dependency graph end
test 1
      Start  1: MemoryRegionTest.AllocationAndPageSize

1: Test command: /Users/zeeshanqazi/Desktop/projects/Geryon/build/tests/geryon_tests "--gtest_filter=MemoryRegionTest.AllocationAndPageSize" "--gtest_also_run_disabled_tests"
1: Working Directory: /Users/zeeshanqazi/Desktop/projects/Geryon/build/tests
1: Test timeout computed to be: 10000000
1: Running main() from /Users/zeeshanqazi/Desktop/projects/Geryon/build/_deps/googletest-src/googletest/src/gtest_main.cc
1: Note: Google Test filter = MemoryRegionTest.AllocationAndPageSize
1: [==========] Running 1 test from 1 test suite.
1: [----------] Global test environment set-up.
1: [----------] 1 test from MemoryRegionTest
1: [ RUN      ] MemoryRegionTest.AllocationAndPageSize
1: [       OK ] MemoryRegionTest.AllocationAndPageSize (0 ms)
1: [----------] 1 test from MemoryRegionTest (0 ms total)
1: 
1: [----------] Global test environment tear-down
1: [==========] 1 test from 1 test suite ran. (0 ms total)
1: [  PASSED  ] 1 test.
 1/15 Test  #1: MemoryRegionTest.AllocationAndPageSize .............   Passed    0.01 sec
test 2
      Start  2: MemoryRegionTest.ProtectionChanges

2: Test command: /Users/zeeshanqazi/Desktop/projects/Geryon/build/tests/geryon_tests "--gtest_filter=MemoryRegionTest.ProtectionChanges" "--gtest_also_run_disabled_tests"
2: Working Directory: /Users/zeeshanqazi/Desktop/projects/Geryon/build/tests
2: Test timeout computed to be: 10000000
2: Running main() from /Users/zeeshanqazi/Desktop/projects/Geryon/build/_deps/googletest-src/googletest/src/gtest_main.cc
2: Note: Google Test filter = MemoryRegionTest.ProtectionChanges
2: [==========] Running 1 test from 1 test suite.
2: [----------] Global test environment set-up.
2: [----------] 1 test from MemoryRegionTest
2: [ RUN      ] MemoryRegionTest.ProtectionChanges
2: [       OK ] MemoryRegionTest.ProtectionChanges (29 ms)
2: [----------] 1 test from MemoryRegionTest (29 ms total)
2: 
2: [----------] Global test environment tear-down
2: [==========] 1 test from 1 test suite ran. (29 ms total)
2: [  PASSED  ] 1 test.
 2/15 Test  #2: MemoryRegionTest.ProtectionChanges .................   Passed    0.04 sec
test 3
      Start  3: FaultHandlerTest.SoftFaultHandling

3: Test command: /Users/zeeshanqazi/Desktop/projects/Geryon/build/tests/geryon_tests "--gtest_filter=FaultHandlerTest.SoftFaultHandling" "--gtest_also_run_disabled_tests"
3: Working Directory: /Users/zeeshanqazi/Desktop/projects/Geryon/build/tests
3: Test timeout computed to be: 10000000
3: Running main() from /Users/zeeshanqazi/Desktop/projects/Geryon/build/_deps/googletest-src/googletest/src/gtest_main.cc
3: Note: Google Test filter = FaultHandlerTest.SoftFaultHandling
3: [==========] Running 1 test from 1 test suite.
3: [----------] Global test environment set-up.
3: [----------] 1 test from FaultHandlerTest
3: [ RUN      ] FaultHandlerTest.SoftFaultHandling
3: [       OK ] FaultHandlerTest.SoftFaultHandling (0 ms)
3: [----------] 1 test from FaultHandlerTest (0 ms total)
3: 
3: [----------] Global test environment tear-down
3: [==========] 1 test from 1 test suite ran. (0 ms total)
3: [  PASSED  ] 1 test.
 3/15 Test  #3: FaultHandlerTest.SoftFaultHandling .................   Passed    0.01 sec
test 4
      Start  4: NetworkSyncTest.BouncingOwnership

4: Test command: /Users/zeeshanqazi/Desktop/projects/Geryon/build/tests/geryon_tests "--gtest_filter=NetworkSyncTest.BouncingOwnership" "--gtest_also_run_disabled_tests"
4: Working Directory: /Users/zeeshanqazi/Desktop/projects/Geryon/build/tests
4: Test timeout computed to be: 10000000
4: Running main() from /Users/zeeshanqazi/Desktop/projects/Geryon/build/_deps/googletest-src/googletest/src/gtest_main.cc
4: Note: Google Test filter = NetworkSyncTest.BouncingOwnership
4: [==========] Running 1 test from 1 test suite.
4: [----------] Global test environment set-up.
4: [----------] 1 test from NetworkSyncTest
4: [ RUN      ] NetworkSyncTest.BouncingOwnership
4: Replica 1 connected.
4: [       OK ] NetworkSyncTest.BouncingOwnership (2114 ms)
4: [----------] 1 test from NetworkSyncTest (2114 ms total)
4: 
4: [----------] Global test environment tear-down
4: [==========] 1 test from 1 test suite ran. (2114 ms total)
4: [  PASSED  ] 1 test.
 4/15 Test  #4: NetworkSyncTest.BouncingOwnership ..................   Passed    2.12 sec
test 5
      Start  5: NetworkSyncTest.StressTest

5: Test command: /Users/zeeshanqazi/Desktop/projects/Geryon/build/tests/geryon_tests "--gtest_filter=NetworkSyncTest.StressTest" "--gtest_also_run_disabled_tests"
5: Working Directory: /Users/zeeshanqazi/Desktop/projects/Geryon/build/tests
5: Test timeout computed to be: 10000000
5: Running main() from /Users/zeeshanqazi/Desktop/projects/Geryon/build/_deps/googletest-src/googletest/src/gtest_main.cc
5: Note: Google Test filter = NetworkSyncTest.StressTest
5: [==========] Running 1 test from 1 test suite.
5: [----------] Global test environment set-up.
5: [----------] 1 test from NetworkSyncTest
5: [ RUN      ] NetworkSyncTest.StressTest
5: Replica 1 connected.
5: [       OK ] NetworkSyncTest.StressTest (2152 ms)
5: [----------] 1 test from NetworkSyncTest (2152 ms total)
5: 
5: [----------] Global test environment tear-down
5: [==========] 1 test from 1 test suite ran. (2152 ms total)
5: [  PASSED  ] 1 test.
 5/15 Test  #5: NetworkSyncTest.StressTest .........................   Passed    2.18 sec
test 6
      Start  6: MultiClientTest.StarTopologyBouncing

6: Test command: /Users/zeeshanqazi/Desktop/projects/Geryon/build/tests/geryon_tests "--gtest_filter=MultiClientTest.StarTopologyBouncing" "--gtest_also_run_disabled_tests"
6: Working Directory: /Users/zeeshanqazi/Desktop/projects/Geryon/build/tests
6: Test timeout computed to be: 10000000
6: Running main() from /Users/zeeshanqazi/Desktop/projects/Geryon/build/_deps/googletest-src/googletest/src/gtest_main.cc
6: Note: Google Test filter = MultiClientTest.StarTopologyBouncing
6: [==========] Running 1 test from 1 test suite.
6: [----------] Global test environment set-up.
6: [----------] 1 test from MultiClientTest
6: [ RUN      ] MultiClientTest.StarTopologyBouncing
6: Replica 1 connected.
6: Replica 2 connected.
6: Replica 3 connected.
6: [       OK ] MultiClientTest.StarTopologyBouncing (6411 ms)
6: [----------] 1 test from MultiClientTest (6411 ms total)
6: 
6: [----------] Global test environment tear-down
6: [==========] 1 test from 1 test suite ran. (6411 ms total)
6: [  PASSED  ] 1 test.
 6/15 Test  #6: MultiClientTest.StarTopologyBouncing ...............   Passed    6.44 sec
test 7
      Start  7: SynchronizationTest.DistributedSpinLock

7: Test command: /Users/zeeshanqazi/Desktop/projects/Geryon/build/tests/geryon_tests "--gtest_filter=SynchronizationTest.DistributedSpinLock" "--gtest_also_run_disabled_tests"
7: Working Directory: /Users/zeeshanqazi/Desktop/projects/Geryon/build/tests
7: Test timeout computed to be: 10000000
7: Running main() from /Users/zeeshanqazi/Desktop/projects/Geryon/build/_deps/googletest-src/googletest/src/gtest_main.cc
7: Note: Google Test filter = SynchronizationTest.DistributedSpinLock
7: [==========] Running 1 test from 1 test suite.
7: [----------] Global test environment set-up.
7: [----------] 1 test from SynchronizationTest
7: [ RUN      ] SynchronizationTest.DistributedSpinLock
7: Replica 1 connected.
7: Primary finished.
7: Replica finished.
7: [       OK ] SynchronizationTest.DistributedSpinLock (2137 ms)
7: [----------] 1 test from SynchronizationTest (2137 ms total)
7: 
7: [----------] Global test environment tear-down
7: [==========] 1 test from 1 test suite ran. (2137 ms total)
7: [  PASSED  ] 1 test.
 7/15 Test  #7: SynchronizationTest.DistributedSpinLock ............   Passed    2.15 sec
test 8
      Start  8: InterprocessTest.SharedVector

8: Test command: /Users/zeeshanqazi/Desktop/projects/Geryon/build/tests/geryon_tests "--gtest_filter=InterprocessTest.SharedVector" "--gtest_also_run_disabled_tests"
8: Working Directory: /Users/zeeshanqazi/Desktop/projects/Geryon/build/tests
8: Test timeout computed to be: 10000000
8: Running main() from /Users/zeeshanqazi/Desktop/projects/Geryon/build/_deps/googletest-src/googletest/src/gtest_main.cc
8: Note: Google Test filter = InterprocessTest.SharedVector
8: [==========] Running 1 test from 1 test suite.
8: [----------] Global test environment set-up.
8: [----------] 1 test from InterprocessTest
8: [ RUN      ] InterprocessTest.SharedVector
8: Replica 1 connected.
8: [       OK ] InterprocessTest.SharedVector (2115 ms)
8: [----------] 1 test from InterprocessTest (2115 ms total)
8: 
8: [----------] Global test environment tear-down
8: [==========] 1 test from 1 test suite ran. (2115 ms total)
8: [  PASSED  ] 1 test.
 8/15 Test  #8: InterprocessTest.SharedVector ......................   Passed    2.14 sec
test 9
      Start  9: MemnonIntegrationTest.SegmentedInterprocess

9: Test command: /Users/zeeshanqazi/Desktop/projects/Geryon/build/tests/geryon_tests "--gtest_filter=MemnonIntegrationTest.SegmentedInterprocess" "--gtest_also_run_disabled_tests"
9: Working Directory: /Users/zeeshanqazi/Desktop/projects/Geryon/build/tests
9: Test timeout computed to be: 10000000
9: Running main() from /Users/zeeshanqazi/Desktop/projects/Geryon/build/_deps/googletest-src/googletest/src/gtest_main.cc
9: Note: Google Test filter = MemnonIntegrationTest.SegmentedInterprocess
9: [==========] Running 1 test from 1 test suite.
9: [----------] Global test environment set-up.
9: [----------] 1 test from MemnonIntegrationTest
9: [ RUN      ] MemnonIntegrationTest.SegmentedInterprocess
9: Replica 1 connected.
9: [       OK ] MemnonIntegrationTest.SegmentedInterprocess (2116 ms)
9: [----------] 1 test from MemnonIntegrationTest (2116 ms total)
9: 
9: [----------] Global test environment tear-down
9: [==========] 1 test from 1 test suite ran. (2116 ms total)
9: [  PASSED  ] 1 test.
 9/15 Test  #9: MemnonIntegrationTest.SegmentedInterprocess ........   Passed    2.14 sec
test 10
      Start 10: ConsistencyTest.TriggerSynchronization

10: Test command: /Users/zeeshanqazi/Desktop/projects/Geryon/build/tests/geryon_tests "--gtest_filter=ConsistencyTest.TriggerSynchronization" "--gtest_also_run_disabled_tests"
10: Working Directory: /Users/zeeshanqazi/Desktop/projects/Geryon/build/tests
10: Test timeout computed to be: 10000000
10: Running main() from /Users/zeeshanqazi/Desktop/projects/Geryon/build/_deps/googletest-src/googletest/src/gtest_main.cc
10: Note: Google Test filter = ConsistencyTest.TriggerSynchronization
10: [==========] Running 1 test from 1 test suite.
10: [----------] Global test environment set-up.
10: [----------] 1 test from ConsistencyTest
10: [ RUN      ] ConsistencyTest.TriggerSynchronization
10: Starting primary...
10: Primary started.
10: Starting replica...
10: Replica started.
10: Replica 1 connected.
10: Simulating replica page request 1
10: Simulating replica page request 2
10: Replica writing to pages
10: Primary triggering synchronization
10: Primary checking consistency
10: Stopping nodes
10: Test complete
10: [       OK ] ConsistencyTest.TriggerSynchronization (2162 ms)
10: [----------] 1 test from ConsistencyTest (2162 ms total)
10: 
10: [----------] Global test environment tear-down
10: [==========] 1 test from 1 test suite ran. (2162 ms total)
10: [  PASSED  ] 1 test.
10/15 Test #10: ConsistencyTest.TriggerSynchronization .............   Passed    2.19 sec
test 11
      Start 11: ConsistencyTest.ReplicaStopFlushesData

11: Test command: /Users/zeeshanqazi/Desktop/projects/Geryon/build/tests/geryon_tests "--gtest_filter=ConsistencyTest.ReplicaStopFlushesData" "--gtest_also_run_disabled_tests"
11: Working Directory: /Users/zeeshanqazi/Desktop/projects/Geryon/build/tests
11: Test timeout computed to be: 10000000
11: Running main() from /Users/zeeshanqazi/Desktop/projects/Geryon/build/_deps/googletest-src/googletest/src/gtest_main.cc
11: Note: Google Test filter = ConsistencyTest.ReplicaStopFlushesData
11: [==========] Running 1 test from 1 test suite.
11: [----------] Global test environment set-up.
11: [----------] 1 test from ConsistencyTest
11: [ RUN      ] ConsistencyTest.ReplicaStopFlushesData
11: Replica 1 connected.
11: [       OK ] ConsistencyTest.ReplicaStopFlushesData (2163 ms)
11: [----------] 1 test from ConsistencyTest (2163 ms total)
11: 
11: [----------] Global test environment tear-down
11: [==========] 1 test from 1 test suite ran. (2163 ms total)
11: [  PASSED  ] 1 test.
11/15 Test #11: ConsistencyTest.ReplicaStopFlushesData ...............   Passed    2.19 sec
test 12
      Start 12: ConsistencyTest.PrimaryStopInitiatesHandshake

12: Test command: /Users/zeeshanqazi/Desktop/projects/Geryon/build/tests/geryon_tests "--gtest_filter=ConsistencyTest.PrimaryStopInitiatesHandshake" "--gtest_also_run_disabled_tests"
12: Working Directory: /Users/zeeshanqazi/Desktop/projects/Geryon/build/tests
12: Test timeout computed to be: 10000000
12: Running main() from /Users/zeeshanqazi/Desktop/projects/Geryon/build/_deps/googletest-src/googletest/src/gtest_main.cc
12: Note: Google Test filter = ConsistencyTest.PrimaryStopInitiatesHandshake
12: [==========] Running 1 test from 1 test suite.
12: [----------] Global test environment set-up.
12: [----------] 1 test from ConsistencyTest
12: [ RUN      ] ConsistencyTest.PrimaryStopInitiatesHandshake
12: Replica 1 connected.
12: [       OK ] ConsistencyTest.PrimaryStopInitiatesHandshake (2058 ms)
12: [----------] 1 test from ConsistencyTest (2058 ms total)
12: 
12: [----------] Global test environment tear-down
12: [==========] 1 test from 1 test suite ran. (2058 ms total)
12: [  PASSED  ] 1 test.
12/15 Test #12: ConsistencyTest.PrimaryStopInitiatesHandshake .......   Passed    2.09 sec
test 13
      Start 13: CorrectnessTest.MultithreadMultipageCorrectness

13: Test command: /Users/zeeshanqazi/Desktop/projects/Geryon/build/tests/geryon_tests "--gtest_filter=CorrectnessTest.MultithreadMultipageCorrectness" "--gtest_also_run_disabled_tests"
13: Working Directory: /Users/zeeshanqazi/Desktop/projects/Geryon/build/tests
13: Test timeout computed to be: 10000000
13: Running main() from /Users/zeeshanqazi/Desktop/projects/Geryon/build/_deps/googletest-src/googletest/src/gtest_main.cc
13: Note: Google Test filter = CorrectnessTest.MultithreadMultipageCorrectness
13: [==========] Running 1 test from 1 test suite.
13: [----------] Global test environment set-up.
13: [----------] 1 test from CorrectnessTest
13: [ RUN      ] CorrectnessTest.MultithreadMultipageCorrectness
13: Replica 1 connected.
13: Replica 2 connected.
13: Replica 3 connected.
13: [       OK ] CorrectnessTest.MultithreadMultipageCorrectness (2972 ms)
13: [----------] 1 test from CorrectnessTest (2972 ms total)
13: 
13: [----------] Global test environment tear-down
13: [==========] 1 test from 1 test suite ran. (2972 ms total)
13: [  PASSED  ] 1 test.
13/15 Test #13: CorrectnessTest.MultithreadMultipageCorrectness ....   Passed    2.99 sec
test 14
      Start 14: CorrectnessTest.MultiprocessMultipageCorrectness

14: Test command: /Users/zeeshanqazi/Desktop/projects/Geryon/build/tests/geryon_tests "--gtest_filter=CorrectnessTest.MultiprocessMultipageCorrectness" "--gtest_also_run_disabled_tests"
14: Working Directory: /Users/zeeshanqazi/Desktop/projects/Geryon/build/tests
14: Test timeout computed to be: 10000000
14: Running main() from /Users/zeeshanqazi/Desktop/projects/Geryon/build/_deps/googletest-src/googletest/src/gtest_main.cc
14: Note: Google Test filter = CorrectnessTest.MultiprocessMultipageCorrectness
14: [==========] Running 1 test from 1 test suite.
14: [----------] Global test environment set-up.
14: [----------] 1 test from CorrectnessTest
14: [ RUN      ] CorrectnessTest.MultiprocessMultipageCorrectness
14: Running main() from /Users/zeeshanqazi/Desktop/projects/Geryon/build/_deps/googletest-src/googletest/src/gtest_main.cc
14: Note: Google Test filter = CorrectnessTest.MultiprocessMultipageCorrectness
14: [==========] Running 1 test from 1 test suite.
14: [----------] Global test environment set-up.
14: [----------] 1 test from CorrectnessTest
14: [ RUN      ] CorrectnessTest.MultiprocessMultipageCorrectness
14: Replica 1 connected.
14: Running main() from /Users/zeeshanqazi/Desktop/projects/Geryon/build/_deps/googletest-src/googletest/src/gtest_main.cc
14: Note: Google Test filter = CorrectnessTest.MultiprocessMultipageCorrectness
14: [==========] Running 1 test from 1 test suite.
14: [----------] Global test environment set-up.
14: [----------] 1 test from CorrectnessTest
14: [ RUN      ] CorrectnessTest.MultiprocessMultipageCorrectness
14: Replica 2 connected.
14: Running main() from /Users/zeeshanqazi/Desktop/projects/Geryon/build/_deps/googletest-src/googletest/src/gtest_main.cc
14: Note: Google Test filter = CorrectnessTest.MultiprocessMultipageCorrectness
14: [==========] Running 1 test from 1 test suite.
14: [----------] Global test environment set-up.
14: [----------] 1 test from CorrectnessTest
14: [ RUN      ] CorrectnessTest.MultiprocessMultipageCorrectness
14: Replica 3 connected.
14: [       OK ] CorrectnessTest.MultiprocessMultipageCorrectness (2172 ms)
14: [----------] 1 test from CorrectnessTest (2172 ms total)
14: 
14: [----------] Global test environment tear-down
14: [==========] 1 test from 1 test suite ran. (2172 ms total)
14: [  PASSED  ] 1 test.
14/15 Test #14: CorrectnessTest.MultiprocessMultipageCorrectness ...   Passed    2.20 sec
test 15
      Start 15: DistributedSortTest.MultiprocessPiecewiseSort

15: Test command: /Users/zeeshanqazi/Desktop/projects/Geryon/build/tests/geryon_tests "--gtest_filter=DistributedSortTest.MultiprocessPiecewiseSort" "--gtest_also_run_disabled_tests"
15: Working Directory: /Users/zeeshanqazi/Desktop/projects/Geryon/build/tests
15: Test timeout computed to be: 10000000
15: Running main() from /Users/zeeshanqazi/Desktop/projects/Geryon/build/_deps/googletest-src/googletest/src/gtest_main.cc
15: Note: Google Test filter = DistributedSortTest.MultiprocessPiecewiseSort
15: [==========] Running 1 test from 1 test suite.
15: [----------] Global test environment set-up.
15: [----------] 1 test from DistributedSortTest
15: [ RUN      ] DistributedSortTest.MultiprocessPiecewiseSort
15: Running main() from /Users/zeeshanqazi/Desktop/projects/Geryon/build/_deps/googletest-src/googletest/src/gtest_main.cc
15: Note: Google Test filter = DistributedSortTest.MultiprocessPiecewiseSort
15: [==========] Running 1 test from 1 test suite.
15: [----------] Global test environment set-up.
15: [----------] 1 test from DistributedSortTest
15: [ RUN      ] DistributedSortTest.MultiprocessPiecewiseSort
15: Replica 1 connected.
15: Running main() from /Users/zeeshanqazi/Desktop/projects/Geryon/build/_deps/googletest-src/googletest/src/gtest_main.cc
15: Note: Google Test filter = DistributedSortTest.MultiprocessPiecewiseSort
15: [==========] Running 1 test from 1 test suite.
15: [----------] Global test environment set-up.
15: [----------] 1 test from DistributedSortTest
15: [ RUN      ] DistributedSortTest.MultiprocessPiecewiseSort
15: Replica 2 connected.
15: Running main() from /Users/zeeshanqazi/Desktop/projects/Geryon/build/_deps/googletest-src/googletest/src/gtest_main.cc
15: Note: Google Test filter = DistributedSortTest.MultiprocessPiecewiseSort
15: [==========] Running 1 test from 1 test suite.
15: [----------] Global test environment set-up.
15: [----------] 1 test from DistributedSortTest
15: [ RUN      ] DistributedSortTest.MultiprocessPiecewiseSort
15: Replica 3 connected.
15: [Primary] Pages Sent: 3671, Pages Received: 3670 | Avg Transfer Time: 2.49687 us | Avg Time Between Transfers: 208.05 us
15: [Replica 3] Pages Sent: 1318, Pages Received: 1319 | Avg Transfer Time: 2.48179 us | Avg Time Between Transfers: 1319.2 us
15: [Replica 1] Pages Sent: 1319, Pages Received: 1320 | Avg Transfer Time: 2.721 us | Avg Time Between Transfers: 1319.04 us
15: [Replica 2] Pages Sent: 1319, Pages Received: 1320 | Avg Transfer Time: 2.64291 us | Avg Time Between Transfers: 1323.26 us
15: [       OK ] DistributedSortTest.MultiprocessPiecewiseSort (4448 ms)
15: [----------] 1 test from DistributedSortTest (4448 ms total)
15: 
15: [----------] Global test environment tear-down
15: [==========] 1 test from 1 test suite ran. (4448 ms total)
15: [  PASSED  ] 1 test.
15/15 Test #15: DistributedSortTest.MultiprocessPiecewiseSort ......   Passed    4.47 sec

100% tests passed, 0 tests failed out of 15

Total Test time (real) =  33.38 sec
macOS Run 5
Using Homebrew GCC 16: /opt/homebrew/bin/g++-16
CMake Warning (dev) at CMakeLists.txt:17 (find_package):
  Policy CMP0167 is not set: The FindBoost module is removed.  Run "cmake
  --help-policy CMP0167" for policy details.  Use the cmake_policy command to
  set the policy and suppress this warning.

This warning is for project developers.  Use -Wno-dev to suppress it.

-- git version: v1.8.3 normalized to 1.8.3
-- Google Benchmark version: 1.8.3
-- Performing Test HAVE_STD_REGEX -- success
-- Performing Test HAVE_GNU_POSIX_REGEX -- failed to compile
-- Performing Test HAVE_POSIX_REGEX -- success
-- Performing Test HAVE_STEADY_CLOCK -- success
-- Performing Test HAVE_PTHREAD_AFFINITY -- failed to compile
-- Configuring done (0.7s)
-- Generating done (0.0s)
-- Build files have been written to: /Users/zeeshanqazi/Desktop/projects/Geryon/build
[  4%] Built target gtest
[ 12%] Built target geryon
[ 21%] Built target gmock
[ 21%] Built target gtest_main
[ 63%] Built target benchmark
[ 68%] Built target gmock_main
[ 72%] Built target benchmark_main
[ 76%] Built target benchmark_page_transfer
[100%] Built target geryon_tests
Build complete. Executables are in build/tests/ and build/benchmarks/.
UpdateCTestConfiguration  from :/Users/zeeshanqazi/Desktop/projects/Geryon/build/DartConfiguration.tcl
Test project /Users/zeeshanqazi/Desktop/projects/Geryon/build
Constructing a list of tests
Done constructing a list of tests
Updating test list for fixtures
Added 0 tests to meet fixture requirements
Checking test dependency graph...
Checking test dependency graph end
test 1
      Start  1: MemoryRegionTest.AllocationAndPageSize

1: Test command: /Users/zeeshanqazi/Desktop/projects/Geryon/build/tests/geryon_tests "--gtest_filter=MemoryRegionTest.AllocationAndPageSize" "--gtest_also_run_disabled_tests"
1: Working Directory: /Users/zeeshanqazi/Desktop/projects/Geryon/build/tests
1: Test timeout computed to be: 10000000
1: Running main() from /Users/zeeshanqazi/Desktop/projects/Geryon/build/_deps/googletest-src/googletest/src/gtest_main.cc
1: Note: Google Test filter = MemoryRegionTest.AllocationAndPageSize
1: [==========] Running 1 test from 1 test suite.
1: [----------] Global test environment set-up.
1: [----------] 1 test from MemoryRegionTest
1: [ RUN      ] MemoryRegionTest.AllocationAndPageSize
1: [       OK ] MemoryRegionTest.AllocationAndPageSize (0 ms)
1: [----------] 1 test from MemoryRegionTest (0 ms total)
1: 
1: [----------] Global test environment tear-down
1: [==========] 1 test from 1 test suite ran. (0 ms total)
1: [  PASSED  ] 1 test.
 1/15 Test  #1: MemoryRegionTest.AllocationAndPageSize .............   Passed    0.01 sec
test 2
      Start  2: MemoryRegionTest.ProtectionChanges

2: Test command: /Users/zeeshanqazi/Desktop/projects/Geryon/build/tests/geryon_tests "--gtest_filter=MemoryRegionTest.ProtectionChanges" "--gtest_also_run_disabled_tests"
2: Working Directory: /Users/zeeshanqazi/Desktop/projects/Geryon/build/tests
2: Test timeout computed to be: 10000000
2: Running main() from /Users/zeeshanqazi/Desktop/projects/Geryon/build/_deps/googletest-src/googletest/src/gtest_main.cc
2: Note: Google Test filter = MemoryRegionTest.ProtectionChanges
2: [==========] Running 1 test from 1 test suite.
2: [----------] Global test environment set-up.
2: [----------] 1 test from MemoryRegionTest
2: [ RUN      ] MemoryRegionTest.ProtectionChanges
2: [       OK ] MemoryRegionTest.ProtectionChanges (30 ms)
2: [----------] 1 test from MemoryRegionTest (30 ms total)
2: 
2: [----------] Global test environment tear-down
2: [==========] 1 test from 1 test suite ran. (30 ms total)
2: [  PASSED  ] 1 test.
 2/15 Test  #2: MemoryRegionTest.ProtectionChanges .................   Passed    0.04 sec
test 3
      Start  3: FaultHandlerTest.SoftFaultHandling

3: Test command: /Users/zeeshanqazi/Desktop/projects/Geryon/build/tests/geryon_tests "--gtest_filter=FaultHandlerTest.SoftFaultHandling" "--gtest_also_run_disabled_tests"
3: Working Directory: /Users/zeeshanqazi/Desktop/projects/Geryon/build/tests
3: Test timeout computed to be: 10000000
3: Running main() from /Users/zeeshanqazi/Desktop/projects/Geryon/build/_deps/googletest-src/googletest/src/gtest_main.cc
3: Note: Google Test filter = FaultHandlerTest.SoftFaultHandling
3: [==========] Running 1 test from 1 test suite.
3: [----------] Global test environment set-up.
3: [----------] 1 test from FaultHandlerTest
3: [ RUN      ] FaultHandlerTest.SoftFaultHandling
3: [       OK ] FaultHandlerTest.SoftFaultHandling (0 ms)
3: [----------] 1 test from FaultHandlerTest (0 ms total)
3: 
3: [----------] Global test environment tear-down
3: [==========] 1 test from 1 test suite ran. (0 ms total)
3: [  PASSED  ] 1 test.
 3/15 Test  #3: FaultHandlerTest.SoftFaultHandling .................   Passed    0.01 sec
test 4
      Start  4: NetworkSyncTest.BouncingOwnership

4: Test command: /Users/zeeshanqazi/Desktop/projects/Geryon/build/tests/geryon_tests "--gtest_filter=NetworkSyncTest.BouncingOwnership" "--gtest_also_run_disabled_tests"
4: Working Directory: /Users/zeeshanqazi/Desktop/projects/Geryon/build/tests
4: Test timeout computed to be: 10000000
4: Running main() from /Users/zeeshanqazi/Desktop/projects/Geryon/build/_deps/googletest-src/googletest/src/gtest_main.cc
4: Note: Google Test filter = NetworkSyncTest.BouncingOwnership
4: [==========] Running 1 test from 1 test suite.
4: [----------] Global test environment set-up.
4: [----------] 1 test from NetworkSyncTest
4: [ RUN      ] NetworkSyncTest.BouncingOwnership
4: Replica 1 connected.
4: [       OK ] NetworkSyncTest.BouncingOwnership (2113 ms)
4: [----------] 1 test from NetworkSyncTest (2113 ms total)
4: 
4: [----------] Global test environment tear-down
4: [==========] 1 test from 1 test suite ran. (2113 ms total)
4: [  PASSED  ] 1 test.
 4/15 Test  #4: NetworkSyncTest.BouncingOwnership ..................   Passed    2.12 sec
test 5
      Start  5: NetworkSyncTest.StressTest

5: Test command: /Users/zeeshanqazi/Desktop/projects/Geryon/build/tests/geryon_tests "--gtest_filter=NetworkSyncTest.StressTest" "--gtest_also_run_disabled_tests"
5: Working Directory: /Users/zeeshanqazi/Desktop/projects/Geryon/build/tests
5: Test timeout computed to be: 10000000
5: Running main() from /Users/zeeshanqazi/Desktop/projects/Geryon/build/_deps/googletest-src/googletest/src/gtest_main.cc
5: Note: Google Test filter = NetworkSyncTest.StressTest
5: [==========] Running 1 test from 1 test suite.
5: [----------] Global test environment set-up.
5: [----------] 1 test from NetworkSyncTest
5: [ RUN      ] NetworkSyncTest.StressTest
5: Replica 1 connected.
5: [       OK ] NetworkSyncTest.StressTest (2134 ms)
5: [----------] 1 test from NetworkSyncTest (2134 ms total)
5: 
5: [----------] Global test environment tear-down
5: [==========] 1 test from 1 test suite ran. (2134 ms total)
5: [  PASSED  ] 1 test.
 5/15 Test  #5: NetworkSyncTest.StressTest .........................   Passed    2.15 sec
test 6
      Start  6: MultiClientTest.StarTopologyBouncing

6: Test command: /Users/zeeshanqazi/Desktop/projects/Geryon/build/tests/geryon_tests "--gtest_filter=MultiClientTest.StarTopologyBouncing" "--gtest_also_run_disabled_tests"
6: Working Directory: /Users/zeeshanqazi/Desktop/projects/Geryon/build/tests
6: Test timeout computed to be: 10000000
6: Running main() from /Users/zeeshanqazi/Desktop/projects/Geryon/build/_deps/googletest-src/googletest/src/gtest_main.cc
6: Note: Google Test filter = MultiClientTest.StarTopologyBouncing
6: [==========] Running 1 test from 1 test suite.
6: [----------] Global test environment set-up.
6: [----------] 1 test from MultiClientTest
6: [ RUN      ] MultiClientTest.StarTopologyBouncing
6: Replica 1 connected.
6: Replica 2 connected.
6: Replica 3 connected.
6: [       OK ] MultiClientTest.StarTopologyBouncing (6410 ms)
6: [----------] 1 test from MultiClientTest (6410 ms total)
6: 
6: [----------] Global test environment tear-down
6: [==========] 1 test from 1 test suite ran. (6411 ms total)
6: [  PASSED  ] 1 test.
 6/15 Test  #6: MultiClientTest.StarTopologyBouncing ...............   Passed    6.44 sec
test 7
      Start  7: SynchronizationTest.DistributedSpinLock

7: Test command: /Users/zeeshanqazi/Desktop/projects/Geryon/build/tests/geryon_tests "--gtest_filter=SynchronizationTest.DistributedSpinLock" "--gtest_also_run_disabled_tests"
7: Working Directory: /Users/zeeshanqazi/Desktop/projects/Geryon/build/tests
7: Test timeout computed to be: 10000000
7: Running main() from /Users/zeeshanqazi/Desktop/projects/Geryon/build/_deps/googletest-src/googletest/src/gtest_main.cc
7: Note: Google Test filter = SynchronizationTest.DistributedSpinLock
7: [==========] Running 1 test from 1 test suite.
7: [----------] Global test environment set-up.
7: [----------] 1 test from SynchronizationTest
7: [ RUN      ] SynchronizationTest.DistributedSpinLock
7: Replica 1 connected.
7: Primary finished.
7: Replica finished.
7: [       OK ] SynchronizationTest.DistributedSpinLock (2141 ms)
7: [----------] 1 test from SynchronizationTest (2141 ms total)
7: 
7: [----------] Global test environment tear-down
7: [==========] 1 test from 1 test suite ran. (2141 ms total)
7: [  PASSED  ] 1 test.
 7/15 Test  #7: SynchronizationTest.DistributedSpinLock ............   Passed    2.16 sec
test 8
      Start  8: InterprocessTest.SharedVector

8: Test command: /Users/zeeshanqazi/Desktop/projects/Geryon/build/tests/geryon_tests "--gtest_filter=InterprocessTest.SharedVector" "--gtest_also_run_disabled_tests"
8: Working Directory: /Users/zeeshanqazi/Desktop/projects/Geryon/build/tests
8: Test timeout computed to be: 10000000
8: Running main() from /Users/zeeshanqazi/Desktop/projects/Geryon/build/_deps/googletest-src/googletest/src/gtest_main.cc
8: Note: Google Test filter = InterprocessTest.SharedVector
8: [==========] Running 1 test from 1 test suite.
8: [----------] Global test environment set-up.
8: [----------] 1 test from InterprocessTest
8: [ RUN      ] InterprocessTest.SharedVector
8: Replica 1 connected.
8: [       OK ] InterprocessTest.SharedVector (2114 ms)
8: [----------] 1 test from InterprocessTest (2114 ms total)
8: 
8: [----------] Global test environment tear-down
8: [==========] 1 test from 1 test suite ran. (2114 ms total)
8: [  PASSED  ] 1 test.
 8/15 Test  #8: InterprocessTest.SharedVector ......................   Passed    2.14 sec
test 9
      Start  9: MemnonIntegrationTest.SegmentedInterprocess

9: Test command: /Users/zeeshanqazi/Desktop/projects/Geryon/build/tests/geryon_tests "--gtest_filter=MemnonIntegrationTest.SegmentedInterprocess" "--gtest_also_run_disabled_tests"
9: Working Directory: /Users/zeeshanqazi/Desktop/projects/Geryon/build/tests
9: Test timeout computed to be: 10000000
9: Running main() from /Users/zeeshanqazi/Desktop/projects/Geryon/build/_deps/googletest-src/googletest/src/gtest_main.cc
9: Note: Google Test filter = MemnonIntegrationTest.SegmentedInterprocess
9: [==========] Running 1 test from 1 test suite.
9: [----------] Global test environment set-up.
9: [----------] 1 test from MemnonIntegrationTest
9: [ RUN      ] MemnonIntegrationTest.SegmentedInterprocess
9: Replica 1 connected.
9: [       OK ] MemnonIntegrationTest.SegmentedInterprocess (2122 ms)
9: [----------] 1 test from MemnonIntegrationTest (2122 ms total)
9: 
9: [----------] Global test environment tear-down
9: [==========] 1 test from 1 test suite ran. (2122 ms total)
9: [  PASSED  ] 1 test.
 9/15 Test  #9: MemnonIntegrationTest.SegmentedInterprocess ........   Passed    2.15 sec
test 10
      Start 10: ConsistencyTest.TriggerSynchronization

10: Test command: /Users/zeeshanqazi/Desktop/projects/Geryon/build/tests/geryon_tests "--gtest_filter=ConsistencyTest.TriggerSynchronization" "--gtest_also_run_disabled_tests"
10: Working Directory: /Users/zeeshanqazi/Desktop/projects/Geryon/build/tests
10: Test timeout computed to be: 10000000
10: Running main() from /Users/zeeshanqazi/Desktop/projects/Geryon/build/_deps/googletest-src/googletest/src/gtest_main.cc
10: Note: Google Test filter = ConsistencyTest.TriggerSynchronization
10: [==========] Running 1 test from 1 test suite.
10: [----------] Global test environment set-up.
10: [----------] 1 test from ConsistencyTest
10: [ RUN      ] ConsistencyTest.TriggerSynchronization
10: Starting primary...
10: Primary started.
10: Starting replica...
10: Replica started.
10: Replica 1 connected.
10: Simulating replica page request 1
10: Simulating replica page request 2
10: Replica writing to pages
10: Primary triggering synchronization
10: Primary checking consistency
10: Stopping nodes
10: Test complete
10: [       OK ] ConsistencyTest.TriggerSynchronization (2163 ms)
10: [----------] 1 test from ConsistencyTest (2163 ms total)
10: 
10: [----------] Global test environment tear-down
10: [==========] 1 test from 1 test suite ran. (2163 ms total)
10: [  PASSED  ] 1 test.
10/15 Test #10: ConsistencyTest.TriggerSynchronization .............   Passed    2.19 sec
test 11
      Start 11: ConsistencyTest.ReplicaStopFlushesData

11: Test command: /Users/zeeshanqazi/Desktop/projects/Geryon/build/tests/geryon_tests "--gtest_filter=ConsistencyTest.ReplicaStopFlushesData" "--gtest_also_run_disabled_tests"
11: Working Directory: /Users/zeeshanqazi/Desktop/projects/Geryon/build/tests
11: Test timeout computed to be: 10000000
11: Running main() from /Users/zeeshanqazi/Desktop/projects/Geryon/build/_deps/googletest-src/googletest/src/gtest_main.cc
11: Note: Google Test filter = ConsistencyTest.ReplicaStopFlushesData
11: [==========] Running 1 test from 1 test suite.
11: [----------] Global test environment set-up.
11: [----------] 1 test from ConsistencyTest
11: [ RUN      ] ConsistencyTest.ReplicaStopFlushesData
11: Replica 1 connected.
11: [       OK ] ConsistencyTest.ReplicaStopFlushesData (2167 ms)
11: [----------] 1 test from ConsistencyTest (2167 ms total)
11: 
11: [----------] Global test environment tear-down
11: [==========] 1 test from 1 test suite ran. (2167 ms total)
11: [  PASSED  ] 1 test.
11/15 Test #11: ConsistencyTest.ReplicaStopFlushesData ...............   Passed    2.19 sec
test 12
      Start 12: ConsistencyTest.PrimaryStopInitiatesHandshake

12: Test command: /Users/zeeshanqazi/Desktop/projects/Geryon/build/tests/geryon_tests "--gtest_filter=ConsistencyTest.PrimaryStopInitiatesHandshake" "--gtest_also_run_disabled_tests"
12: Working Directory: /Users/zeeshanqazi/Desktop/projects/Geryon/build/tests
12: Test timeout computed to be: 10000000
12: Running main() from /Users/zeeshanqazi/Desktop/projects/Geryon/build/_deps/googletest-src/googletest/src/gtest_main.cc
12: Note: Google Test filter = ConsistencyTest.PrimaryStopInitiatesHandshake
12: [==========] Running 1 test from 1 test suite.
12: [----------] Global test environment set-up.
12: [----------] 1 test from ConsistencyTest
12: [ RUN      ] ConsistencyTest.PrimaryStopInitiatesHandshake
12: Replica 1 connected.
12: [       OK ] ConsistencyTest.PrimaryStopInitiatesHandshake (2062 ms)
12: [----------] 1 test from ConsistencyTest (2062 ms total)
12: 
12: [----------] Global test environment tear-down
12: [==========] 1 test from 1 test suite ran. (2062 ms total)
12: [  PASSED  ] 1 test.
12/15 Test #12: ConsistencyTest.PrimaryStopInitiatesHandshake .......   Passed    2.09 sec
test 13
      Start 13: CorrectnessTest.MultithreadMultipageCorrectness

13: Test command: /Users/zeeshanqazi/Desktop/projects/Geryon/build/tests/geryon_tests "--gtest_filter=CorrectnessTest.MultithreadMultipageCorrectness" "--gtest_also_run_disabled_tests"
13: Working Directory: /Users/zeeshanqazi/Desktop/projects/Geryon/build/tests
13: Test timeout computed to be: 10000000
13: Running main() from /Users/zeeshanqazi/Desktop/projects/Geryon/build/_deps/googletest-src/googletest/src/gtest_main.cc
13: Note: Google Test filter = CorrectnessTest.MultithreadMultipageCorrectness
13: [==========] Running 1 test from 1 test suite.
13: [----------] Global test environment set-up.
13: [----------] 1 test from CorrectnessTest
13: [ RUN      ] CorrectnessTest.MultithreadMultipageCorrectness
13: Replica 1 connected.
13: Replica 2 connected.
13: Replica 3 connected.
13: [       OK ] CorrectnessTest.MultithreadMultipageCorrectness (3002 ms)
13: [----------] 1 test from CorrectnessTest (3002 ms total)
13: 
13: [----------] Global test environment tear-down
13: [==========] 1 test from 1 test suite ran. (3002 ms total)
13: [  PASSED  ] 1 test.
13/15 Test #13: CorrectnessTest.MultithreadMultipageCorrectness ....   Passed    3.02 sec
test 14
      Start 14: CorrectnessTest.MultiprocessMultipageCorrectness

14: Test command: /Users/zeeshanqazi/Desktop/projects/Geryon/build/tests/geryon_tests "--gtest_filter=CorrectnessTest.MultiprocessMultipageCorrectness" "--gtest_also_run_disabled_tests"
14: Working Directory: /Users/zeeshanqazi/Desktop/projects/Geryon/build/tests
14: Test timeout computed to be: 10000000
14: Running main() from /Users/zeeshanqazi/Desktop/projects/Geryon/build/_deps/googletest-src/googletest/src/gtest_main.cc
14: Note: Google Test filter = CorrectnessTest.MultiprocessMultipageCorrectness
14: [==========] Running 1 test from 1 test suite.
14: [----------] Global test environment set-up.
14: [----------] 1 test from CorrectnessTest
14: [ RUN      ] CorrectnessTest.MultiprocessMultipageCorrectness
14: Running main() from /Users/zeeshanqazi/Desktop/projects/Geryon/build/_deps/googletest-src/googletest/src/gtest_main.cc
14: Note: Google Test filter = CorrectnessTest.MultiprocessMultipageCorrectness
14: [==========] Running 1 test from 1 test suite.
14: [----------] Global test environment set-up.
14: [----------] 1 test from CorrectnessTest
14: [ RUN      ] CorrectnessTest.MultiprocessMultipageCorrectness
14: Replica 1 connected.
14: Running main() from /Users/zeeshanqazi/Desktop/projects/Geryon/build/_deps/googletest-src/googletest/src/gtest_main.cc
14: Note: Google Test filter = CorrectnessTest.MultiprocessMultipageCorrectness
14: [==========] Running 1 test from 1 test suite.
14: [----------] Global test environment set-up.
14: [----------] 1 test from CorrectnessTest
14: [ RUN      ] CorrectnessTest.MultiprocessMultipageCorrectness
14: Replica 2 connected.
14: Running main() from /Users/zeeshanqazi/Desktop/projects/Geryon/build/_deps/googletest-src/googletest/src/gtest_main.cc
14: Note: Google Test filter = CorrectnessTest.MultiprocessMultipageCorrectness
14: [==========] Running 1 test from 1 test suite.
14: [----------] Global test environment set-up.
14: [----------] 1 test from CorrectnessTest
14: [ RUN      ] CorrectnessTest.MultiprocessMultipageCorrectness
14: Replica 3 connected.
14: [       OK ] CorrectnessTest.MultiprocessMultipageCorrectness (2170 ms)
14: [----------] 1 test from CorrectnessTest (2170 ms total)
14: 
14: [----------] Global test environment tear-down
14: [==========] 1 test from 1 test suite ran. (2170 ms total)
14: [  PASSED  ] 1 test.
14/15 Test #14: CorrectnessTest.MultiprocessMultipageCorrectness ...   Passed    2.19 sec
test 15
      Start 15: DistributedSortTest.MultiprocessPiecewiseSort

15: Test command: /Users/zeeshanqazi/Desktop/projects/Geryon/build/tests/geryon_tests "--gtest_filter=DistributedSortTest.MultiprocessPiecewiseSort" "--gtest_also_run_disabled_tests"
15: Working Directory: /Users/zeeshanqazi/Desktop/projects/Geryon/build/tests
15: Test timeout computed to be: 10000000
15: Running main() from /Users/zeeshanqazi/Desktop/projects/Geryon/build/_deps/googletest-src/googletest/src/gtest_main.cc
15: Note: Google Test filter = DistributedSortTest.MultiprocessPiecewiseSort
15: [==========] Running 1 test from 1 test suite.
15: [----------] Global test environment set-up.
15: [----------] 1 test from DistributedSortTest
15: [ RUN      ] DistributedSortTest.MultiprocessPiecewiseSort
15: Running main() from /Users/zeeshanqazi/Desktop/projects/Geryon/build/_deps/googletest-src/googletest/src/gtest_main.cc
15: Note: Google Test filter = DistributedSortTest.MultiprocessPiecewiseSort
15: [==========] Running 1 test from 1 test suite.
15: [----------] Global test environment set-up.
15: [----------] 1 test from DistributedSortTest
15: [ RUN      ] DistributedSortTest.MultiprocessPiecewiseSort
15: Replica 1 connected.
15: Running main() from /Users/zeeshanqazi/Desktop/projects/Geryon/build/_deps/googletest-src/googletest/src/gtest_main.cc
15: Note: Google Test filter = DistributedSortTest.MultiprocessPiecewiseSort
15: [==========] Running 1 test from 1 test suite.
15: [----------] Global test environment set-up.
15: [----------] 1 test from DistributedSortTest
15: [ RUN      ] DistributedSortTest.MultiprocessPiecewiseSort
15: Replica 2 connected.
15: Running main() from /Users/zeeshanqazi/Desktop/projects/Geryon/build/_deps/googletest-src/googletest/src/gtest_main.cc
15: Note: Google Test filter = DistributedSortTest.MultiprocessPiecewiseSort
15: [==========] Running 1 test from 1 test suite.
15: [----------] Global test environment set-up.
15: [----------] 1 test from DistributedSortTest
15: [ RUN      ] DistributedSortTest.MultiprocessPiecewiseSort
15: Replica 3 connected.
15: [Primary] Pages Sent: 3671, Pages Received: 3670 | Avg Transfer Time: 3.5331 us | Avg Time Between Transfers: 211.465 us
15: [Replica 2] Pages Sent: 1317, Pages Received: 1318 | Avg Transfer Time: 2.63174 us | Avg Time Between Transfers: 1339.03 us
15: [Replica 1] Pages Sent: 1313, Pages Received: 1314 | Avg Transfer Time: 2.72963 us | Avg Time Between Transfers: 1336.53 us
15: [Replica 3] Pages Sent: 1313, Pages Received: 1314 | Avg Transfer Time: 2.65423 us | Avg Time Between Transfers: 1335.82 us
15: [       OK ] DistributedSortTest.MultiprocessPiecewiseSort (4471 ms)
15: [----------] 1 test from DistributedSortTest (4471 ms total)
15: 
15: [----------] Global test environment tear-down
15: [==========] 1 test from 1 test suite ran. (4471 ms total)
15: [  PASSED  ] 1 test.
15/15 Test #15: DistributedSortTest.MultiprocessPiecewiseSort ......   Passed    4.50 sec

100% tests passed, 0 tests failed out of 15

Total Test time (real) =  33.42 sec
macOS Run 6
Using Homebrew GCC 16: /opt/homebrew/bin/g++-16
CMake Warning (dev) at CMakeLists.txt:17 (find_package):
  Policy CMP0167 is not set: The FindBoost module is removed.  Run "cmake
  --help-policy CMP0167" for policy details.  Use the cmake_policy command to
  set the policy and suppress this warning.

This warning is for project developers.  Use -Wno-dev to suppress it.

-- git version: v1.8.3 normalized to 1.8.3
-- Google Benchmark version: 1.8.3
-- Performing Test HAVE_STD_REGEX -- success
-- Performing Test HAVE_GNU_POSIX_REGEX -- failed to compile
-- Performing Test HAVE_POSIX_REGEX -- success
-- Performing Test HAVE_STEADY_CLOCK -- success
-- Performing Test HAVE_PTHREAD_AFFINITY -- failed to compile
-- Configuring done (0.7s)
-- Generating done (0.0s)
-- Build files have been written to: /Users/zeeshanqazi/Desktop/projects/Geryon/build
[  4%] Built target gtest
[ 12%] Built target geryon
[ 17%] Built target gtest_main
[ 21%] Built target gmock
[ 63%] Built target benchmark
[ 68%] Built target gmock_main
[ 72%] Built target benchmark_main
[ 76%] Built target benchmark_page_transfer
[100%] Built target geryon_tests
Build complete. Executables are in build/tests/ and build/benchmarks/.
UpdateCTestConfiguration  from :/Users/zeeshanqazi/Desktop/projects/Geryon/build/DartConfiguration.tcl
Test project /Users/zeeshanqazi/Desktop/projects/Geryon/build
Constructing a list of tests
Done constructing a list of tests
Updating test list for fixtures
Added 0 tests to meet fixture requirements
Checking test dependency graph...
Checking test dependency graph end
test 1
      Start  1: MemoryRegionTest.AllocationAndPageSize

1: Test command: /Users/zeeshanqazi/Desktop/projects/Geryon/build/tests/geryon_tests "--gtest_filter=MemoryRegionTest.AllocationAndPageSize" "--gtest_also_run_disabled_tests"
1: Working Directory: /Users/zeeshanqazi/Desktop/projects/Geryon/build/tests
1: Test timeout computed to be: 10000000
1: Running main() from /Users/zeeshanqazi/Desktop/projects/Geryon/build/_deps/googletest-src/googletest/src/gtest_main.cc
1: Note: Google Test filter = MemoryRegionTest.AllocationAndPageSize
1: [==========] Running 1 test from 1 test suite.
1: [----------] Global test environment set-up.
1: [----------] 1 test from MemoryRegionTest
1: [ RUN      ] MemoryRegionTest.AllocationAndPageSize
1: [       OK ] MemoryRegionTest.AllocationAndPageSize (0 ms)
1: [----------] 1 test from MemoryRegionTest (0 ms total)
1: 
1: [----------] Global test environment tear-down
1: [==========] 1 test from 1 test suite ran. (0 ms total)
1: [  PASSED  ] 1 test.
 1/15 Test  #1: MemoryRegionTest.AllocationAndPageSize .............   Passed    0.01 sec
test 2
      Start  2: MemoryRegionTest.ProtectionChanges

2: Test command: /Users/zeeshanqazi/Desktop/projects/Geryon/build/tests/geryon_tests "--gtest_filter=MemoryRegionTest.ProtectionChanges" "--gtest_also_run_disabled_tests"
2: Working Directory: /Users/zeeshanqazi/Desktop/projects/Geryon/build/tests
2: Test timeout computed to be: 10000000
2: Running main() from /Users/zeeshanqazi/Desktop/projects/Geryon/build/_deps/googletest-src/googletest/src/gtest_main.cc
2: Note: Google Test filter = MemoryRegionTest.ProtectionChanges
2: [==========] Running 1 test from 1 test suite.
2: [----------] Global test environment set-up.
2: [----------] 1 test from MemoryRegionTest
2: [ RUN      ] MemoryRegionTest.ProtectionChanges
2: [       OK ] MemoryRegionTest.ProtectionChanges (28 ms)
2: [----------] 1 test from MemoryRegionTest (29 ms total)
2: 
2: [----------] Global test environment tear-down
2: [==========] 1 test from 1 test suite ran. (29 ms total)
2: [  PASSED  ] 1 test.
 2/15 Test  #2: MemoryRegionTest.ProtectionChanges .................   Passed    0.04 sec
test 3
      Start  3: FaultHandlerTest.SoftFaultHandling

3: Test command: /Users/zeeshanqazi/Desktop/projects/Geryon/build/tests/geryon_tests "--gtest_filter=FaultHandlerTest.SoftFaultHandling" "--gtest_also_run_disabled_tests"
3: Working Directory: /Users/zeeshanqazi/Desktop/projects/Geryon/build/tests
3: Test timeout computed to be: 10000000
3: Running main() from /Users/zeeshanqazi/Desktop/projects/Geryon/build/_deps/googletest-src/googletest/src/gtest_main.cc
3: Note: Google Test filter = FaultHandlerTest.SoftFaultHandling
3: [==========] Running 1 test from 1 test suite.
3: [----------] Global test environment set-up.
3: [----------] 1 test from FaultHandlerTest
3: [ RUN      ] FaultHandlerTest.SoftFaultHandling
3: [       OK ] FaultHandlerTest.SoftFaultHandling (0 ms)
3: [----------] 1 test from FaultHandlerTest (0 ms total)
3: 
3: [----------] Global test environment tear-down
3: [==========] 1 test from 1 test suite ran. (0 ms total)
3: [  PASSED  ] 1 test.
 3/15 Test  #3: FaultHandlerTest.SoftFaultHandling .................   Passed    0.01 sec
test 4
      Start  4: NetworkSyncTest.BouncingOwnership

4: Test command: /Users/zeeshanqazi/Desktop/projects/Geryon/build/tests/geryon_tests "--gtest_filter=NetworkSyncTest.BouncingOwnership" "--gtest_also_run_disabled_tests"
4: Working Directory: /Users/zeeshanqazi/Desktop/projects/Geryon/build/tests
4: Test timeout computed to be: 10000000
4: Running main() from /Users/zeeshanqazi/Desktop/projects/Geryon/build/_deps/googletest-src/googletest/src/gtest_main.cc
4: Note: Google Test filter = NetworkSyncTest.BouncingOwnership
4: [==========] Running 1 test from 1 test suite.
4: [----------] Global test environment set-up.
4: [----------] 1 test from NetworkSyncTest
4: [ RUN      ] NetworkSyncTest.BouncingOwnership
4: Replica 1 connected.
4: [       OK ] NetworkSyncTest.BouncingOwnership (2115 ms)
4: [----------] 1 test from NetworkSyncTest (2115 ms total)
4: 
4: [----------] Global test environment tear-down
4: [==========] 1 test from 1 test suite ran. (2115 ms total)
4: [  PASSED  ] 1 test.
 4/15 Test  #4: NetworkSyncTest.BouncingOwnership ..................   Passed    2.13 sec
test 5
      Start  5: NetworkSyncTest.StressTest

5: Test command: /Users/zeeshanqazi/Desktop/projects/Geryon/build/tests/geryon_tests "--gtest_filter=NetworkSyncTest.StressTest" "--gtest_also_run_disabled_tests"
5: Working Directory: /Users/zeeshanqazi/Desktop/projects/Geryon/build/tests
5: Test timeout computed to be: 10000000
5: Running main() from /Users/zeeshanqazi/Desktop/projects/Geryon/build/_deps/googletest-src/googletest/src/gtest_main.cc
5: Note: Google Test filter = NetworkSyncTest.StressTest
5: [==========] Running 1 test from 1 test suite.
5: [----------] Global test environment set-up.
5: [----------] 1 test from NetworkSyncTest
5: [ RUN      ] NetworkSyncTest.StressTest
5: Replica 1 connected.
5: [       OK ] NetworkSyncTest.StressTest (2137 ms)
5: [----------] 1 test from NetworkSyncTest (2137 ms total)
5: 
5: [----------] Global test environment tear-down
5: [==========] 1 test from 1 test suite ran. (2137 ms total)
5: [  PASSED  ] 1 test.
 5/15 Test  #5: NetworkSyncTest.StressTest .........................   Passed    2.17 sec
test 6
      Start  6: MultiClientTest.StarTopologyBouncing

6: Test command: /Users/zeeshanqazi/Desktop/projects/Geryon/build/tests/geryon_tests "--gtest_filter=MultiClientTest.StarTopologyBouncing" "--gtest_also_run_disabled_tests"
6: Working Directory: /Users/zeeshanqazi/Desktop/projects/Geryon/build/tests
6: Test timeout computed to be: 10000000
6: Running main() from /Users/zeeshanqazi/Desktop/projects/Geryon/build/_deps/googletest-src/googletest/src/gtest_main.cc
6: Note: Google Test filter = MultiClientTest.StarTopologyBouncing
6: [==========] Running 1 test from 1 test suite.
6: [----------] Global test environment set-up.
6: [----------] 1 test from MultiClientTest
6: [ RUN      ] MultiClientTest.StarTopologyBouncing
6: Replica 1 connected.
6: Replica 2 connected.
6: Replica 3 connected.
6: [       OK ] MultiClientTest.StarTopologyBouncing (6409 ms)
6: [----------] 1 test from MultiClientTest (6409 ms total)
6: 
6: [----------] Global test environment tear-down
6: [==========] 1 test from 1 test suite ran. (6409 ms total)
6: [  PASSED  ] 1 test.
 6/15 Test  #6: MultiClientTest.StarTopologyBouncing ...............   Passed    6.44 sec
test 7
      Start  7: SynchronizationTest.DistributedSpinLock

7: Test command: /Users/zeeshanqazi/Desktop/projects/Geryon/build/tests/geryon_tests "--gtest_filter=SynchronizationTest.DistributedSpinLock" "--gtest_also_run_disabled_tests"
7: Working Directory: /Users/zeeshanqazi/Desktop/projects/Geryon/build/tests
7: Test timeout computed to be: 10000000
7: Running main() from /Users/zeeshanqazi/Desktop/projects/Geryon/build/_deps/googletest-src/googletest/src/gtest_main.cc
7: Note: Google Test filter = SynchronizationTest.DistributedSpinLock
7: [==========] Running 1 test from 1 test suite.
7: [----------] Global test environment set-up.
7: [----------] 1 test from SynchronizationTest
7: [ RUN      ] SynchronizationTest.DistributedSpinLock
7: Replica 1 connected.
7: Primary finished.
7: Replica finished.
7: [       OK ] SynchronizationTest.DistributedSpinLock (2142 ms)
7: [----------] 1 test from SynchronizationTest (2142 ms total)
7: 
7: [----------] Global test environment tear-down
7: [==========] 1 test from 1 test suite ran. (2142 ms total)
7: [  PASSED  ] 1 test.
 7/15 Test  #7: SynchronizationTest.DistributedSpinLock ............   Passed    2.17 sec
test 8
      Start  8: InterprocessTest.SharedVector

8: Test command: /Users/zeeshanqazi/Desktop/projects/Geryon/build/tests/geryon_tests "--gtest_filter=InterprocessTest.SharedVector" "--gtest_also_run_disabled_tests"
8: Working Directory: /Users/zeeshanqazi/Desktop/projects/Geryon/build/tests
8: Test timeout computed to be: 10000000
8: Running main() from /Users/zeeshanqazi/Desktop/projects/Geryon/build/_deps/googletest-src/googletest/src/gtest_main.cc
8: Note: Google Test filter = InterprocessTest.SharedVector
8: [==========] Running 1 test from 1 test suite.
8: [----------] Global test environment set-up.
8: [----------] 1 test from InterprocessTest
8: [ RUN      ] InterprocessTest.SharedVector
8: Replica 1 connected.
8: [       OK ] InterprocessTest.SharedVector (2113 ms)
8: [----------] 1 test from InterprocessTest (2113 ms total)
8: 
8: [----------] Global test environment tear-down
8: [==========] 1 test from 1 test suite ran. (2113 ms total)
8: [  PASSED  ] 1 test.
 8/15 Test  #8: InterprocessTest.SharedVector ......................   Passed    2.14 sec
test 9
      Start  9: MemnonIntegrationTest.SegmentedInterprocess

9: Test command: /Users/zeeshanqazi/Desktop/projects/Geryon/build/tests/geryon_tests "--gtest_filter=MemnonIntegrationTest.SegmentedInterprocess" "--gtest_also_run_disabled_tests"
9: Working Directory: /Users/zeeshanqazi/Desktop/projects/Geryon/build/tests
9: Test timeout computed to be: 10000000
9: Running main() from /Users/zeeshanqazi/Desktop/projects/Geryon/build/_deps/googletest-src/googletest/src/gtest_main.cc
9: Note: Google Test filter = MemnonIntegrationTest.SegmentedInterprocess
9: [==========] Running 1 test from 1 test suite.
9: [----------] Global test environment set-up.
9: [----------] 1 test from MemnonIntegrationTest
9: [ RUN      ] MemnonIntegrationTest.SegmentedInterprocess
9: Replica 1 connected.
9: [       OK ] MemnonIntegrationTest.SegmentedInterprocess (2123 ms)
9: [----------] 1 test from MemnonIntegrationTest (2123 ms total)
9: 
9: [----------] Global test environment tear-down
9: [==========] 1 test from 1 test suite ran. (2123 ms total)
9: [  PASSED  ] 1 test.
 9/15 Test  #9: MemnonIntegrationTest.SegmentedInterprocess ........   Passed    2.15 sec
test 10
      Start 10: ConsistencyTest.TriggerSynchronization

10: Test command: /Users/zeeshanqazi/Desktop/projects/Geryon/build/tests/geryon_tests "--gtest_filter=ConsistencyTest.TriggerSynchronization" "--gtest_also_run_disabled_tests"
10: Working Directory: /Users/zeeshanqazi/Desktop/projects/Geryon/build/tests
10: Test timeout computed to be: 10000000
10: Running main() from /Users/zeeshanqazi/Desktop/projects/Geryon/build/_deps/googletest-src/googletest/src/gtest_main.cc
10: Note: Google Test filter = ConsistencyTest.TriggerSynchronization
10: [==========] Running 1 test from 1 test suite.
10: [----------] Global test environment set-up.
10: [----------] 1 test from ConsistencyTest
10: [ RUN      ] ConsistencyTest.TriggerSynchronization
10: Starting primary...
10: Primary started.
10: Starting replica...
10: Replica started.
10: Replica 1 connected.
10: Simulating replica page request 1
10: Simulating replica page request 2
10: Replica writing to pages
10: Primary triggering synchronization
10: Primary checking consistency
10: Stopping nodes
10: Test complete
10: [       OK ] ConsistencyTest.TriggerSynchronization (2168 ms)
10: [----------] 1 test from ConsistencyTest (2168 ms total)
10: 
10: [----------] Global test environment tear-down
10: [==========] 1 test from 1 test suite ran. (2168 ms total)
10: [  PASSED  ] 1 test.
10/15 Test #10: ConsistencyTest.TriggerSynchronization .............   Passed    2.19 sec
test 11
      Start 11: ConsistencyTest.ReplicaStopFlushesData

11: Test command: /Users/zeeshanqazi/Desktop/projects/Geryon/build/tests/geryon_tests "--gtest_filter=ConsistencyTest.ReplicaStopFlushesData" "--gtest_also_run_disabled_tests"
11: Working Directory: /Users/zeeshanqazi/Desktop/projects/Geryon/build/tests
11: Test timeout computed to be: 10000000
11: Running main() from /Users/zeeshanqazi/Desktop/projects/Geryon/build/_deps/googletest-src/googletest/src/gtest_main.cc
11: Note: Google Test filter = ConsistencyTest.ReplicaStopFlushesData
11: [==========] Running 1 test from 1 test suite.
11: [----------] Global test environment set-up.
11: [----------] 1 test from ConsistencyTest
11: [ RUN      ] ConsistencyTest.ReplicaStopFlushesData
11: Replica 1 connected.
11: [       OK ] ConsistencyTest.ReplicaStopFlushesData (2164 ms)
11: [----------] 1 test from ConsistencyTest (2164 ms total)
11: 
11: [----------] Global test environment tear-down
11: [==========] 1 test from 1 test suite ran. (2164 ms total)
11: [  PASSED  ] 1 test.
11/15 Test #11: ConsistencyTest.ReplicaStopFlushesData ...............   Passed    2.19 sec
test 12
      Start 12: ConsistencyTest.PrimaryStopInitiatesHandshake

12: Test command: /Users/zeeshanqazi/Desktop/projects/Geryon/build/tests/geryon_tests "--gtest_filter=ConsistencyTest.PrimaryStopInitiatesHandshake" "--gtest_also_run_disabled_tests"
12: Working Directory: /Users/zeeshanqazi/Desktop/projects/Geryon/build/tests
12: Test timeout computed to be: 10000000
12: Running main() from /Users/zeeshanqazi/Desktop/projects/Geryon/build/_deps/googletest-src/googletest/src/gtest_main.cc
12: Note: Google Test filter = ConsistencyTest.PrimaryStopInitiatesHandshake
12: [==========] Running 1 test from 1 test suite.
12: [----------] Global test environment set-up.
12: [----------] 1 test from ConsistencyTest
12: [ RUN      ] ConsistencyTest.PrimaryStopInitiatesHandshake
12: Replica 1 connected.
12: [       OK ] ConsistencyTest.PrimaryStopInitiatesHandshake (2059 ms)
12: [----------] 1 test from ConsistencyTest (2059 ms total)
12: 
12: [----------] Global test environment tear-down
12: [==========] 1 test from 1 test suite ran. (2059 ms total)
12: [  PASSED  ] 1 test.
12/15 Test #12: ConsistencyTest.PrimaryStopInitiatesHandshake .......   Passed    2.09 sec
test 13
      Start 13: CorrectnessTest.MultithreadMultipageCorrectness

13: Test command: /Users/zeeshanqazi/Desktop/projects/Geryon/build/tests/geryon_tests "--gtest_filter=CorrectnessTest.MultithreadMultipageCorrectness" "--gtest_also_run_disabled_tests"
13: Working Directory: /Users/zeeshanqazi/Desktop/projects/Geryon/build/tests
13: Test timeout computed to be: 10000000
13: Running main() from /Users/zeeshanqazi/Desktop/projects/Geryon/build/_deps/googletest-src/googletest/src/gtest_main.cc
13: Note: Google Test filter = CorrectnessTest.MultithreadMultipageCorrectness
13: [==========] Running 1 test from 1 test suite.
13: [----------] Global test environment set-up.
13: [----------] 1 test from CorrectnessTest
13: [ RUN      ] CorrectnessTest.MultithreadMultipageCorrectness
13: Replica 1 connected.
13: Replica 2 connected.
13: Replica 3 connected.
13: [       OK ] CorrectnessTest.MultithreadMultipageCorrectness (2958 ms)
13: [----------] 1 test from CorrectnessTest (2958 ms total)
13: 
13: [----------] Global test environment tear-down
13: [==========] 1 test from 1 test suite ran. (2958 ms total)
13: [  PASSED  ] 1 test.
13/15 Test #13: CorrectnessTest.MultithreadMultipageCorrectness ....   Passed    2.98 sec
test 14
      Start 14: CorrectnessTest.MultiprocessMultipageCorrectness

14: Test command: /Users/zeeshanqazi/Desktop/projects/Geryon/build/tests/geryon_tests "--gtest_filter=CorrectnessTest.MultiprocessMultipageCorrectness" "--gtest_also_run_disabled_tests"
14: Working Directory: /Users/zeeshanqazi/Desktop/projects/Geryon/build/tests
14: Test timeout computed to be: 10000000
14: Running main() from /Users/zeeshanqazi/Desktop/projects/Geryon/build/_deps/googletest-src/googletest/src/gtest_main.cc
14: Note: Google Test filter = CorrectnessTest.MultiprocessMultipageCorrectness
14: [==========] Running 1 test from 1 test suite.
14: [----------] Global test environment set-up.
14: [----------] 1 test from CorrectnessTest
14: [ RUN      ] CorrectnessTest.MultiprocessMultipageCorrectness
14: Running main() from /Users/zeeshanqazi/Desktop/projects/Geryon/build/_deps/googletest-src/googletest/src/gtest_main.cc
14: Note: Google Test filter = CorrectnessTest.MultiprocessMultipageCorrectness
14: [==========] Running 1 test from 1 test suite.
14: [----------] Global test environment set-up.
14: [----------] 1 test from CorrectnessTest
14: [ RUN      ] CorrectnessTest.MultiprocessMultipageCorrectness
14: Replica 1 connected.
14: Running main() from /Users/zeeshanqazi/Desktop/projects/Geryon/build/_deps/googletest-src/googletest/src/gtest_main.cc
14: Note: Google Test filter = CorrectnessTest.MultiprocessMultipageCorrectness
14: [==========] Running 1 test from 1 test suite.
14: [----------] Global test environment set-up.
14: [----------] 1 test from CorrectnessTest
14: [ RUN      ] CorrectnessTest.MultiprocessMultipageCorrectness
14: Replica 2 connected.
14: Running main() from /Users/zeeshanqazi/Desktop/projects/Geryon/build/_deps/googletest-src/googletest/src/gtest_main.cc
14: Note: Google Test filter = CorrectnessTest.MultiprocessMultipageCorrectness
14: [==========] Running 1 test from 1 test suite.
14: [----------] Global test environment set-up.
14: [----------] 1 test from CorrectnessTest
14: [ RUN      ] CorrectnessTest.MultiprocessMultipageCorrectness
14: Replica 3 connected.
14: [       OK ] CorrectnessTest.MultiprocessMultipageCorrectness (2169 ms)
14: [----------] 1 test from CorrectnessTest (2169 ms total)
14: 
14: [----------] Global test environment tear-down
14: [==========] 1 test from 1 test suite ran. (2169 ms total)
14: [  PASSED  ] 1 test.
14/15 Test #14: CorrectnessTest.MultiprocessMultipageCorrectness ...   Passed    2.19 sec
test 15
      Start 15: DistributedSortTest.MultiprocessPiecewiseSort

15: Test command: /Users/zeeshanqazi/Desktop/projects/Geryon/build/tests/geryon_tests "--gtest_filter=DistributedSortTest.MultiprocessPiecewiseSort" "--gtest_also_run_disabled_tests"
15: Working Directory: /Users/zeeshanqazi/Desktop/projects/Geryon/build/tests
15: Test timeout computed to be: 10000000
15: Running main() from /Users/zeeshanqazi/Desktop/projects/Geryon/build/_deps/googletest-src/googletest/src/gtest_main.cc
15: Note: Google Test filter = DistributedSortTest.MultiprocessPiecewiseSort
15: [==========] Running 1 test from 1 test suite.
15: [----------] Global test environment set-up.
15: [----------] 1 test from DistributedSortTest
15: [ RUN      ] DistributedSortTest.MultiprocessPiecewiseSort
15: Running main() from /Users/zeeshanqazi/Desktop/projects/Geryon/build/_deps/googletest-src/googletest/src/gtest_main.cc
15: Note: Google Test filter = DistributedSortTest.MultiprocessPiecewiseSort
15: [==========] Running 1 test from 1 test suite.
15: [----------] Global test environment set-up.
15: [----------] 1 test from DistributedSortTest
15: [ RUN      ] DistributedSortTest.MultiprocessPiecewiseSort
15: Replica 1 connected.
15: Running main() from /Users/zeeshanqazi/Desktop/projects/Geryon/build/_deps/googletest-src/googletest/src/gtest_main.cc
15: Note: Google Test filter = DistributedSortTest.MultiprocessPiecewiseSort
15: [==========] Running 1 test from 1 test suite.
15: [----------] Global test environment set-up.
15: [----------] 1 test from DistributedSortTest
15: [ RUN      ] DistributedSortTest.MultiprocessPiecewiseSort
15: Replica 2 connected.
15: Running main() from /Users/zeeshanqazi/Desktop/projects/Geryon/build/_deps/googletest-src/googletest/src/gtest_main.cc
15: Note: Google Test filter = DistributedSortTest.MultiprocessPiecewiseSort
15: [==========] Running 1 test from 1 test suite.
15: [----------] Global test environment set-up.
15: [----------] 1 test from DistributedSortTest
15: [ RUN      ] DistributedSortTest.MultiprocessPiecewiseSort
15: Replica 3 connected.
15: [Primary] Pages Sent: 3671, Pages Received: 3670 | Avg Transfer Time: 2.65187 us | Avg Time Between Transfers: 205.658 us
15: [Replica 1] Pages Sent: 1324, Pages Received: 1325 | Avg Transfer Time: 2.83535 us | Avg Time Between Transfers: 1315.4 us
15: [Replica 2] Pages Sent: 1321, Pages Received: 1322 | Avg Transfer Time: 2.62831 us | Avg Time Between Transfers: 1322.37 us
15: [Replica 3] Pages Sent: 1321, Pages Received: 1322 | Avg Transfer Time: 2.65405 us | Avg Time Between Transfers: 1326.66 us
15: [       OK ] DistributedSortTest.MultiprocessPiecewiseSort (4459 ms)
15: [----------] 1 test from DistributedSortTest (4459 ms total)
15: 
15: [----------] Global test environment tear-down
15: [==========] 1 test from 1 test suite ran. (4459 ms total)
15: [  PASSED  ] 1 test.
15/15 Test #15: DistributedSortTest.MultiprocessPiecewiseSort ......   Passed    4.49 sec

100% tests passed, 0 tests failed out of 15

Total Test time (real) =  33.39 sec
macOS Run 7
Using Homebrew GCC 16: /opt/homebrew/bin/g++-16
CMake Warning (dev) at CMakeLists.txt:17 (find_package):
  Policy CMP0167 is not set: The FindBoost module is removed.  Run "cmake
  --help-policy CMP0167" for policy details.  Use the cmake_policy command to
  set the policy and suppress this warning.

This warning is for project developers.  Use -Wno-dev to suppress it.

-- git version: v1.8.3 normalized to 1.8.3
-- Google Benchmark version: 1.8.3
-- Performing Test HAVE_STD_REGEX -- success
-- Performing Test HAVE_GNU_POSIX_REGEX -- failed to compile
-- Performing Test HAVE_POSIX_REGEX -- success
-- Performing Test HAVE_STEADY_CLOCK -- success
-- Performing Test HAVE_PTHREAD_AFFINITY -- failed to compile
-- Configuring done (0.7s)
-- Generating done (0.0s)
-- Build files have been written to: /Users/zeeshanqazi/Desktop/projects/Geryon/build
[  4%] Built target gtest
[ 12%] Built target geryon
[ 17%] Built target gtest_main
[ 21%] Built target gmock
[ 63%] Built target benchmark
[ 68%] Built target gmock_main
[ 72%] Built target benchmark_main
[ 76%] Built target benchmark_page_transfer
[100%] Built target geryon_tests
Build complete. Executables are in build/tests/ and build/benchmarks/.
UpdateCTestConfiguration  from :/Users/zeeshanqazi/Desktop/projects/Geryon/build/DartConfiguration.tcl
Test project /Users/zeeshanqazi/Desktop/projects/Geryon/build
Constructing a list of tests
Done constructing a list of tests
Updating test list for fixtures
Added 0 tests to meet fixture requirements
Checking test dependency graph...
Checking test dependency graph end
test 1
      Start  1: MemoryRegionTest.AllocationAndPageSize

1: Test command: /Users/zeeshanqazi/Desktop/projects/Geryon/build/tests/geryon_tests "--gtest_filter=MemoryRegionTest.AllocationAndPageSize" "--gtest_also_run_disabled_tests"
1: Working Directory: /Users/zeeshanqazi/Desktop/projects/Geryon/build/tests
1: Test timeout computed to be: 10000000
1: Running main() from /Users/zeeshanqazi/Desktop/projects/Geryon/build/_deps/googletest-src/googletest/src/gtest_main.cc
1: Note: Google Test filter = MemoryRegionTest.AllocationAndPageSize
1: [==========] Running 1 test from 1 test suite.
1: [----------] Global test environment set-up.
1: [----------] 1 test from MemoryRegionTest
1: [ RUN      ] MemoryRegionTest.AllocationAndPageSize
1: [       OK ] MemoryRegionTest.AllocationAndPageSize (0 ms)
1: [----------] 1 test from MemoryRegionTest (0 ms total)
1: 
1: [----------] Global test environment tear-down
1: [==========] 1 test from 1 test suite ran. (0 ms total)
1: [  PASSED  ] 1 test.
 1/15 Test  #1: MemoryRegionTest.AllocationAndPageSize .............   Passed    0.01 sec
test 2
      Start  2: MemoryRegionTest.ProtectionChanges

2: Test command: /Users/zeeshanqazi/Desktop/projects/Geryon/build/tests/geryon_tests "--gtest_filter=MemoryRegionTest.ProtectionChanges" "--gtest_also_run_disabled_tests"
2: Working Directory: /Users/zeeshanqazi/Desktop/projects/Geryon/build/tests
2: Test timeout computed to be: 10000000
2: Running main() from /Users/zeeshanqazi/Desktop/projects/Geryon/build/_deps/googletest-src/googletest/src/gtest_main.cc
2: Note: Google Test filter = MemoryRegionTest.ProtectionChanges
2: [==========] Running 1 test from 1 test suite.
2: [----------] Global test environment set-up.
2: [----------] 1 test from MemoryRegionTest
2: [ RUN      ] MemoryRegionTest.ProtectionChanges
2: [       OK ] MemoryRegionTest.ProtectionChanges (29 ms)
2: [----------] 1 test from MemoryRegionTest (29 ms total)
2: 
2: [----------] Global test environment tear-down
2: [==========] 1 test from 1 test suite ran. (29 ms total)
2: [  PASSED  ] 1 test.
 2/15 Test  #2: MemoryRegionTest.ProtectionChanges .................   Passed    0.04 sec
test 3
      Start  3: FaultHandlerTest.SoftFaultHandling

3: Test command: /Users/zeeshanqazi/Desktop/projects/Geryon/build/tests/geryon_tests "--gtest_filter=FaultHandlerTest.SoftFaultHandling" "--gtest_also_run_disabled_tests"
3: Working Directory: /Users/zeeshanqazi/Desktop/projects/Geryon/build/tests
3: Test timeout computed to be: 10000000
3: Running main() from /Users/zeeshanqazi/Desktop/projects/Geryon/build/_deps/googletest-src/googletest/src/gtest_main.cc
3: Note: Google Test filter = FaultHandlerTest.SoftFaultHandling
3: [==========] Running 1 test from 1 test suite.
3: [----------] Global test environment set-up.
3: [----------] 1 test from FaultHandlerTest
3: [ RUN      ] FaultHandlerTest.SoftFaultHandling
3: [       OK ] FaultHandlerTest.SoftFaultHandling (0 ms)
3: [----------] 1 test from FaultHandlerTest (0 ms total)
3: 
3: [----------] Global test environment tear-down
3: [==========] 1 test from 1 test suite ran. (0 ms total)
3: [  PASSED  ] 1 test.
 3/15 Test  #3: FaultHandlerTest.SoftFaultHandling .................   Passed    0.01 sec
test 4
      Start  4: NetworkSyncTest.BouncingOwnership

4: Test command: /Users/zeeshanqazi/Desktop/projects/Geryon/build/tests/geryon_tests "--gtest_filter=NetworkSyncTest.BouncingOwnership" "--gtest_also_run_disabled_tests"
4: Working Directory: /Users/zeeshanqazi/Desktop/projects/Geryon/build/tests
4: Test timeout computed to be: 10000000
4: Running main() from /Users/zeeshanqazi/Desktop/projects/Geryon/build/_deps/googletest-src/googletest/src/gtest_main.cc
4: Note: Google Test filter = NetworkSyncTest.BouncingOwnership
4: [==========] Running 1 test from 1 test suite.
4: [----------] Global test environment set-up.
4: [----------] 1 test from NetworkSyncTest
4: [ RUN      ] NetworkSyncTest.BouncingOwnership
4: Replica 1 connected.
4: [       OK ] NetworkSyncTest.BouncingOwnership (2111 ms)
4: [----------] 1 test from NetworkSyncTest (2111 ms total)
4: 
4: [----------] Global test environment tear-down
4: [==========] 1 test from 1 test suite ran. (2111 ms total)
4: [  PASSED  ] 1 test.
 4/15 Test  #4: NetworkSyncTest.BouncingOwnership ..................   Passed    2.12 sec
test 5
      Start  5: NetworkSyncTest.StressTest

5: Test command: /Users/zeeshanqazi/Desktop/projects/Geryon/build/tests/geryon_tests "--gtest_filter=NetworkSyncTest.StressTest" "--gtest_also_run_disabled_tests"
5: Working Directory: /Users/zeeshanqazi/Desktop/projects/Geryon/build/tests
5: Test timeout computed to be: 10000000
5: Running main() from /Users/zeeshanqazi/Desktop/projects/Geryon/build/_deps/googletest-src/googletest/src/gtest_main.cc
5: Note: Google Test filter = NetworkSyncTest.StressTest
5: [==========] Running 1 test from 1 test suite.
5: [----------] Global test environment set-up.
5: [----------] 1 test from NetworkSyncTest
5: [ RUN      ] NetworkSyncTest.StressTest
5: Replica 1 connected.
5: [       OK ] NetworkSyncTest.StressTest (2133 ms)
5: [----------] 1 test from NetworkSyncTest (2133 ms total)
5: 
5: [----------] Global test environment tear-down
5: [==========] 1 test from 1 test suite ran. (2133 ms total)
5: [  PASSED  ] 1 test.
 5/15 Test  #5: NetworkSyncTest.StressTest .........................   Passed    2.16 sec
test 6
      Start  6: MultiClientTest.StarTopologyBouncing

6: Test command: /Users/zeeshanqazi/Desktop/projects/Geryon/build/tests/geryon_tests "--gtest_filter=MultiClientTest.StarTopologyBouncing" "--gtest_also_run_disabled_tests"
6: Working Directory: /Users/zeeshanqazi/Desktop/projects/Geryon/build/tests
6: Test timeout computed to be: 10000000
6: Running main() from /Users/zeeshanqazi/Desktop/projects/Geryon/build/_deps/googletest-src/googletest/src/gtest_main.cc
6: Note: Google Test filter = MultiClientTest.StarTopologyBouncing
6: [==========] Running 1 test from 1 test suite.
6: [----------] Global test environment set-up.
6: [----------] 1 test from MultiClientTest
6: [ RUN      ] MultiClientTest.StarTopologyBouncing
6: Replica 1 connected.
6: Replica 2 connected.
6: Replica 3 connected.
6: [       OK ] MultiClientTest.StarTopologyBouncing (6418 ms)
6: [----------] 1 test from MultiClientTest (6418 ms total)
6: 
6: [----------] Global test environment tear-down
6: [==========] 1 test from 1 test suite ran. (6418 ms total)
6: [  PASSED  ] 1 test.
 6/15 Test  #6: MultiClientTest.StarTopologyBouncing ...............   Passed    6.45 sec
test 7
      Start  7: SynchronizationTest.DistributedSpinLock

7: Test command: /Users/zeeshanqazi/Desktop/projects/Geryon/build/tests/geryon_tests "--gtest_filter=SynchronizationTest.DistributedSpinLock" "--gtest_also_run_disabled_tests"
7: Working Directory: /Users/zeeshanqazi/Desktop/projects/Geryon/build/tests
7: Test timeout computed to be: 10000000
7: Running main() from /Users/zeeshanqazi/Desktop/projects/Geryon/build/_deps/googletest-src/googletest/src/gtest_main.cc
7: Note: Google Test filter = SynchronizationTest.DistributedSpinLock
7: [==========] Running 1 test from 1 test suite.
7: [----------] Global test environment set-up.
7: [----------] 1 test from SynchronizationTest
7: [ RUN      ] SynchronizationTest.DistributedSpinLock
7: Replica 1 connected.
7: Primary finished.
7: Replica finished.
7: [       OK ] SynchronizationTest.DistributedSpinLock (2141 ms)
7: [----------] 1 test from SynchronizationTest (2141 ms total)
7: 
7: [----------] Global test environment tear-down
7: [==========] 1 test from 1 test suite ran. (2141 ms total)
7: [  PASSED  ] 1 test.
 7/15 Test  #7: SynchronizationTest.DistributedSpinLock ............   Passed    2.17 sec
test 8
      Start  8: InterprocessTest.SharedVector

8: Test command: /Users/zeeshanqazi/Desktop/projects/Geryon/build/tests/geryon_tests "--gtest_filter=InterprocessTest.SharedVector" "--gtest_also_run_disabled_tests"
8: Working Directory: /Users/zeeshanqazi/Desktop/projects/Geryon/build/tests
8: Test timeout computed to be: 10000000
8: Running main() from /Users/zeeshanqazi/Desktop/projects/Geryon/build/_deps/googletest-src/googletest/src/gtest_main.cc
8: Note: Google Test filter = InterprocessTest.SharedVector
8: [==========] Running 1 test from 1 test suite.
8: [----------] Global test environment set-up.
8: [----------] 1 test from InterprocessTest
8: [ RUN      ] InterprocessTest.SharedVector
8: Replica 1 connected.
8: [       OK ] InterprocessTest.SharedVector (2114 ms)
8: [----------] 1 test from InterprocessTest (2114 ms total)
8: 
8: [----------] Global test environment tear-down
8: [==========] 1 test from 1 test suite ran. (2114 ms total)
8: [  PASSED  ] 1 test.
 8/15 Test  #8: InterprocessTest.SharedVector ......................   Passed    2.14 sec
test 9
      Start  9: MemnonIntegrationTest.SegmentedInterprocess

9: Test command: /Users/zeeshanqazi/Desktop/projects/Geryon/build/tests/geryon_tests "--gtest_filter=MemnonIntegrationTest.SegmentedInterprocess" "--gtest_also_run_disabled_tests"
9: Working Directory: /Users/zeeshanqazi/Desktop/projects/Geryon/build/tests
9: Test timeout computed to be: 10000000
9: Running main() from /Users/zeeshanqazi/Desktop/projects/Geryon/build/_deps/googletest-src/googletest/src/gtest_main.cc
9: Note: Google Test filter = MemnonIntegrationTest.SegmentedInterprocess
9: [==========] Running 1 test from 1 test suite.
9: [----------] Global test environment set-up.
9: [----------] 1 test from MemnonIntegrationTest
9: [ RUN      ] MemnonIntegrationTest.SegmentedInterprocess
9: Replica 1 connected.
9: [       OK ] MemnonIntegrationTest.SegmentedInterprocess (2117 ms)
9: [----------] 1 test from MemnonIntegrationTest (2117 ms total)
9: 
9: [----------] Global test environment tear-down
9: [==========] 1 test from 1 test suite ran. (2117 ms total)
9: [  PASSED  ] 1 test.
 9/15 Test  #9: MemnonIntegrationTest.SegmentedInterprocess ........   Passed    2.14 sec
test 10
      Start 10: ConsistencyTest.TriggerSynchronization

10: Test command: /Users/zeeshanqazi/Desktop/projects/Geryon/build/tests/geryon_tests "--gtest_filter=ConsistencyTest.TriggerSynchronization" "--gtest_also_run_disabled_tests"
10: Working Directory: /Users/zeeshanqazi/Desktop/projects/Geryon/build/tests
10: Test timeout computed to be: 10000000
10: Running main() from /Users/zeeshanqazi/Desktop/projects/Geryon/build/_deps/googletest-src/googletest/src/gtest_main.cc
10: Note: Google Test filter = ConsistencyTest.TriggerSynchronization
10: [==========] Running 1 test from 1 test suite.
10: [----------] Global test environment set-up.
10: [----------] 1 test from ConsistencyTest
10: [ RUN      ] ConsistencyTest.TriggerSynchronization
10: Starting primary...
10: Primary started.
10: Starting replica...
10: Replica started.
10: Replica 1 connected.
10: Simulating replica page request 1
10: Simulating replica page request 2
10: Replica writing to pages
10: Primary triggering synchronization
10: Primary checking consistency
10: Stopping nodes
10: Test complete
10: [       OK ] ConsistencyTest.TriggerSynchronization (2165 ms)
10: [----------] 1 test from ConsistencyTest (2165 ms total)
10: 
10: [----------] Global test environment tear-down
10: [==========] 1 test from 1 test suite ran. (2165 ms total)
10: [  PASSED  ] 1 test.
10/15 Test #10: ConsistencyTest.TriggerSynchronization .............   Passed    2.19 sec
test 11
      Start 11: ConsistencyTest.ReplicaStopFlushesData

11: Test command: /Users/zeeshanqazi/Desktop/projects/Geryon/build/tests/geryon_tests "--gtest_filter=ConsistencyTest.ReplicaStopFlushesData" "--gtest_also_run_disabled_tests"
11: Working Directory: /Users/zeeshanqazi/Desktop/projects/Geryon/build/tests
11: Test timeout computed to be: 10000000
11: Running main() from /Users/zeeshanqazi/Desktop/projects/Geryon/build/_deps/googletest-src/googletest/src/gtest_main.cc
11: Note: Google Test filter = ConsistencyTest.ReplicaStopFlushesData
11: [==========] Running 1 test from 1 test suite.
11: [----------] Global test environment set-up.
11: [----------] 1 test from ConsistencyTest
11: [ RUN      ] ConsistencyTest.ReplicaStopFlushesData
11: Replica 1 connected.
11: [       OK ] ConsistencyTest.ReplicaStopFlushesData (2164 ms)
11: [----------] 1 test from ConsistencyTest (2164 ms total)
11: 
11: [----------] Global test environment tear-down
11: [==========] 1 test from 1 test suite ran. (2164 ms total)
11: [  PASSED  ] 1 test.
11/15 Test #11: ConsistencyTest.ReplicaStopFlushesData ...............   Passed    2.19 sec
test 12
      Start 12: ConsistencyTest.PrimaryStopInitiatesHandshake

12: Test command: /Users/zeeshanqazi/Desktop/projects/Geryon/build/tests/geryon_tests "--gtest_filter=ConsistencyTest.PrimaryStopInitiatesHandshake" "--gtest_also_run_disabled_tests"
12: Working Directory: /Users/zeeshanqazi/Desktop/projects/Geryon/build/tests
12: Test timeout computed to be: 10000000
12: Running main() from /Users/zeeshanqazi/Desktop/projects/Geryon/build/_deps/googletest-src/googletest/src/gtest_main.cc
12: Note: Google Test filter = ConsistencyTest.PrimaryStopInitiatesHandshake
12: [==========] Running 1 test from 1 test suite.
12: [----------] Global test environment set-up.
12: [----------] 1 test from ConsistencyTest
12: [ RUN      ] ConsistencyTest.PrimaryStopInitiatesHandshake
12: Replica 1 connected.
12: [       OK ] ConsistencyTest.PrimaryStopInitiatesHandshake (2057 ms)
12: [----------] 1 test from ConsistencyTest (2057 ms total)
12: 
12: [----------] Global test environment tear-down
12: [==========] 1 test from 1 test suite ran. (2057 ms total)
12: [  PASSED  ] 1 test.
12/15 Test #12: ConsistencyTest.PrimaryStopInitiatesHandshake .......   Passed    2.08 sec
test 13
      Start 13: CorrectnessTest.MultithreadMultipageCorrectness

13: Test command: /Users/zeeshanqazi/Desktop/projects/Geryon/build/tests/geryon_tests "--gtest_filter=CorrectnessTest.MultithreadMultipageCorrectness" "--gtest_also_run_disabled_tests"
13: Working Directory: /Users/zeeshanqazi/Desktop/projects/Geryon/build/tests
13: Test timeout computed to be: 10000000
13: Running main() from /Users/zeeshanqazi/Desktop/projects/Geryon/build/_deps/googletest-src/googletest/src/gtest_main.cc
13: Note: Google Test filter = CorrectnessTest.MultithreadMultipageCorrectness
13: [==========] Running 1 test from 1 test suite.
13: [----------] Global test environment set-up.
13: [----------] 1 test from CorrectnessTest
13: [ RUN      ] CorrectnessTest.MultithreadMultipageCorrectness
13: Replica 1 connected.
13: Replica 2 connected.
13: Replica 3 connected.
13: [       OK ] CorrectnessTest.MultithreadMultipageCorrectness (2965 ms)
13: [----------] 1 test from CorrectnessTest (2965 ms total)
13: 
13: [----------] Global test environment tear-down
13: [==========] 1 test from 1 test suite ran. (2965 ms total)
13: [  PASSED  ] 1 test.
13/15 Test #13: CorrectnessTest.MultithreadMultipageCorrectness ....   Passed    2.99 sec
test 14
      Start 14: CorrectnessTest.MultiprocessMultipageCorrectness

14: Test command: /Users/zeeshanqazi/Desktop/projects/Geryon/build/tests/geryon_tests "--gtest_filter=CorrectnessTest.MultiprocessMultipageCorrectness" "--gtest_also_run_disabled_tests"
14: Working Directory: /Users/zeeshanqazi/Desktop/projects/Geryon/build/tests
14: Test timeout computed to be: 10000000
14: Running main() from /Users/zeeshanqazi/Desktop/projects/Geryon/build/_deps/googletest-src/googletest/src/gtest_main.cc
14: Note: Google Test filter = CorrectnessTest.MultiprocessMultipageCorrectness
14: [==========] Running 1 test from 1 test suite.
14: [----------] Global test environment set-up.
14: [----------] 1 test from CorrectnessTest
14: [ RUN      ] CorrectnessTest.MultiprocessMultipageCorrectness
14: Running main() from /Users/zeeshanqazi/Desktop/projects/Geryon/build/_deps/googletest-src/googletest/src/gtest_main.cc
14: Note: Google Test filter = CorrectnessTest.MultiprocessMultipageCorrectness
14: [==========] Running 1 test from 1 test suite.
14: [----------] Global test environment set-up.
14: [----------] 1 test from CorrectnessTest
14: [ RUN      ] CorrectnessTest.MultiprocessMultipageCorrectness
14: Replica 1 connected.
14: Running main() from /Users/zeeshanqazi/Desktop/projects/Geryon/build/_deps/googletest-src/googletest/src/gtest_main.cc
14: Note: Google Test filter = CorrectnessTest.MultiprocessMultipageCorrectness
14: [==========] Running 1 test from 1 test suite.
14: [----------] Global test environment set-up.
14: [----------] 1 test from CorrectnessTest
14: [ RUN      ] CorrectnessTest.MultiprocessMultipageCorrectness
14: Replica 2 connected.
14: Running main() from /Users/zeeshanqazi/Desktop/projects/Geryon/build/_deps/googletest-src/googletest/src/gtest_main.cc
14: Note: Google Test filter = CorrectnessTest.MultiprocessMultipageCorrectness
14: [==========] Running 1 test from 1 test suite.
14: [----------] Global test environment set-up.
14: [----------] 1 test from CorrectnessTest
14: [ RUN      ] CorrectnessTest.MultiprocessMultipageCorrectness
14: Replica 3 connected.
14: [       OK ] CorrectnessTest.MultiprocessMultipageCorrectness (2167 ms)
14: [----------] 1 test from CorrectnessTest (2167 ms total)
14: 
14: [----------] Global test environment tear-down
14: [==========] 1 test from 1 test suite ran. (2167 ms total)
14: [  PASSED  ] 1 test.
14/15 Test #14: CorrectnessTest.MultiprocessMultipageCorrectness ...   Passed    2.19 sec
test 15
      Start 15: DistributedSortTest.MultiprocessPiecewiseSort

15: Test command: /Users/zeeshanqazi/Desktop/projects/Geryon/build/tests/geryon_tests "--gtest_filter=DistributedSortTest.MultiprocessPiecewiseSort" "--gtest_also_run_disabled_tests"
15: Working Directory: /Users/zeeshanqazi/Desktop/projects/Geryon/build/tests
15: Test timeout computed to be: 10000000
15: Running main() from /Users/zeeshanqazi/Desktop/projects/Geryon/build/_deps/googletest-src/googletest/src/gtest_main.cc
15: Note: Google Test filter = DistributedSortTest.MultiprocessPiecewiseSort
15: [==========] Running 1 test from 1 test suite.
15: [----------] Global test environment set-up.
15: [----------] 1 test from DistributedSortTest
15: [ RUN      ] DistributedSortTest.MultiprocessPiecewiseSort
15: Running main() from /Users/zeeshanqazi/Desktop/projects/Geryon/build/_deps/googletest-src/googletest/src/gtest_main.cc
15: Note: Google Test filter = DistributedSortTest.MultiprocessPiecewiseSort
15: [==========] Running 1 test from 1 test suite.
15: [----------] Global test environment set-up.
15: [----------] 1 test from DistributedSortTest
15: [ RUN      ] DistributedSortTest.MultiprocessPiecewiseSort
15: Replica 1 connected.
15: Running main() from /Users/zeeshanqazi/Desktop/projects/Geryon/build/_deps/googletest-src/googletest/src/gtest_main.cc
15: Note: Google Test filter = DistributedSortTest.MultiprocessPiecewiseSort
15: [==========] Running 1 test from 1 test suite.
15: [----------] Global test environment set-up.
15: [----------] 1 test from DistributedSortTest
15: [ RUN      ] DistributedSortTest.MultiprocessPiecewiseSort
15: Replica 2 connected.
15: Running main() from /Users/zeeshanqazi/Desktop/projects/Geryon/build/_deps/googletest-src/googletest/src/gtest_main.cc
15: Note: Google Test filter = DistributedSortTest.MultiprocessPiecewiseSort
15: [==========] Running 1 test from 1 test suite.
15: [----------] Global test environment set-up.
15: [----------] 1 test from DistributedSortTest
15: [ RUN      ] DistributedSortTest.MultiprocessPiecewiseSort
15: Replica 3 connected.
15: [Primary] Pages Sent: 3671, Pages Received: 3670 | Avg Transfer Time: 2.6268 us | Avg Time Between Transfers: 206.285 us
15: [Replica 2] Pages Sent: 1322, Pages Received: 1323 | Avg Transfer Time: 2.64599 us | Avg Time Between Transfers: 1315.17 us
15: [Replica 3] Pages Sent: 1322, Pages Received: 1323 | Avg Transfer Time: 2.57867 us | Avg Time Between Transfers: 1316.57 us
15: [Replica 1] Pages Sent: 1323, Pages Received: 1324 | Avg Transfer Time: 2.80348 us | Avg Time Between Transfers: 1319.08 us
15: [       OK ] DistributedSortTest.MultiprocessPiecewiseSort (4442 ms)
15: [----------] 1 test from DistributedSortTest (4442 ms total)
15: 
15: [----------] Global test environment tear-down
15: [==========] 1 test from 1 test suite ran. (4442 ms total)
15: [  PASSED  ] 1 test.
15/15 Test #15: DistributedSortTest.MultiprocessPiecewiseSort ......   Passed    4.46 sec

100% tests passed, 0 tests failed out of 15

Total Test time (real) =  33.36 sec
macOS Run 8
Using Homebrew GCC 16: /opt/homebrew/bin/g++-16
CMake Warning (dev) at CMakeLists.txt:17 (find_package):
  Policy CMP0167 is not set: The FindBoost module is removed.  Run "cmake
  --help-policy CMP0167" for policy details.  Use the cmake_policy command to
  set the policy and suppress this warning.

This warning is for project developers.  Use -Wno-dev to suppress it.

-- git version: v1.8.3 normalized to 1.8.3
-- Google Benchmark version: 1.8.3
-- Performing Test HAVE_STD_REGEX -- success
-- Performing Test HAVE_GNU_POSIX_REGEX -- failed to compile
-- Performing Test HAVE_POSIX_REGEX -- success
-- Performing Test HAVE_STEADY_CLOCK -- success
-- Performing Test HAVE_PTHREAD_AFFINITY -- failed to compile
-- Configuring done (0.7s)
-- Generating done (0.0s)
-- Build files have been written to: /Users/zeeshanqazi/Desktop/projects/Geryon/build
[  4%] Built target gtest
[ 12%] Built target geryon
[ 17%] Built target gtest_main
[ 21%] Built target gmock
[ 63%] Built target benchmark
[ 68%] Built target gmock_main
[ 72%] Built target benchmark_main
[ 76%] Built target benchmark_page_transfer
[100%] Built target geryon_tests
Build complete. Executables are in build/tests/ and build/benchmarks/.
UpdateCTestConfiguration  from :/Users/zeeshanqazi/Desktop/projects/Geryon/build/DartConfiguration.tcl
Test project /Users/zeeshanqazi/Desktop/projects/Geryon/build
Constructing a list of tests
Done constructing a list of tests
Updating test list for fixtures
Added 0 tests to meet fixture requirements
Checking test dependency graph...
Checking test dependency graph end
test 1
      Start  1: MemoryRegionTest.AllocationAndPageSize

1: Test command: /Users/zeeshanqazi/Desktop/projects/Geryon/build/tests/geryon_tests "--gtest_filter=MemoryRegionTest.AllocationAndPageSize" "--gtest_also_run_disabled_tests"
1: Working Directory: /Users/zeeshanqazi/Desktop/projects/Geryon/build/tests
1: Test timeout computed to be: 10000000
1: Running main() from /Users/zeeshanqazi/Desktop/projects/Geryon/build/_deps/googletest-src/googletest/src/gtest_main.cc
1: Note: Google Test filter = MemoryRegionTest.AllocationAndPageSize
1: [==========] Running 1 test from 1 test suite.
1: [----------] Global test environment set-up.
1: [----------] 1 test from MemoryRegionTest
1: [ RUN      ] MemoryRegionTest.AllocationAndPageSize
1: [       OK ] MemoryRegionTest.AllocationAndPageSize (0 ms)
1: [----------] 1 test from MemoryRegionTest (0 ms total)
1: 
1: [----------] Global test environment tear-down
1: [==========] 1 test from 1 test suite ran. (0 ms total)
1: [  PASSED  ] 1 test.
 1/15 Test  #1: MemoryRegionTest.AllocationAndPageSize .............   Passed    0.01 sec
test 2
      Start  2: MemoryRegionTest.ProtectionChanges

2: Test command: /Users/zeeshanqazi/Desktop/projects/Geryon/build/tests/geryon_tests "--gtest_filter=MemoryRegionTest.ProtectionChanges" "--gtest_also_run_disabled_tests"
2: Working Directory: /Users/zeeshanqazi/Desktop/projects/Geryon/build/tests
2: Test timeout computed to be: 10000000
2: Running main() from /Users/zeeshanqazi/Desktop/projects/Geryon/build/_deps/googletest-src/googletest/src/gtest_main.cc
2: Note: Google Test filter = MemoryRegionTest.ProtectionChanges
2: [==========] Running 1 test from 1 test suite.
2: [----------] Global test environment set-up.
2: [----------] 1 test from MemoryRegionTest
2: [ RUN      ] MemoryRegionTest.ProtectionChanges
2: [       OK ] MemoryRegionTest.ProtectionChanges (30 ms)
2: [----------] 1 test from MemoryRegionTest (30 ms total)
2: 
2: [----------] Global test environment tear-down
2: [==========] 1 test from 1 test suite ran. (30 ms total)
2: [  PASSED  ] 1 test.
 2/15 Test  #2: MemoryRegionTest.ProtectionChanges .................   Passed    0.04 sec
test 3
      Start  3: FaultHandlerTest.SoftFaultHandling

3: Test command: /Users/zeeshanqazi/Desktop/projects/Geryon/build/tests/geryon_tests "--gtest_filter=FaultHandlerTest.SoftFaultHandling" "--gtest_also_run_disabled_tests"
3: Working Directory: /Users/zeeshanqazi/Desktop/projects/Geryon/build/tests
3: Test timeout computed to be: 10000000
3: Running main() from /Users/zeeshanqazi/Desktop/projects/Geryon/build/_deps/googletest-src/googletest/src/gtest_main.cc
3: Note: Google Test filter = FaultHandlerTest.SoftFaultHandling
3: [==========] Running 1 test from 1 test suite.
3: [----------] Global test environment set-up.
3: [----------] 1 test from FaultHandlerTest
3: [ RUN      ] FaultHandlerTest.SoftFaultHandling
3: [       OK ] FaultHandlerTest.SoftFaultHandling (0 ms)
3: [----------] 1 test from FaultHandlerTest (0 ms total)
3: 
3: [----------] Global test environment tear-down
3: [==========] 1 test from 1 test suite ran. (0 ms total)
3: [  PASSED  ] 1 test.
 3/15 Test  #3: FaultHandlerTest.SoftFaultHandling .................   Passed    0.01 sec
test 4
      Start  4: NetworkSyncTest.BouncingOwnership

4: Test command: /Users/zeeshanqazi/Desktop/projects/Geryon/build/tests/geryon_tests "--gtest_filter=NetworkSyncTest.BouncingOwnership" "--gtest_also_run_disabled_tests"
4: Working Directory: /Users/zeeshanqazi/Desktop/projects/Geryon/build/tests
4: Test timeout computed to be: 10000000
4: Running main() from /Users/zeeshanqazi/Desktop/projects/Geryon/build/_deps/googletest-src/googletest/src/gtest_main.cc
4: Note: Google Test filter = NetworkSyncTest.BouncingOwnership
4: [==========] Running 1 test from 1 test suite.
4: [----------] Global test environment set-up.
4: [----------] 1 test from NetworkSyncTest
4: [ RUN      ] NetworkSyncTest.BouncingOwnership
4: Replica 1 connected.
4: [       OK ] NetworkSyncTest.BouncingOwnership (2116 ms)
4: [----------] 1 test from NetworkSyncTest (2116 ms total)
4: 
4: [----------] Global test environment tear-down
4: [==========] 1 test from 1 test suite ran. (2116 ms total)
4: [  PASSED  ] 1 test.
 4/15 Test  #4: NetworkSyncTest.BouncingOwnership ..................   Passed    2.13 sec
test 5
      Start  5: NetworkSyncTest.StressTest

5: Test command: /Users/zeeshanqazi/Desktop/projects/Geryon/build/tests/geryon_tests "--gtest_filter=NetworkSyncTest.StressTest" "--gtest_also_run_disabled_tests"
5: Working Directory: /Users/zeeshanqazi/Desktop/projects/Geryon/build/tests
5: Test timeout computed to be: 10000000
5: Running main() from /Users/zeeshanqazi/Desktop/projects/Geryon/build/_deps/googletest-src/googletest/src/gtest_main.cc
5: Note: Google Test filter = NetworkSyncTest.StressTest
5: [==========] Running 1 test from 1 test suite.
5: [----------] Global test environment set-up.
5: [----------] 1 test from NetworkSyncTest
5: [ RUN      ] NetworkSyncTest.StressTest
5: Replica 1 connected.
5: [       OK ] NetworkSyncTest.StressTest (2137 ms)
5: [----------] 1 test from NetworkSyncTest (2137 ms total)
5: 
5: [----------] Global test environment tear-down
5: [==========] 1 test from 1 test suite ran. (2137 ms total)
5: [  PASSED  ] 1 test.
 5/15 Test  #5: NetworkSyncTest.StressTest .........................   Passed    2.17 sec
test 6
      Start  6: MultiClientTest.StarTopologyBouncing

6: Test command: /Users/zeeshanqazi/Desktop/projects/Geryon/build/tests/geryon_tests "--gtest_filter=MultiClientTest.StarTopologyBouncing" "--gtest_also_run_disabled_tests"
6: Working Directory: /Users/zeeshanqazi/Desktop/projects/Geryon/build/tests
6: Test timeout computed to be: 10000000
6: Running main() from /Users/zeeshanqazi/Desktop/projects/Geryon/build/_deps/googletest-src/googletest/src/gtest_main.cc
6: Note: Google Test filter = MultiClientTest.StarTopologyBouncing
6: [==========] Running 1 test from 1 test suite.
6: [----------] Global test environment set-up.
6: [----------] 1 test from MultiClientTest
6: [ RUN      ] MultiClientTest.StarTopologyBouncing
6: Replica 1 connected.
6: Replica 2 connected.
6: Replica 3 connected.
6: [       OK ] MultiClientTest.StarTopologyBouncing (6398 ms)
6: [----------] 1 test from MultiClientTest (6398 ms total)
6: 
6: [----------] Global test environment tear-down
6: [==========] 1 test from 1 test suite ran. (6398 ms total)
6: [  PASSED  ] 1 test.
 6/15 Test  #6: MultiClientTest.StarTopologyBouncing ...............   Passed    6.43 sec
test 7
      Start  7: SynchronizationTest.DistributedSpinLock

7: Test command: /Users/zeeshanqazi/Desktop/projects/Geryon/build/tests/geryon_tests "--gtest_filter=SynchronizationTest.DistributedSpinLock" "--gtest_also_run_disabled_tests"
7: Working Directory: /Users/zeeshanqazi/Desktop/projects/Geryon/build/tests
7: Test timeout computed to be: 10000000
7: Running main() from /Users/zeeshanqazi/Desktop/projects/Geryon/build/_deps/googletest-src/googletest/src/gtest_main.cc
7: Note: Google Test filter = SynchronizationTest.DistributedSpinLock
7: [==========] Running 1 test from 1 test suite.
7: [----------] Global test environment set-up.
7: [----------] 1 test from SynchronizationTest
7: [ RUN      ] SynchronizationTest.DistributedSpinLock
7: Replica 1 connected.
7: Primary finished.
7: Replica finished.
7: [       OK ] SynchronizationTest.DistributedSpinLock (2138 ms)
7: [----------] 1 test from SynchronizationTest (2138 ms total)
7: 
7: [----------] Global test environment tear-down
7: [==========] 1 test from 1 test suite ran. (2138 ms total)
7: [  PASSED  ] 1 test.
 7/15 Test  #7: SynchronizationTest.DistributedSpinLock ............   Passed    2.17 sec
test 8
      Start  8: InterprocessTest.SharedVector

8: Test command: /Users/zeeshanqazi/Desktop/projects/Geryon/build/tests/geryon_tests "--gtest_filter=InterprocessTest.SharedVector" "--gtest_also_run_disabled_tests"
8: Working Directory: /Users/zeeshanqazi/Desktop/projects/Geryon/build/tests
8: Test timeout computed to be: 10000000
8: Running main() from /Users/zeeshanqazi/Desktop/projects/Geryon/build/_deps/googletest-src/googletest/src/gtest_main.cc
8: Note: Google Test filter = InterprocessTest.SharedVector
8: [==========] Running 1 test from 1 test suite.
8: [----------] Global test environment set-up.
8: [----------] 1 test from InterprocessTest
8: [ RUN      ] InterprocessTest.SharedVector
8: Replica 1 connected.
8: [       OK ] InterprocessTest.SharedVector (2112 ms)
8: [----------] 1 test from InterprocessTest (2112 ms total)
8: 
8: [----------] Global test environment tear-down
8: [==========] 1 test from 1 test suite ran. (2112 ms total)
8: [  PASSED  ] 1 test.
 8/15 Test  #8: InterprocessTest.SharedVector ......................   Passed    2.14 sec
test 9
      Start  9: MemnonIntegrationTest.SegmentedInterprocess

9: Test command: /Users/zeeshanqazi/Desktop/projects/Geryon/build/tests/geryon_tests "--gtest_filter=MemnonIntegrationTest.SegmentedInterprocess" "--gtest_also_run_disabled_tests"
9: Working Directory: /Users/zeeshanqazi/Desktop/projects/Geryon/build/tests
9: Test timeout computed to be: 10000000
9: Running main() from /Users/zeeshanqazi/Desktop/projects/Geryon/build/_deps/googletest-src/googletest/src/gtest_main.cc
9: Note: Google Test filter = MemnonIntegrationTest.SegmentedInterprocess
9: [==========] Running 1 test from 1 test suite.
9: [----------] Global test environment set-up.
9: [----------] 1 test from MemnonIntegrationTest
9: [ RUN      ] MemnonIntegrationTest.SegmentedInterprocess
9: Replica 1 connected.
9: [       OK ] MemnonIntegrationTest.SegmentedInterprocess (2123 ms)
9: [----------] 1 test from MemnonIntegrationTest (2123 ms total)
9: 
9: [----------] Global test environment tear-down
9: [==========] 1 test from 1 test suite ran. (2123 ms total)
9: [  PASSED  ] 1 test.
 9/15 Test  #9: MemnonIntegrationTest.SegmentedInterprocess ........   Passed    2.15 sec
test 10
      Start 10: ConsistencyTest.TriggerSynchronization

10: Test command: /Users/zeeshanqazi/Desktop/projects/Geryon/build/tests/geryon_tests "--gtest_filter=ConsistencyTest.TriggerSynchronization" "--gtest_also_run_disabled_tests"
10: Working Directory: /Users/zeeshanqazi/Desktop/projects/Geryon/build/tests
10: Test timeout computed to be: 10000000
10: Running main() from /Users/zeeshanqazi/Desktop/projects/Geryon/build/_deps/googletest-src/googletest/src/gtest_main.cc
10: Note: Google Test filter = ConsistencyTest.TriggerSynchronization
10: [==========] Running 1 test from 1 test suite.
10: [----------] Global test environment set-up.
10: [----------] 1 test from ConsistencyTest
10: [ RUN      ] ConsistencyTest.TriggerSynchronization
10: Starting primary...
10: Primary started.
10: Starting replica...
10: Replica started.
10: Replica 1 connected.
10: Simulating replica page request 1
10: Simulating replica page request 2
10: Replica writing to pages
10: Primary triggering synchronization
10: Primary checking consistency
10: Stopping nodes
10: Test complete
10: [       OK ] ConsistencyTest.TriggerSynchronization (2165 ms)
10: [----------] 1 test from ConsistencyTest (2165 ms total)
10: 
10: [----------] Global test environment tear-down
10: [==========] 1 test from 1 test suite ran. (2165 ms total)
10: [  PASSED  ] 1 test.
10/15 Test #10: ConsistencyTest.TriggerSynchronization .............   Passed    2.19 sec
test 11
      Start 11: ConsistencyTest.ReplicaStopFlushesData

11: Test command: /Users/zeeshanqazi/Desktop/projects/Geryon/build/tests/geryon_tests "--gtest_filter=ConsistencyTest.ReplicaStopFlushesData" "--gtest_also_run_disabled_tests"
11: Working Directory: /Users/zeeshanqazi/Desktop/projects/Geryon/build/tests
11: Test timeout computed to be: 10000000
11: Running main() from /Users/zeeshanqazi/Desktop/projects/Geryon/build/_deps/googletest-src/googletest/src/gtest_main.cc
11: Note: Google Test filter = ConsistencyTest.ReplicaStopFlushesData
11: [==========] Running 1 test from 1 test suite.
11: [----------] Global test environment set-up.
11: [----------] 1 test from ConsistencyTest
11: [ RUN      ] ConsistencyTest.ReplicaStopFlushesData
11: Replica 1 connected.
11: [       OK ] ConsistencyTest.ReplicaStopFlushesData (2166 ms)
11: [----------] 1 test from ConsistencyTest (2166 ms total)
11: 
11: [----------] Global test environment tear-down
11: [==========] 1 test from 1 test suite ran. (2166 ms total)
11: [  PASSED  ] 1 test.
11/15 Test #11: ConsistencyTest.ReplicaStopFlushesData ...............   Passed    2.19 sec
test 12
      Start 12: ConsistencyTest.PrimaryStopInitiatesHandshake

12: Test command: /Users/zeeshanqazi/Desktop/projects/Geryon/build/tests/geryon_tests "--gtest_filter=ConsistencyTest.PrimaryStopInitiatesHandshake" "--gtest_also_run_disabled_tests"
12: Working Directory: /Users/zeeshanqazi/Desktop/projects/Geryon/build/tests
12: Test timeout computed to be: 10000000
12: Running main() from /Users/zeeshanqazi/Desktop/projects/Geryon/build/_deps/googletest-src/googletest/src/gtest_main.cc
12: Note: Google Test filter = ConsistencyTest.PrimaryStopInitiatesHandshake
12: [==========] Running 1 test from 1 test suite.
12: [----------] Global test environment set-up.
12: [----------] 1 test from ConsistencyTest
12: [ RUN      ] ConsistencyTest.PrimaryStopInitiatesHandshake
12: Replica 1 connected.
12: [       OK ] ConsistencyTest.PrimaryStopInitiatesHandshake (2062 ms)
12: [----------] 1 test from ConsistencyTest (2062 ms total)
12: 
12: [----------] Global test environment tear-down
12: [==========] 1 test from 1 test suite ran. (2062 ms total)
12: [  PASSED  ] 1 test.
12/15 Test #12: ConsistencyTest.PrimaryStopInitiatesHandshake .......   Passed    2.09 sec
test 13
      Start 13: CorrectnessTest.MultithreadMultipageCorrectness

13: Test command: /Users/zeeshanqazi/Desktop/projects/Geryon/build/tests/geryon_tests "--gtest_filter=CorrectnessTest.MultithreadMultipageCorrectness" "--gtest_also_run_disabled_tests"
13: Working Directory: /Users/zeeshanqazi/Desktop/projects/Geryon/build/tests
13: Test timeout computed to be: 10000000
13: Running main() from /Users/zeeshanqazi/Desktop/projects/Geryon/build/_deps/googletest-src/googletest/src/gtest_main.cc
13: Note: Google Test filter = CorrectnessTest.MultithreadMultipageCorrectness
13: [==========] Running 1 test from 1 test suite.
13: [----------] Global test environment set-up.
13: [----------] 1 test from CorrectnessTest
13: [ RUN      ] CorrectnessTest.MultithreadMultipageCorrectness
13: Replica 1 connected.
13: Replica 2 connected.
13: Replica 3 connected.
13: [       OK ] CorrectnessTest.MultithreadMultipageCorrectness (2959 ms)
13: [----------] 1 test from CorrectnessTest (2959 ms total)
13: 
13: [----------] Global test environment tear-down
13: [==========] 1 test from 1 test suite ran. (2959 ms total)
13: [  PASSED  ] 1 test.
13/15 Test #13: CorrectnessTest.MultithreadMultipageCorrectness ....   Passed    2.99 sec
test 14
      Start 14: CorrectnessTest.MultiprocessMultipageCorrectness

14: Test command: /Users/zeeshanqazi/Desktop/projects/Geryon/build/tests/geryon_tests "--gtest_filter=CorrectnessTest.MultiprocessMultipageCorrectness" "--gtest_also_run_disabled_tests"
14: Working Directory: /Users/zeeshanqazi/Desktop/projects/Geryon/build/tests
14: Test timeout computed to be: 10000000
14: Running main() from /Users/zeeshanqazi/Desktop/projects/Geryon/build/_deps/googletest-src/googletest/src/gtest_main.cc
14: Note: Google Test filter = CorrectnessTest.MultiprocessMultipageCorrectness
14: [==========] Running 1 test from 1 test suite.
14: [----------] Global test environment set-up.
14: [----------] 1 test from CorrectnessTest
14: [ RUN      ] CorrectnessTest.MultiprocessMultipageCorrectness
14: Running main() from /Users/zeeshanqazi/Desktop/projects/Geryon/build/_deps/googletest-src/googletest/src/gtest_main.cc
14: Note: Google Test filter = CorrectnessTest.MultiprocessMultipageCorrectness
14: [==========] Running 1 test from 1 test suite.
14: [----------] Global test environment set-up.
14: [----------] 1 test from CorrectnessTest
14: [ RUN      ] CorrectnessTest.MultiprocessMultipageCorrectness
14: Replica 1 connected.
14: Running main() from /Users/zeeshanqazi/Desktop/projects/Geryon/build/_deps/googletest-src/googletest/src/gtest_main.cc
14: Note: Google Test filter = CorrectnessTest.MultiprocessMultipageCorrectness
14: [==========] Running 1 test from 1 test suite.
14: [----------] Global test environment set-up.
14: [----------] 1 test from CorrectnessTest
14: [ RUN      ] CorrectnessTest.MultiprocessMultipageCorrectness
14: Replica 2 connected.
14: Running main() from /Users/zeeshanqazi/Desktop/projects/Geryon/build/_deps/googletest-src/googletest/src/gtest_main.cc
14: Note: Google Test filter = CorrectnessTest.MultiprocessMultipageCorrectness
14: [==========] Running 1 test from 1 test suite.
14: [----------] Global test environment set-up.
14: [----------] 1 test from CorrectnessTest
14: [ RUN      ] CorrectnessTest.MultiprocessMultipageCorrectness
14: Replica 3 connected.
14: [       OK ] CorrectnessTest.MultiprocessMultipageCorrectness (2172 ms)
14: [----------] 1 test from CorrectnessTest (2172 ms total)
14: 
14: [----------] Global test environment tear-down
14: [==========] 1 test from 1 test suite ran. (2172 ms total)
14: [  PASSED  ] 1 test.
14/15 Test #14: CorrectnessTest.MultiprocessMultipageCorrectness ...   Passed    2.20 sec
test 15
      Start 15: DistributedSortTest.MultiprocessPiecewiseSort

15: Test command: /Users/zeeshanqazi/Desktop/projects/Geryon/build/tests/geryon_tests "--gtest_filter=DistributedSortTest.MultiprocessPiecewiseSort" "--gtest_also_run_disabled_tests"
15: Working Directory: /Users/zeeshanqazi/Desktop/projects/Geryon/build/tests
15: Test timeout computed to be: 10000000
15: Running main() from /Users/zeeshanqazi/Desktop/projects/Geryon/build/_deps/googletest-src/googletest/src/gtest_main.cc
15: Note: Google Test filter = DistributedSortTest.MultiprocessPiecewiseSort
15: [==========] Running 1 test from 1 test suite.
15: [----------] Global test environment set-up.
15: [----------] 1 test from DistributedSortTest
15: [ RUN      ] DistributedSortTest.MultiprocessPiecewiseSort
15: Running main() from /Users/zeeshanqazi/Desktop/projects/Geryon/build/_deps/googletest-src/googletest/src/gtest_main.cc
15: Note: Google Test filter = DistributedSortTest.MultiprocessPiecewiseSort
15: [==========] Running 1 test from 1 test suite.
15: [----------] Global test environment set-up.
15: [----------] 1 test from DistributedSortTest
15: [ RUN      ] DistributedSortTest.MultiprocessPiecewiseSort
15: Replica 1 connected.
15: Running main() from /Users/zeeshanqazi/Desktop/projects/Geryon/build/_deps/googletest-src/googletest/src/gtest_main.cc
15: Note: Google Test filter = DistributedSortTest.MultiprocessPiecewiseSort
15: [==========] Running 1 test from 1 test suite.
15: [----------] Global test environment set-up.
15: [----------] 1 test from DistributedSortTest
15: [ RUN      ] DistributedSortTest.MultiprocessPiecewiseSort
15: Replica 2 connected.
15: Running main() from /Users/zeeshanqazi/Desktop/projects/Geryon/build/_deps/googletest-src/googletest/src/gtest_main.cc
15: Note: Google Test filter = DistributedSortTest.MultiprocessPiecewiseSort
15: [==========] Running 1 test from 1 test suite.
15: [----------] Global test environment set-up.
15: [----------] 1 test from DistributedSortTest
15: [ RUN      ] DistributedSortTest.MultiprocessPiecewiseSort
15: Replica 3 connected.
15: [Primary] Pages Sent: 3671, Pages Received: 3670 | Avg Transfer Time: 2.56252 us | Avg Time Between Transfers: 207.912 us
15: [Replica 3] Pages Sent: 1322, Pages Received: 1323 | Avg Transfer Time: 2.63162 us | Avg Time Between Transfers: 1313.92 us
15: [Replica 2] Pages Sent: 1322, Pages Received: 1323 | Avg Transfer Time: 2.76097 us | Avg Time Between Transfers: 1317.08 us
15: [Replica 1] Pages Sent: 1322, Pages Received: 1323 | Avg Transfer Time: 2.70953 us | Avg Time Between Transfers: 1320.42 us
15: [       OK ] DistributedSortTest.MultiprocessPiecewiseSort (4452 ms)
15: [----------] 1 test from DistributedSortTest (4452 ms total)
15: 
15: [----------] Global test environment tear-down
15: [==========] 1 test from 1 test suite ran. (4452 ms total)
15: [  PASSED  ] 1 test.
15/15 Test #15: DistributedSortTest.MultiprocessPiecewiseSort ......   Passed    4.48 sec

100% tests passed, 0 tests failed out of 15

Total Test time (real) =  33.38 sec
macOS Run 9
Using Homebrew GCC 16: /opt/homebrew/bin/g++-16
CMake Warning (dev) at CMakeLists.txt:17 (find_package):
  Policy CMP0167 is not set: The FindBoost module is removed.  Run "cmake
  --help-policy CMP0167" for policy details.  Use the cmake_policy command to
  set the policy and suppress this warning.

This warning is for project developers.  Use -Wno-dev to suppress it.

-- git version: v1.8.3 normalized to 1.8.3
-- Google Benchmark version: 1.8.3
-- Performing Test HAVE_STD_REGEX -- success
-- Performing Test HAVE_GNU_POSIX_REGEX -- failed to compile
-- Performing Test HAVE_POSIX_REGEX -- success
-- Performing Test HAVE_STEADY_CLOCK -- success
-- Performing Test HAVE_PTHREAD_AFFINITY -- failed to compile
-- Configuring done (0.8s)
-- Generating done (0.0s)
-- Build files have been written to: /Users/zeeshanqazi/Desktop/projects/Geryon/build
[  4%] Built target gtest
[ 12%] Built target geryon
[ 21%] Built target gmock
[ 21%] Built target gtest_main
[ 63%] Built target benchmark
[ 68%] Built target gmock_main
[ 72%] Built target benchmark_main
[ 76%] Built target benchmark_page_transfer
[100%] Built target geryon_tests
Build complete. Executables are in build/tests/ and build/benchmarks/.
UpdateCTestConfiguration  from :/Users/zeeshanqazi/Desktop/projects/Geryon/build/DartConfiguration.tcl
Test project /Users/zeeshanqazi/Desktop/projects/Geryon/build
Constructing a list of tests
Done constructing a list of tests
Updating test list for fixtures
Added 0 tests to meet fixture requirements
Checking test dependency graph...
Checking test dependency graph end
test 1
      Start  1: MemoryRegionTest.AllocationAndPageSize

1: Test command: /Users/zeeshanqazi/Desktop/projects/Geryon/build/tests/geryon_tests "--gtest_filter=MemoryRegionTest.AllocationAndPageSize" "--gtest_also_run_disabled_tests"
1: Working Directory: /Users/zeeshanqazi/Desktop/projects/Geryon/build/tests
1: Test timeout computed to be: 10000000
1: Running main() from /Users/zeeshanqazi/Desktop/projects/Geryon/build/_deps/googletest-src/googletest/src/gtest_main.cc
1: Note: Google Test filter = MemoryRegionTest.AllocationAndPageSize
1: [==========] Running 1 test from 1 test suite.
1: [----------] Global test environment set-up.
1: [----------] 1 test from MemoryRegionTest
1: [ RUN      ] MemoryRegionTest.AllocationAndPageSize
1: [       OK ] MemoryRegionTest.AllocationAndPageSize (0 ms)
1: [----------] 1 test from MemoryRegionTest (0 ms total)
1: 
1: [----------] Global test environment tear-down
1: [==========] 1 test from 1 test suite ran. (0 ms total)
1: [  PASSED  ] 1 test.
 1/15 Test  #1: MemoryRegionTest.AllocationAndPageSize .............   Passed    0.01 sec
test 2
      Start  2: MemoryRegionTest.ProtectionChanges

2: Test command: /Users/zeeshanqazi/Desktop/projects/Geryon/build/tests/geryon_tests "--gtest_filter=MemoryRegionTest.ProtectionChanges" "--gtest_also_run_disabled_tests"
2: Working Directory: /Users/zeeshanqazi/Desktop/projects/Geryon/build/tests
2: Test timeout computed to be: 10000000
2: Running main() from /Users/zeeshanqazi/Desktop/projects/Geryon/build/_deps/googletest-src/googletest/src/gtest_main.cc
2: Note: Google Test filter = MemoryRegionTest.ProtectionChanges
2: [==========] Running 1 test from 1 test suite.
2: [----------] Global test environment set-up.
2: [----------] 1 test from MemoryRegionTest
2: [ RUN      ] MemoryRegionTest.ProtectionChanges
2: [       OK ] MemoryRegionTest.ProtectionChanges (28 ms)
2: [----------] 1 test from MemoryRegionTest (28 ms total)
2: 
2: [----------] Global test environment tear-down
2: [==========] 1 test from 1 test suite ran. (28 ms total)
2: [  PASSED  ] 1 test.
 2/15 Test  #2: MemoryRegionTest.ProtectionChanges .................   Passed    0.04 sec
test 3
      Start  3: FaultHandlerTest.SoftFaultHandling

3: Test command: /Users/zeeshanqazi/Desktop/projects/Geryon/build/tests/geryon_tests "--gtest_filter=FaultHandlerTest.SoftFaultHandling" "--gtest_also_run_disabled_tests"
3: Working Directory: /Users/zeeshanqazi/Desktop/projects/Geryon/build/tests
3: Test timeout computed to be: 10000000
3: Running main() from /Users/zeeshanqazi/Desktop/projects/Geryon/build/_deps/googletest-src/googletest/src/gtest_main.cc
3: Note: Google Test filter = FaultHandlerTest.SoftFaultHandling
3: [==========] Running 1 test from 1 test suite.
3: [----------] Global test environment set-up.
3: [----------] 1 test from FaultHandlerTest
3: [ RUN      ] FaultHandlerTest.SoftFaultHandling
3: [       OK ] FaultHandlerTest.SoftFaultHandling (0 ms)
3: [----------] 1 test from FaultHandlerTest (0 ms total)
3: 
3: [----------] Global test environment tear-down
3: [==========] 1 test from 1 test suite ran. (0 ms total)
3: [  PASSED  ] 1 test.
 3/15 Test  #3: FaultHandlerTest.SoftFaultHandling .................   Passed    0.01 sec
test 4
      Start  4: NetworkSyncTest.BouncingOwnership

4: Test command: /Users/zeeshanqazi/Desktop/projects/Geryon/build/tests/geryon_tests "--gtest_filter=NetworkSyncTest.BouncingOwnership" "--gtest_also_run_disabled_tests"
4: Working Directory: /Users/zeeshanqazi/Desktop/projects/Geryon/build/tests
4: Test timeout computed to be: 10000000
4: Running main() from /Users/zeeshanqazi/Desktop/projects/Geryon/build/_deps/googletest-src/googletest/src/gtest_main.cc
4: Note: Google Test filter = NetworkSyncTest.BouncingOwnership
4: [==========] Running 1 test from 1 test suite.
4: [----------] Global test environment set-up.
4: [----------] 1 test from NetworkSyncTest
4: [ RUN      ] NetworkSyncTest.BouncingOwnership
4: Replica 1 connected.
4: [       OK ] NetworkSyncTest.BouncingOwnership (2112 ms)
4: [----------] 1 test from NetworkSyncTest (2112 ms total)
4: 
4: [----------] Global test environment tear-down
4: [==========] 1 test from 1 test suite ran. (2112 ms total)
4: [  PASSED  ] 1 test.
 4/15 Test  #4: NetworkSyncTest.BouncingOwnership ..................   Passed    2.12 sec
test 5
      Start  5: NetworkSyncTest.StressTest

5: Test command: /Users/zeeshanqazi/Desktop/projects/Geryon/build/tests/geryon_tests "--gtest_filter=NetworkSyncTest.StressTest" "--gtest_also_run_disabled_tests"
5: Working Directory: /Users/zeeshanqazi/Desktop/projects/Geryon/build/tests
5: Test timeout computed to be: 10000000
5: Running main() from /Users/zeeshanqazi/Desktop/projects/Geryon/build/_deps/googletest-src/googletest/src/gtest_main.cc
5: Note: Google Test filter = NetworkSyncTest.StressTest
5: [==========] Running 1 test from 1 test suite.
5: [----------] Global test environment set-up.
5: [----------] 1 test from NetworkSyncTest
5: [ RUN      ] NetworkSyncTest.StressTest
5: Replica 1 connected.
5: [       OK ] NetworkSyncTest.StressTest (2133 ms)
5: [----------] 1 test from NetworkSyncTest (2133 ms total)
5: 
5: [----------] Global test environment tear-down
5: [==========] 1 test from 1 test suite ran. (2133 ms total)
5: [  PASSED  ] 1 test.
 5/15 Test  #5: NetworkSyncTest.StressTest .........................   Passed    2.16 sec
test 6
      Start  6: MultiClientTest.StarTopologyBouncing

6: Test command: /Users/zeeshanqazi/Desktop/projects/Geryon/build/tests/geryon_tests "--gtest_filter=MultiClientTest.StarTopologyBouncing" "--gtest_also_run_disabled_tests"
6: Working Directory: /Users/zeeshanqazi/Desktop/projects/Geryon/build/tests
6: Test timeout computed to be: 10000000
6: Running main() from /Users/zeeshanqazi/Desktop/projects/Geryon/build/_deps/googletest-src/googletest/src/gtest_main.cc
6: Note: Google Test filter = MultiClientTest.StarTopologyBouncing
6: [==========] Running 1 test from 1 test suite.
6: [----------] Global test environment set-up.
6: [----------] 1 test from MultiClientTest
6: [ RUN      ] MultiClientTest.StarTopologyBouncing
6: Replica 1 connected.
6: Replica 2 connected.
6: Replica 3 connected.
6: [       OK ] MultiClientTest.StarTopologyBouncing (6412 ms)
6: [----------] 1 test from MultiClientTest (6412 ms total)
6: 
6: [----------] Global test environment tear-down
6: [==========] 1 test from 1 test suite ran. (6412 ms total)
6: [  PASSED  ] 1 test.
 6/15 Test  #6: MultiClientTest.StarTopologyBouncing ...............   Passed    6.43 sec
test 7
      Start  7: SynchronizationTest.DistributedSpinLock

7: Test command: /Users/zeeshanqazi/Desktop/projects/Geryon/build/tests/geryon_tests "--gtest_filter=SynchronizationTest.DistributedSpinLock" "--gtest_also_run_disabled_tests"
7: Working Directory: /Users/zeeshanqazi/Desktop/projects/Geryon/build/tests
7: Test timeout computed to be: 10000000
7: Running main() from /Users/zeeshanqazi/Desktop/projects/Geryon/build/_deps/googletest-src/googletest/src/gtest_main.cc
7: Note: Google Test filter = SynchronizationTest.DistributedSpinLock
7: [==========] Running 1 test from 1 test suite.
7: [----------] Global test environment set-up.
7: [----------] 1 test from SynchronizationTest
7: [ RUN      ] SynchronizationTest.DistributedSpinLock
7: Replica 1 connected.
7: Primary finished.
7: Replica finished.
7: [       OK ] SynchronizationTest.DistributedSpinLock (2140 ms)
7: [----------] 1 test from SynchronizationTest (2140 ms total)
7: 
7: [----------] Global test environment tear-down
7: [==========] 1 test from 1 test suite ran. (2140 ms total)
7: [  PASSED  ] 1 test.
 7/15 Test  #7: SynchronizationTest.DistributedSpinLock ............   Passed    2.16 sec
test 8
      Start  8: InterprocessTest.SharedVector

8: Test command: /Users/zeeshanqazi/Desktop/projects/Geryon/build/tests/geryon_tests "--gtest_filter=InterprocessTest.SharedVector" "--gtest_also_run_disabled_tests"
8: Working Directory: /Users/zeeshanqazi/Desktop/projects/Geryon/build/tests
8: Test timeout computed to be: 10000000
8: Running main() from /Users/zeeshanqazi/Desktop/projects/Geryon/build/_deps/googletest-src/googletest/src/gtest_main.cc
8: Note: Google Test filter = InterprocessTest.SharedVector
8: [==========] Running 1 test from 1 test suite.
8: [----------] Global test environment set-up.
8: [----------] 1 test from InterprocessTest
8: [ RUN      ] InterprocessTest.SharedVector
8: Replica 1 connected.
8: [       OK ] InterprocessTest.SharedVector (2116 ms)
8: [----------] 1 test from InterprocessTest (2116 ms total)
8: 
8: [----------] Global test environment tear-down
8: [==========] 1 test from 1 test suite ran. (2116 ms total)
8: [  PASSED  ] 1 test.
 8/15 Test  #8: InterprocessTest.SharedVector ......................   Passed    2.15 sec
test 9
      Start  9: MemnonIntegrationTest.SegmentedInterprocess

9: Test command: /Users/zeeshanqazi/Desktop/projects/Geryon/build/tests/geryon_tests "--gtest_filter=MemnonIntegrationTest.SegmentedInterprocess" "--gtest_also_run_disabled_tests"
9: Working Directory: /Users/zeeshanqazi/Desktop/projects/Geryon/build/tests
9: Test timeout computed to be: 10000000
9: Running main() from /Users/zeeshanqazi/Desktop/projects/Geryon/build/_deps/googletest-src/googletest/src/gtest_main.cc
9: Note: Google Test filter = MemnonIntegrationTest.SegmentedInterprocess
9: [==========] Running 1 test from 1 test suite.
9: [----------] Global test environment set-up.
9: [----------] 1 test from MemnonIntegrationTest
9: [ RUN      ] MemnonIntegrationTest.SegmentedInterprocess
9: Replica 1 connected.
9: [       OK ] MemnonIntegrationTest.SegmentedInterprocess (2123 ms)
9: [----------] 1 test from MemnonIntegrationTest (2123 ms total)
9: 
9: [----------] Global test environment tear-down
9: [==========] 1 test from 1 test suite ran. (2123 ms total)
9: [  PASSED  ] 1 test.
 9/15 Test  #9: MemnonIntegrationTest.SegmentedInterprocess ........   Passed    2.15 sec
test 10
      Start 10: ConsistencyTest.TriggerSynchronization

10: Test command: /Users/zeeshanqazi/Desktop/projects/Geryon/build/tests/geryon_tests "--gtest_filter=ConsistencyTest.TriggerSynchronization" "--gtest_also_run_disabled_tests"
10: Working Directory: /Users/zeeshanqazi/Desktop/projects/Geryon/build/tests
10: Test timeout computed to be: 10000000
10: Running main() from /Users/zeeshanqazi/Desktop/projects/Geryon/build/_deps/googletest-src/googletest/src/gtest_main.cc
10: Note: Google Test filter = ConsistencyTest.TriggerSynchronization
10: [==========] Running 1 test from 1 test suite.
10: [----------] Global test environment set-up.
10: [----------] 1 test from ConsistencyTest
10: [ RUN      ] ConsistencyTest.TriggerSynchronization
10: Starting primary...
10: Primary started.
10: Starting replica...
10: Replica started.
10: Replica 1 connected.
10: Simulating replica page request 1
10: Simulating replica page request 2
10: Replica writing to pages
10: Primary triggering synchronization
10: Primary checking consistency
10: Stopping nodes
10: Test complete
10: [       OK ] ConsistencyTest.TriggerSynchronization (2164 ms)
10: [----------] 1 test from ConsistencyTest (2164 ms total)
10: 
10: [----------] Global test environment tear-down
10: [==========] 1 test from 1 test suite ran. (2164 ms total)
10: [  PASSED  ] 1 test.
10/15 Test #10: ConsistencyTest.TriggerSynchronization .............   Passed    2.19 sec
test 11
      Start 11: ConsistencyTest.ReplicaStopFlushesData

11: Test command: /Users/zeeshanqazi/Desktop/projects/Geryon/build/tests/geryon_tests "--gtest_filter=ConsistencyTest.ReplicaStopFlushesData" "--gtest_also_run_disabled_tests"
11: Working Directory: /Users/zeeshanqazi/Desktop/projects/Geryon/build/tests
11: Test timeout computed to be: 10000000
11: Running main() from /Users/zeeshanqazi/Desktop/projects/Geryon/build/_deps/googletest-src/googletest/src/gtest_main.cc
11: Note: Google Test filter = ConsistencyTest.ReplicaStopFlushesData
11: [==========] Running 1 test from 1 test suite.
11: [----------] Global test environment set-up.
11: [----------] 1 test from ConsistencyTest
11: [ RUN      ] ConsistencyTest.ReplicaStopFlushesData
11: Replica 1 connected.
11: [       OK ] ConsistencyTest.ReplicaStopFlushesData (2161 ms)
11: [----------] 1 test from ConsistencyTest (2161 ms total)
11: 
11: [----------] Global test environment tear-down
11: [==========] 1 test from 1 test suite ran. (2161 ms total)
11: [  PASSED  ] 1 test.
11/15 Test #11: ConsistencyTest.ReplicaStopFlushesData ...............   Passed    2.19 sec
test 12
      Start 12: ConsistencyTest.PrimaryStopInitiatesHandshake

12: Test command: /Users/zeeshanqazi/Desktop/projects/Geryon/build/tests/geryon_tests "--gtest_filter=ConsistencyTest.PrimaryStopInitiatesHandshake" "--gtest_also_run_disabled_tests"
12: Working Directory: /Users/zeeshanqazi/Desktop/projects/Geryon/build/tests
12: Test timeout computed to be: 10000000
12: Running main() from /Users/zeeshanqazi/Desktop/projects/Geryon/build/_deps/googletest-src/googletest/src/gtest_main.cc
12: Note: Google Test filter = ConsistencyTest.PrimaryStopInitiatesHandshake
12: [==========] Running 1 test from 1 test suite.
12: [----------] Global test environment set-up.
12: [----------] 1 test from ConsistencyTest
12: [ RUN      ] ConsistencyTest.PrimaryStopInitiatesHandshake
12: Replica 1 connected.
12: [       OK ] ConsistencyTest.PrimaryStopInitiatesHandshake (2058 ms)
12: [----------] 1 test from ConsistencyTest (2058 ms total)
12: 
12: [----------] Global test environment tear-down
12: [==========] 1 test from 1 test suite ran. (2058 ms total)
12: [  PASSED  ] 1 test.
12/15 Test #12: ConsistencyTest.PrimaryStopInitiatesHandshake .......   Passed    2.09 sec
test 13
      Start 13: CorrectnessTest.MultithreadMultipageCorrectness

13: Test command: /Users/zeeshanqazi/Desktop/projects/Geryon/build/tests/geryon_tests "--gtest_filter=CorrectnessTest.MultithreadMultipageCorrectness" "--gtest_also_run_disabled_tests"
13: Working Directory: /Users/zeeshanqazi/Desktop/projects/Geryon/build/tests
13: Test timeout computed to be: 10000000
13: Running main() from /Users/zeeshanqazi/Desktop/projects/Geryon/build/_deps/googletest-src/googletest/src/gtest_main.cc
13: Note: Google Test filter = CorrectnessTest.MultithreadMultipageCorrectness
13: [==========] Running 1 test from 1 test suite.
13: [----------] Global test environment set-up.
13: [----------] 1 test from CorrectnessTest
13: [ RUN      ] CorrectnessTest.MultithreadMultipageCorrectness
13: Replica 1 connected.
13: Replica 2 connected.
13: Replica 3 connected.
13: [       OK ] CorrectnessTest.MultithreadMultipageCorrectness (2972 ms)
13: [----------] 1 test from CorrectnessTest (2972 ms total)
13: 
13: [----------] Global test environment tear-down
13: [==========] 1 test from 1 test suite ran. (2972 ms total)
13: [  PASSED  ] 1 test.
13/15 Test #13: CorrectnessTest.MultithreadMultipageCorrectness ....   Passed    2.99 sec
test 14
      Start 14: CorrectnessTest.MultiprocessMultipageCorrectness

14: Test command: /Users/zeeshanqazi/Desktop/projects/Geryon/build/tests/geryon_tests "--gtest_filter=CorrectnessTest.MultiprocessMultipageCorrectness" "--gtest_also_run_disabled_tests"
14: Working Directory: /Users/zeeshanqazi/Desktop/projects/Geryon/build/tests
14: Test timeout computed to be: 10000000
14: Running main() from /Users/zeeshanqazi/Desktop/projects/Geryon/build/_deps/googletest-src/googletest/src/gtest_main.cc
14: Note: Google Test filter = CorrectnessTest.MultiprocessMultipageCorrectness
14: [==========] Running 1 test from 1 test suite.
14: [----------] Global test environment set-up.
14: [----------] 1 test from CorrectnessTest
14: [ RUN      ] CorrectnessTest.MultiprocessMultipageCorrectness
14: Running main() from /Users/zeeshanqazi/Desktop/projects/Geryon/build/_deps/googletest-src/googletest/src/gtest_main.cc
14: Note: Google Test filter = CorrectnessTest.MultiprocessMultipageCorrectness
14: [==========] Running 1 test from 1 test suite.
14: [----------] Global test environment set-up.
14: [----------] 1 test from CorrectnessTest
14: [ RUN      ] CorrectnessTest.MultiprocessMultipageCorrectness
14: Replica 1 connected.
14: Running main() from /Users/zeeshanqazi/Desktop/projects/Geryon/build/_deps/googletest-src/googletest/src/gtest_main.cc
14: Note: Google Test filter = CorrectnessTest.MultiprocessMultipageCorrectness
14: [==========] Running 1 test from 1 test suite.
14: [----------] Global test environment set-up.
14: [----------] 1 test from CorrectnessTest
14: [ RUN      ] CorrectnessTest.MultiprocessMultipageCorrectness
14: Replica 2 connected.
14: Running main() from /Users/zeeshanqazi/Desktop/projects/Geryon/build/_deps/googletest-src/googletest/src/gtest_main.cc
14: Note: Google Test filter = CorrectnessTest.MultiprocessMultipageCorrectness
14: [==========] Running 1 test from 1 test suite.
14: [----------] Global test environment set-up.
14: [----------] 1 test from CorrectnessTest
14: [ RUN      ] CorrectnessTest.MultiprocessMultipageCorrectness
14: Replica 3 connected.
14: [       OK ] CorrectnessTest.MultiprocessMultipageCorrectness (2173 ms)
14: [----------] 1 test from CorrectnessTest (2173 ms total)
14: 
14: [----------] Global test environment tear-down
14: [==========] 1 test from 1 test suite ran. (2173 ms total)
14: [  PASSED  ] 1 test.
14/15 Test #14: CorrectnessTest.MultiprocessMultipageCorrectness ...   Passed    2.19 sec
test 15
      Start 15: DistributedSortTest.MultiprocessPiecewiseSort

15: Test command: /Users/zeeshanqazi/Desktop/projects/Geryon/build/tests/geryon_tests "--gtest_filter=DistributedSortTest.MultiprocessPiecewiseSort" "--gtest_also_run_disabled_tests"
15: Working Directory: /Users/zeeshanqazi/Desktop/projects/Geryon/build/tests
15: Test timeout computed to be: 10000000
15: Running main() from /Users/zeeshanqazi/Desktop/projects/Geryon/build/_deps/googletest-src/googletest/src/gtest_main.cc
15: Note: Google Test filter = DistributedSortTest.MultiprocessPiecewiseSort
15: [==========] Running 1 test from 1 test suite.
15: [----------] Global test environment set-up.
15: [----------] 1 test from DistributedSortTest
15: [ RUN      ] DistributedSortTest.MultiprocessPiecewiseSort
15: Running main() from /Users/zeeshanqazi/Desktop/projects/Geryon/build/_deps/googletest-src/googletest/src/gtest_main.cc
15: Note: Google Test filter = DistributedSortTest.MultiprocessPiecewiseSort
15: [==========] Running 1 test from 1 test suite.
15: [----------] Global test environment set-up.
15: [----------] 1 test from DistributedSortTest
15: [ RUN      ] DistributedSortTest.MultiprocessPiecewiseSort
15: Replica 1 connected.
15: Running main() from /Users/zeeshanqazi/Desktop/projects/Geryon/build/_deps/googletest-src/googletest/src/gtest_main.cc
15: Note: Google Test filter = DistributedSortTest.MultiprocessPiecewiseSort
15: [==========] Running 1 test from 1 test suite.
15: [----------] Global test environment set-up.
15: [----------] 1 test from DistributedSortTest
15: [ RUN      ] DistributedSortTest.MultiprocessPiecewiseSort
15: Replica 2 connected.
15: Running main() from /Users/zeeshanqazi/Desktop/projects/Geryon/build/_deps/googletest-src/googletest/src/gtest_main.cc
15: Note: Google Test filter = DistributedSortTest.MultiprocessPiecewiseSort
15: [==========] Running 1 test from 1 test suite.
15: [----------] Global test environment set-up.
15: [----------] 1 test from DistributedSortTest
15: [ RUN      ] DistributedSortTest.MultiprocessPiecewiseSort
15: Replica 3 connected.
15: [Primary] Pages Sent: 3671, Pages Received: 3670 | Avg Transfer Time: 2.57069 us | Avg Time Between Transfers: 208.61 us
15: [Replica 3] Pages Sent: 1319, Pages Received: 1320 | Avg Transfer Time: 2.74526 us | Avg Time Between Transfers: 1321.36 us
15: [Replica 2] Pages Sent: 1320, Pages Received: 1321 | Avg Transfer Time: 2.60455 us | Avg Time Between Transfers: 1325.02 us
15: [Replica 1] Pages Sent: 1320, Pages Received: 1321 | Avg Transfer Time: 2.91742 us | Avg Time Between Transfers: 1321.17 us
15: [       OK ] DistributedSortTest.MultiprocessPiecewiseSort (4453 ms)
15: [----------] 1 test from DistributedSortTest (4453 ms total)
15: 
15: [----------] Global test environment tear-down
15: [==========] 1 test from 1 test suite ran. (4453 ms total)
15: [  PASSED  ] 1 test.
15/15 Test #15: DistributedSortTest.MultiprocessPiecewiseSort ......   Passed    4.47 sec

100% tests passed, 0 tests failed out of 15

Total Test time (real) =  33.38 sec
macOS Run 10
Using Homebrew GCC 16: /opt/homebrew/bin/g++-16
CMake Warning (dev) at CMakeLists.txt:17 (find_package):
  Policy CMP0167 is not set: The FindBoost module is removed.  Run "cmake
  --help-policy CMP0167" for policy details.  Use the cmake_policy command to
  set the policy and suppress this warning.

This warning is for project developers.  Use -Wno-dev to suppress it.

-- git version: v1.8.3 normalized to 1.8.3
-- Google Benchmark version: 1.8.3
-- Performing Test HAVE_STD_REGEX -- success
-- Performing Test HAVE_GNU_POSIX_REGEX -- failed to compile
-- Performing Test HAVE_POSIX_REGEX -- success
-- Performing Test HAVE_STEADY_CLOCK -- success
-- Performing Test HAVE_PTHREAD_AFFINITY -- failed to compile
-- Configuring done (0.7s)
-- Generating done (0.0s)
-- Build files have been written to: /Users/zeeshanqazi/Desktop/projects/Geryon/build
[  4%] Built target gtest
[ 12%] Built target geryon
[ 21%] Built target gtest_main
[ 21%] Built target gmock
[ 63%] Built target benchmark
[ 72%] Built target benchmark_main
[ 72%] Built target gmock_main
[ 76%] Built target benchmark_page_transfer
[100%] Built target geryon_tests
Build complete. Executables are in build/tests/ and build/benchmarks/.
UpdateCTestConfiguration  from :/Users/zeeshanqazi/Desktop/projects/Geryon/build/DartConfiguration.tcl
Test project /Users/zeeshanqazi/Desktop/projects/Geryon/build
Constructing a list of tests
Done constructing a list of tests
Updating test list for fixtures
Added 0 tests to meet fixture requirements
Checking test dependency graph...
Checking test dependency graph end
test 1
      Start  1: MemoryRegionTest.AllocationAndPageSize

1: Test command: /Users/zeeshanqazi/Desktop/projects/Geryon/build/tests/geryon_tests "--gtest_filter=MemoryRegionTest.AllocationAndPageSize" "--gtest_also_run_disabled_tests"
1: Working Directory: /Users/zeeshanqazi/Desktop/projects/Geryon/build/tests
1: Test timeout computed to be: 10000000
1: Running main() from /Users/zeeshanqazi/Desktop/projects/Geryon/build/_deps/googletest-src/googletest/src/gtest_main.cc
1: Note: Google Test filter = MemoryRegionTest.AllocationAndPageSize
1: [==========] Running 1 test from 1 test suite.
1: [----------] Global test environment set-up.
1: [----------] 1 test from MemoryRegionTest
1: [ RUN      ] MemoryRegionTest.AllocationAndPageSize
1: [       OK ] MemoryRegionTest.AllocationAndPageSize (0 ms)
1: [----------] 1 test from MemoryRegionTest (0 ms total)
1: 
1: [----------] Global test environment tear-down
1: [==========] 1 test from 1 test suite ran. (0 ms total)
1: [  PASSED  ] 1 test.
 1/15 Test  #1: MemoryRegionTest.AllocationAndPageSize .............   Passed    0.01 sec
test 2
      Start  2: MemoryRegionTest.ProtectionChanges

2: Test command: /Users/zeeshanqazi/Desktop/projects/Geryon/build/tests/geryon_tests "--gtest_filter=MemoryRegionTest.ProtectionChanges" "--gtest_also_run_disabled_tests"
2: Working Directory: /Users/zeeshanqazi/Desktop/projects/Geryon/build/tests
2: Test timeout computed to be: 10000000
2: Running main() from /Users/zeeshanqazi/Desktop/projects/Geryon/build/_deps/googletest-src/googletest/src/gtest_main.cc
2: Note: Google Test filter = MemoryRegionTest.ProtectionChanges
2: [==========] Running 1 test from 1 test suite.
2: [----------] Global test environment set-up.
2: [----------] 1 test from MemoryRegionTest
2: [ RUN      ] MemoryRegionTest.ProtectionChanges
2: [       OK ] MemoryRegionTest.ProtectionChanges (28 ms)
2: [----------] 1 test from MemoryRegionTest (28 ms total)
2: 
2: [----------] Global test environment tear-down
2: [==========] 1 test from 1 test suite ran. (28 ms total)
2: [  PASSED  ] 1 test.
 2/15 Test  #2: MemoryRegionTest.ProtectionChanges .................   Passed    0.04 sec
test 3
      Start  3: FaultHandlerTest.SoftFaultHandling

3: Test command: /Users/zeeshanqazi/Desktop/projects/Geryon/build/tests/geryon_tests "--gtest_filter=FaultHandlerTest.SoftFaultHandling" "--gtest_also_run_disabled_tests"
3: Working Directory: /Users/zeeshanqazi/Desktop/projects/Geryon/build/tests
3: Test timeout computed to be: 10000000
3: Running main() from /Users/zeeshanqazi/Desktop/projects/Geryon/build/_deps/googletest-src/googletest/src/gtest_main.cc
3: Note: Google Test filter = FaultHandlerTest.SoftFaultHandling
3: [==========] Running 1 test from 1 test suite.
3: [----------] Global test environment set-up.
3: [----------] 1 test from FaultHandlerTest
3: [ RUN      ] FaultHandlerTest.SoftFaultHandling
3: [       OK ] FaultHandlerTest.SoftFaultHandling (0 ms)
3: [----------] 1 test from FaultHandlerTest (0 ms total)
3: 
3: [----------] Global test environment tear-down
3: [==========] 1 test from 1 test suite ran. (0 ms total)
3: [  PASSED  ] 1 test.
 3/15 Test  #3: FaultHandlerTest.SoftFaultHandling .................   Passed    0.01 sec
test 4
      Start  4: NetworkSyncTest.BouncingOwnership

4: Test command: /Users/zeeshanqazi/Desktop/projects/Geryon/build/tests/geryon_tests "--gtest_filter=NetworkSyncTest.BouncingOwnership" "--gtest_also_run_disabled_tests"
4: Working Directory: /Users/zeeshanqazi/Desktop/projects/Geryon/build/tests
4: Test timeout computed to be: 10000000
4: Running main() from /Users/zeeshanqazi/Desktop/projects/Geryon/build/_deps/googletest-src/googletest/src/gtest_main.cc
4: Note: Google Test filter = NetworkSyncTest.BouncingOwnership
4: [==========] Running 1 test from 1 test suite.
4: [----------] Global test environment set-up.
4: [----------] 1 test from NetworkSyncTest
4: [ RUN      ] NetworkSyncTest.BouncingOwnership
4: Replica 1 connected.
4: [       OK ] NetworkSyncTest.BouncingOwnership (2113 ms)
4: [----------] 1 test from NetworkSyncTest (2113 ms total)
4: 
4: [----------] Global test environment tear-down
4: [==========] 1 test from 1 test suite ran. (2113 ms total)
4: [  PASSED  ] 1 test.
 4/15 Test  #4: NetworkSyncTest.BouncingOwnership ..................   Passed    2.12 sec
test 5
      Start  5: NetworkSyncTest.StressTest

5: Test command: /Users/zeeshanqazi/Desktop/projects/Geryon/build/tests/geryon_tests "--gtest_filter=NetworkSyncTest.StressTest" "--gtest_also_run_disabled_tests"
5: Working Directory: /Users/zeeshanqazi/Desktop/projects/Geryon/build/tests
5: Test timeout computed to be: 10000000
5: Running main() from /Users/zeeshanqazi/Desktop/projects/Geryon/build/_deps/googletest-src/googletest/src/gtest_main.cc
5: Note: Google Test filter = NetworkSyncTest.StressTest
5: [==========] Running 1 test from 1 test suite.
5: [----------] Global test environment set-up.
5: [----------] 1 test from NetworkSyncTest
5: [ RUN      ] NetworkSyncTest.StressTest
5: Replica 1 connected.
5: [       OK ] NetworkSyncTest.StressTest (2130 ms)
5: [----------] 1 test from NetworkSyncTest (2131 ms total)
5: 
5: [----------] Global test environment tear-down
5: [==========] 1 test from 1 test suite ran. (2131 ms total)
5: [  PASSED  ] 1 test.
 5/15 Test  #5: NetworkSyncTest.StressTest .........................   Passed    2.15 sec
test 6
      Start  6: MultiClientTest.StarTopologyBouncing

6: Test command: /Users/zeeshanqazi/Desktop/projects/Geryon/build/tests/geryon_tests "--gtest_filter=MultiClientTest.StarTopologyBouncing" "--gtest_also_run_disabled_tests"
6: Working Directory: /Users/zeeshanqazi/Desktop/projects/Geryon/build/tests
6: Test timeout computed to be: 10000000
6: Running main() from /Users/zeeshanqazi/Desktop/projects/Geryon/build/_deps/googletest-src/googletest/src/gtest_main.cc
6: Note: Google Test filter = MultiClientTest.StarTopologyBouncing
6: [==========] Running 1 test from 1 test suite.
6: [----------] Global test environment set-up.
6: [----------] 1 test from MultiClientTest
6: [ RUN      ] MultiClientTest.StarTopologyBouncing
6: Replica 1 connected.
6: Replica 2 connected.
6: Replica 3 connected.
6: [       OK ] MultiClientTest.StarTopologyBouncing (6406 ms)
6: [----------] 1 test from MultiClientTest (6406 ms total)
6: 
6: [----------] Global test environment tear-down
6: [==========] 1 test from 1 test suite ran. (6406 ms total)
6: [  PASSED  ] 1 test.
 6/15 Test  #6: MultiClientTest.StarTopologyBouncing ...............   Passed    6.43 sec
test 7
      Start  7: SynchronizationTest.DistributedSpinLock

7: Test command: /Users/zeeshanqazi/Desktop/projects/Geryon/build/tests/geryon_tests "--gtest_filter=SynchronizationTest.DistributedSpinLock" "--gtest_also_run_disabled_tests"
7: Working Directory: /Users/zeeshanqazi/Desktop/projects/Geryon/build/tests
7: Test timeout computed to be: 10000000
7: Running main() from /Users/zeeshanqazi/Desktop/projects/Geryon/build/_deps/googletest-src/googletest/src/gtest_main.cc
7: Note: Google Test filter = SynchronizationTest.DistributedSpinLock
7: [==========] Running 1 test from 1 test suite.
7: [----------] Global test environment set-up.
7: [----------] 1 test from SynchronizationTest
7: [ RUN      ] SynchronizationTest.DistributedSpinLock
7: Replica 1 connected.
7: Primary finished.
7: Replica finished.
7: [       OK ] SynchronizationTest.DistributedSpinLock (2136 ms)
7: [----------] 1 test from SynchronizationTest (2136 ms total)
7: 
7: [----------] Global test environment tear-down
7: [==========] 1 test from 1 test suite ran. (2137 ms total)
7: [  PASSED  ] 1 test.
 7/15 Test  #7: SynchronizationTest.DistributedSpinLock ............   Passed    2.16 sec
test 8
      Start  8: InterprocessTest.SharedVector

8: Test command: /Users/zeeshanqazi/Desktop/projects/Geryon/build/tests/geryon_tests "--gtest_filter=InterprocessTest.SharedVector" "--gtest_also_run_disabled_tests"
8: Working Directory: /Users/zeeshanqazi/Desktop/projects/Geryon/build/tests
8: Test timeout computed to be: 10000000
8: Running main() from /Users/zeeshanqazi/Desktop/projects/Geryon/build/_deps/googletest-src/googletest/src/gtest_main.cc
8: Note: Google Test filter = InterprocessTest.SharedVector
8: [==========] Running 1 test from 1 test suite.
8: [----------] Global test environment set-up.
8: [----------] 1 test from InterprocessTest
8: [ RUN      ] InterprocessTest.SharedVector
8: Replica 1 connected.
8: [       OK ] InterprocessTest.SharedVector (2113 ms)
8: [----------] 1 test from InterprocessTest (2113 ms total)
8: 
8: [----------] Global test environment tear-down
8: [==========] 1 test from 1 test suite ran. (2113 ms total)
8: [  PASSED  ] 1 test.
 8/15 Test  #8: InterprocessTest.SharedVector ......................   Passed    2.14 sec
test 9
      Start  9: MemnonIntegrationTest.SegmentedInterprocess

9: Test command: /Users/zeeshanqazi/Desktop/projects/Geryon/build/tests/geryon_tests "--gtest_filter=MemnonIntegrationTest.SegmentedInterprocess" "--gtest_also_run_disabled_tests"
9: Working Directory: /Users/zeeshanqazi/Desktop/projects/Geryon/build/tests
9: Test timeout computed to be: 10000000
9: Running main() from /Users/zeeshanqazi/Desktop/projects/Geryon/build/_deps/googletest-src/googletest/src/gtest_main.cc
9: Note: Google Test filter = MemnonIntegrationTest.SegmentedInterprocess
9: [==========] Running 1 test from 1 test suite.
9: [----------] Global test environment set-up.
9: [----------] 1 test from MemnonIntegrationTest
9: [ RUN      ] MemnonIntegrationTest.SegmentedInterprocess
9: Replica 1 connected.
9: [       OK ] MemnonIntegrationTest.SegmentedInterprocess (2122 ms)
9: [----------] 1 test from MemnonIntegrationTest (2122 ms total)
9: 
9: [----------] Global test environment tear-down
9: [==========] 1 test from 1 test suite ran. (2122 ms total)
9: [  PASSED  ] 1 test.
 9/15 Test  #9: MemnonIntegrationTest.SegmentedInterprocess ........   Passed    2.14 sec
test 10
      Start 10: ConsistencyTest.TriggerSynchronization

10: Test command: /Users/zeeshanqazi/Desktop/projects/Geryon/build/tests/geryon_tests "--gtest_filter=ConsistencyTest.TriggerSynchronization" "--gtest_also_run_disabled_tests"
10: Working Directory: /Users/zeeshanqazi/Desktop/projects/Geryon/build/tests
10: Test timeout computed to be: 10000000
10: Running main() from /Users/zeeshanqazi/Desktop/projects/Geryon/build/_deps/googletest-src/googletest/src/gtest_main.cc
10: Note: Google Test filter = ConsistencyTest.TriggerSynchronization
10: [==========] Running 1 test from 1 test suite.
10: [----------] Global test environment set-up.
10: [----------] 1 test from ConsistencyTest
10: [ RUN      ] ConsistencyTest.TriggerSynchronization
10: Starting primary...
10: Primary started.
10: Starting replica...
10: Replica started.
10: Replica 1 connected.
10: Simulating replica page request 1
10: Simulating replica page request 2
10: Replica writing to pages
10: Primary triggering synchronization
10: Primary checking consistency
10: Stopping nodes
10: Test complete
10: [       OK ] ConsistencyTest.TriggerSynchronization (2163 ms)
10: [----------] 1 test from ConsistencyTest (2163 ms total)
10: 
10: [----------] Global test environment tear-down
10: [==========] 1 test from 1 test suite ran. (2163 ms total)
10: [  PASSED  ] 1 test.
10/15 Test #10: ConsistencyTest.TriggerSynchronization .............   Passed    2.18 sec
test 11
      Start 11: ConsistencyTest.ReplicaStopFlushesData

11: Test command: /Users/zeeshanqazi/Desktop/projects/Geryon/build/tests/geryon_tests "--gtest_filter=ConsistencyTest.ReplicaStopFlushesData" "--gtest_also_run_disabled_tests"
11: Working Directory: /Users/zeeshanqazi/Desktop/projects/Geryon/build/tests
11: Test timeout computed to be: 10000000
11: Running main() from /Users/zeeshanqazi/Desktop/projects/Geryon/build/_deps/googletest-src/googletest/src/gtest_main.cc
11: Note: Google Test filter = ConsistencyTest.ReplicaStopFlushesData
11: [==========] Running 1 test from 1 test suite.
11: [----------] Global test environment set-up.
11: [----------] 1 test from ConsistencyTest
11: [ RUN      ] ConsistencyTest.ReplicaStopFlushesData
11: Replica 1 connected.
11: [       OK ] ConsistencyTest.ReplicaStopFlushesData (2162 ms)
11: [----------] 1 test from ConsistencyTest (2162 ms total)
11: 
11: [----------] Global test environment tear-down
11: [==========] 1 test from 1 test suite ran. (2162 ms total)
11: [  PASSED  ] 1 test.
11/15 Test #11: ConsistencyTest.ReplicaStopFlushesData ...............   Passed    2.19 sec
test 12
      Start 12: ConsistencyTest.PrimaryStopInitiatesHandshake

12: Test command: /Users/zeeshanqazi/Desktop/projects/Geryon/build/tests/geryon_tests "--gtest_filter=ConsistencyTest.PrimaryStopInitiatesHandshake" "--gtest_also_run_disabled_tests"
12: Working Directory: /Users/zeeshanqazi/Desktop/projects/Geryon/build/tests
12: Test timeout computed to be: 10000000
12: Running main() from /Users/zeeshanqazi/Desktop/projects/Geryon/build/_deps/googletest-src/googletest/src/gtest_main.cc
12: Note: Google Test filter = ConsistencyTest.PrimaryStopInitiatesHandshake
12: [==========] Running 1 test from 1 test suite.
12: [----------] Global test environment set-up.
12: [----------] 1 test from ConsistencyTest
12: [ RUN      ] ConsistencyTest.PrimaryStopInitiatesHandshake
12: Replica 1 connected.
12: [       OK ] ConsistencyTest.PrimaryStopInitiatesHandshake (2061 ms)
12: [----------] 1 test from ConsistencyTest (2061 ms total)
12: 
12: [----------] Global test environment tear-down
12: [==========] 1 test from 1 test suite ran. (2061 ms total)
12: [  PASSED  ] 1 test.
12/15 Test #12: ConsistencyTest.PrimaryStopInitiatesHandshake .......   Passed    2.08 sec
test 13
      Start 13: CorrectnessTest.MultithreadMultipageCorrectness

13: Test command: /Users/zeeshanqazi/Desktop/projects/Geryon/build/tests/geryon_tests "--gtest_filter=CorrectnessTest.MultithreadMultipageCorrectness" "--gtest_also_run_disabled_tests"
13: Working Directory: /Users/zeeshanqazi/Desktop/projects/Geryon/build/tests
13: Test timeout computed to be: 10000000
13: Running main() from /Users/zeeshanqazi/Desktop/projects/Geryon/build/_deps/googletest-src/googletest/src/gtest_main.cc
13: Note: Google Test filter = CorrectnessTest.MultithreadMultipageCorrectness
13: [==========] Running 1 test from 1 test suite.
13: [----------] Global test environment set-up.
13: [----------] 1 test from CorrectnessTest
13: [ RUN      ] CorrectnessTest.MultithreadMultipageCorrectness
13: Replica 1 connected.
13: Replica 2 connected.
13: Replica 3 connected.
13: [       OK ] CorrectnessTest.MultithreadMultipageCorrectness (2965 ms)
13: [----------] 1 test from CorrectnessTest (2965 ms total)
13: 
13: [----------] Global test environment tear-down
13: [==========] 1 test from 1 test suite ran. (2965 ms total)
13: [  PASSED  ] 1 test.
13/15 Test #13: CorrectnessTest.MultithreadMultipageCorrectness ....   Passed    2.99 sec
test 14
      Start 14: CorrectnessTest.MultiprocessMultipageCorrectness

14: Test command: /Users/zeeshanqazi/Desktop/projects/Geryon/build/tests/geryon_tests "--gtest_filter=CorrectnessTest.MultiprocessMultipageCorrectness" "--gtest_also_run_disabled_tests"
14: Working Directory: /Users/zeeshanqazi/Desktop/projects/Geryon/build/tests
14: Test timeout computed to be: 10000000
14: Running main() from /Users/zeeshanqazi/Desktop/projects/Geryon/build/_deps/googletest-src/googletest/src/gtest_main.cc
14: Note: Google Test filter = CorrectnessTest.MultiprocessMultipageCorrectness
14: [==========] Running 1 test from 1 test suite.
14: [----------] Global test environment set-up.
14: [----------] 1 test from CorrectnessTest
14: [ RUN      ] CorrectnessTest.MultiprocessMultipageCorrectness
14: Running main() from /Users/zeeshanqazi/Desktop/projects/Geryon/build/_deps/googletest-src/googletest/src/gtest_main.cc
14: Note: Google Test filter = CorrectnessTest.MultiprocessMultipageCorrectness
14: [==========] Running 1 test from 1 test suite.
14: [----------] Global test environment set-up.
14: [----------] 1 test from CorrectnessTest
14: [ RUN      ] CorrectnessTest.MultiprocessMultipageCorrectness
14: Replica 1 connected.
14: Running main() from /Users/zeeshanqazi/Desktop/projects/Geryon/build/_deps/googletest-src/googletest/src/gtest_main.cc
14: Note: Google Test filter = CorrectnessTest.MultiprocessMultipageCorrectness
14: [==========] Running 1 test from 1 test suite.
14: [----------] Global test environment set-up.
14: [----------] 1 test from CorrectnessTest
14: [ RUN      ] CorrectnessTest.MultiprocessMultipageCorrectness
14: Replica 2 connected.
14: Running main() from /Users/zeeshanqazi/Desktop/projects/Geryon/build/_deps/googletest-src/googletest/src/gtest_main.cc
14: Note: Google Test filter = CorrectnessTest.MultiprocessMultipageCorrectness
14: [==========] Running 1 test from 1 test suite.
14: [----------] Global test environment set-up.
14: [----------] 1 test from CorrectnessTest
14: [ RUN      ] CorrectnessTest.MultiprocessMultipageCorrectness
14: Replica 3 connected.
14: [       OK ] CorrectnessTest.MultiprocessMultipageCorrectness (2174 ms)
14: [----------] 1 test from CorrectnessTest (2174 ms total)
14: 
14: [----------] Global test environment tear-down
14: [==========] 1 test from 1 test suite ran. (2174 ms total)
14: [  PASSED  ] 1 test.
14/15 Test #14: CorrectnessTest.MultiprocessMultipageCorrectness ...   Passed    2.20 sec
test 15
      Start 15: DistributedSortTest.MultiprocessPiecewiseSort

15: Test command: /Users/zeeshanqazi/Desktop/projects/Geryon/build/tests/geryon_tests "--gtest_filter=DistributedSortTest.MultiprocessPiecewiseSort" "--gtest_also_run_disabled_tests"
15: Working Directory: /Users/zeeshanqazi/Desktop/projects/Geryon/build/tests
15: Test timeout computed to be: 10000000
15: Running main() from /Users/zeeshanqazi/Desktop/projects/Geryon/build/_deps/googletest-src/googletest/src/gtest_main.cc
15: Note: Google Test filter = DistributedSortTest.MultiprocessPiecewiseSort
15: [==========] Running 1 test from 1 test suite.
15: [----------] Global test environment set-up.
15: [----------] 1 test from DistributedSortTest
15: [ RUN      ] DistributedSortTest.MultiprocessPiecewiseSort
15: Running main() from /Users/zeeshanqazi/Desktop/projects/Geryon/build/_deps/googletest-src/googletest/src/gtest_main.cc
15: Note: Google Test filter = DistributedSortTest.MultiprocessPiecewiseSort
15: [==========] Running 1 test from 1 test suite.
15: [----------] Global test environment set-up.
15: [----------] 1 test from DistributedSortTest
15: [ RUN      ] DistributedSortTest.MultiprocessPiecewiseSort
15: Replica 1 connected.
15: Running main() from /Users/zeeshanqazi/Desktop/projects/Geryon/build/_deps/googletest-src/googletest/src/gtest_main.cc
15: Note: Google Test filter = DistributedSortTest.MultiprocessPiecewiseSort
15: [==========] Running 1 test from 1 test suite.
15: [----------] Global test environment set-up.
15: [----------] 1 test from DistributedSortTest
15: [ RUN      ] DistributedSortTest.MultiprocessPiecewiseSort
15: Replica 2 connected.
15: Running main() from /Users/zeeshanqazi/Desktop/projects/Geryon/build/_deps/googletest-src/googletest/src/gtest_main.cc
15: Note: Google Test filter = DistributedSortTest.MultiprocessPiecewiseSort
15: [==========] Running 1 test from 1 test suite.
15: [----------] Global test environment set-up.
15: [----------] 1 test from DistributedSortTest
15: [ RUN      ] DistributedSortTest.MultiprocessPiecewiseSort
15: Replica 3 connected.
15: [Primary] Pages Sent: 3671, Pages Received: 3670 | Avg Transfer Time: 2.5113 us | Avg Time Between Transfers: 204.88 us
15: [Replica 3] Pages Sent: 1322, Pages Received: 1323 | Avg Transfer Time: 2.64372 us | Avg Time Between Transfers: 1317.19 us
15: [Replica 2] Pages Sent: 1321, Pages Received: 1322 | Avg Transfer Time: 2.61014 us | Avg Time Between Transfers: 1314.01 us
15: [Replica 1] Pages Sent: 1322, Pages Received: 1323 | Avg Transfer Time: 2.82224 us | Avg Time Between Transfers: 1318.43 us
15: [       OK ] DistributedSortTest.MultiprocessPiecewiseSort (4447 ms)
15: [----------] 1 test from DistributedSortTest (4447 ms total)
15: 
15: [----------] Global test environment tear-down
15: [==========] 1 test from 1 test suite ran. (4447 ms total)
15: [  PASSED  ] 1 test.
15/15 Test #15: DistributedSortTest.MultiprocessPiecewiseSort ......   Passed    4.47 sec

100% tests passed, 0 tests failed out of 15

Total Test time (real) =  33.33 sec
macOS Run 11
Using Homebrew GCC 16: /opt/homebrew/bin/g++-16
CMake Warning (dev) at CMakeLists.txt:17 (find_package):
  Policy CMP0167 is not set: The FindBoost module is removed.  Run "cmake
  --help-policy CMP0167" for policy details.  Use the cmake_policy command to
  set the policy and suppress this warning.

This warning is for project developers.  Use -Wno-dev to suppress it.

-- git version: v1.8.3 normalized to 1.8.3
-- Google Benchmark version: 1.8.3
-- Performing Test HAVE_STD_REGEX -- success
-- Performing Test HAVE_GNU_POSIX_REGEX -- failed to compile
-- Performing Test HAVE_POSIX_REGEX -- success
-- Performing Test HAVE_STEADY_CLOCK -- success
-- Performing Test HAVE_PTHREAD_AFFINITY -- failed to compile
-- Configuring done (0.7s)
-- Generating done (0.0s)
-- Build files have been written to: /Users/zeeshanqazi/Desktop/projects/Geryon/build
[  4%] Built target gtest
[ 12%] Built target geryon
[ 21%] Built target gmock
[ 21%] Built target gtest_main
[ 63%] Built target benchmark
[ 68%] Built target gmock_main
[ 72%] Built target benchmark_main
[ 76%] Built target benchmark_page_transfer
[100%] Built target geryon_tests
Build complete. Executables are in build/tests/ and build/benchmarks/.
UpdateCTestConfiguration  from :/Users/zeeshanqazi/Desktop/projects/Geryon/build/DartConfiguration.tcl
Test project /Users/zeeshanqazi/Desktop/projects/Geryon/build
Constructing a list of tests
Done constructing a list of tests
Updating test list for fixtures
Added 0 tests to meet fixture requirements
Checking test dependency graph...
Checking test dependency graph end
test 1
      Start  1: MemoryRegionTest.AllocationAndPageSize

1: Test command: /Users/zeeshanqazi/Desktop/projects/Geryon/build/tests/geryon_tests "--gtest_filter=MemoryRegionTest.AllocationAndPageSize" "--gtest_also_run_disabled_tests"
1: Working Directory: /Users/zeeshanqazi/Desktop/projects/Geryon/build/tests
1: Test timeout computed to be: 10000000
1: Running main() from /Users/zeeshanqazi/Desktop/projects/Geryon/build/_deps/googletest-src/googletest/src/gtest_main.cc
1: Note: Google Test filter = MemoryRegionTest.AllocationAndPageSize
1: [==========] Running 1 test from 1 test suite.
1: [----------] Global test environment set-up.
1: [----------] 1 test from MemoryRegionTest
1: [ RUN      ] MemoryRegionTest.AllocationAndPageSize
1: [       OK ] MemoryRegionTest.AllocationAndPageSize (0 ms)
1: [----------] 1 test from MemoryRegionTest (0 ms total)
1: 
1: [----------] Global test environment tear-down
1: [==========] 1 test from 1 test suite ran. (0 ms total)
1: [  PASSED  ] 1 test.
 1/15 Test  #1: MemoryRegionTest.AllocationAndPageSize .............   Passed    0.01 sec
test 2
      Start  2: MemoryRegionTest.ProtectionChanges

2: Test command: /Users/zeeshanqazi/Desktop/projects/Geryon/build/tests/geryon_tests "--gtest_filter=MemoryRegionTest.ProtectionChanges" "--gtest_also_run_disabled_tests"
2: Working Directory: /Users/zeeshanqazi/Desktop/projects/Geryon/build/tests
2: Test timeout computed to be: 10000000
2: Running main() from /Users/zeeshanqazi/Desktop/projects/Geryon/build/_deps/googletest-src/googletest/src/gtest_main.cc
2: Note: Google Test filter = MemoryRegionTest.ProtectionChanges
2: [==========] Running 1 test from 1 test suite.
2: [----------] Global test environment set-up.
2: [----------] 1 test from MemoryRegionTest
2: [ RUN      ] MemoryRegionTest.ProtectionChanges
2: [       OK ] MemoryRegionTest.ProtectionChanges (28 ms)
2: [----------] 1 test from MemoryRegionTest (28 ms total)
2: 
2: [----------] Global test environment tear-down
2: [==========] 1 test from 1 test suite ran. (28 ms total)
2: [  PASSED  ] 1 test.
 2/15 Test  #2: MemoryRegionTest.ProtectionChanges .................   Passed    0.04 sec
test 3
      Start  3: FaultHandlerTest.SoftFaultHandling

3: Test command: /Users/zeeshanqazi/Desktop/projects/Geryon/build/tests/geryon_tests "--gtest_filter=FaultHandlerTest.SoftFaultHandling" "--gtest_also_run_disabled_tests"
3: Working Directory: /Users/zeeshanqazi/Desktop/projects/Geryon/build/tests
3: Test timeout computed to be: 10000000
3: Running main() from /Users/zeeshanqazi/Desktop/projects/Geryon/build/_deps/googletest-src/googletest/src/gtest_main.cc
3: Note: Google Test filter = FaultHandlerTest.SoftFaultHandling
3: [==========] Running 1 test from 1 test suite.
3: [----------] Global test environment set-up.
3: [----------] 1 test from FaultHandlerTest
3: [ RUN      ] FaultHandlerTest.SoftFaultHandling
3: [       OK ] FaultHandlerTest.SoftFaultHandling (0 ms)
3: [----------] 1 test from FaultHandlerTest (0 ms total)
3: 
3: [----------] Global test environment tear-down
3: [==========] 1 test from 1 test suite ran. (0 ms total)
3: [  PASSED  ] 1 test.
 3/15 Test  #3: FaultHandlerTest.SoftFaultHandling .................   Passed    0.01 sec
test 4
      Start  4: NetworkSyncTest.BouncingOwnership

4: Test command: /Users/zeeshanqazi/Desktop/projects/Geryon/build/tests/geryon_tests "--gtest_filter=NetworkSyncTest.BouncingOwnership" "--gtest_also_run_disabled_tests"
4: Working Directory: /Users/zeeshanqazi/Desktop/projects/Geryon/build/tests
4: Test timeout computed to be: 10000000
4: Running main() from /Users/zeeshanqazi/Desktop/projects/Geryon/build/_deps/googletest-src/googletest/src/gtest_main.cc
4: Note: Google Test filter = NetworkSyncTest.BouncingOwnership
4: [==========] Running 1 test from 1 test suite.
4: [----------] Global test environment set-up.
4: [----------] 1 test from NetworkSyncTest
4: [ RUN      ] NetworkSyncTest.BouncingOwnership
4: Replica 1 connected.
4: [       OK ] NetworkSyncTest.BouncingOwnership (2116 ms)
4: [----------] 1 test from NetworkSyncTest (2116 ms total)
4: 
4: [----------] Global test environment tear-down
4: [==========] 1 test from 1 test suite ran. (2116 ms total)
4: [  PASSED  ] 1 test.
 4/15 Test  #4: NetworkSyncTest.BouncingOwnership ..................   Passed    2.13 sec
test 5
      Start  5: NetworkSyncTest.StressTest

5: Test command: /Users/zeeshanqazi/Desktop/projects/Geryon/build/tests/geryon_tests "--gtest_filter=NetworkSyncTest.StressTest" "--gtest_also_run_disabled_tests"
5: Working Directory: /Users/zeeshanqazi/Desktop/projects/Geryon/build/tests
5: Test timeout computed to be: 10000000
5: Running main() from /Users/zeeshanqazi/Desktop/projects/Geryon/build/_deps/googletest-src/googletest/src/gtest_main.cc
5: Note: Google Test filter = NetworkSyncTest.StressTest
5: [==========] Running 1 test from 1 test suite.
5: [----------] Global test environment set-up.
5: [----------] 1 test from NetworkSyncTest
5: [ RUN      ] NetworkSyncTest.StressTest
5: Replica 1 connected.
5: [       OK ] NetworkSyncTest.StressTest (2135 ms)
5: [----------] 1 test from NetworkSyncTest (2136 ms total)
5: 
5: [----------] Global test environment tear-down
5: [==========] 1 test from 1 test suite ran. (2136 ms total)
5: [  PASSED  ] 1 test.
 5/15 Test  #5: NetworkSyncTest.StressTest .........................   Passed    2.17 sec
test 6
      Start  6: MultiClientTest.StarTopologyBouncing

6: Test command: /Users/zeeshanqazi/Desktop/projects/Geryon/build/tests/geryon_tests "--gtest_filter=MultiClientTest.StarTopologyBouncing" "--gtest_also_run_disabled_tests"
6: Working Directory: /Users/zeeshanqazi/Desktop/projects/Geryon/build/tests
6: Test timeout computed to be: 10000000
6: Running main() from /Users/zeeshanqazi/Desktop/projects/Geryon/build/_deps/googletest-src/googletest/src/gtest_main.cc
6: Note: Google Test filter = MultiClientTest.StarTopologyBouncing
6: [==========] Running 1 test from 1 test suite.
6: [----------] Global test environment set-up.
6: [----------] 1 test from MultiClientTest
6: [ RUN      ] MultiClientTest.StarTopologyBouncing
6: Replica 1 connected.
6: Replica 2 connected.
6: Replica 3 connected.
6: [       OK ] MultiClientTest.StarTopologyBouncing (6408 ms)
6: [----------] 1 test from MultiClientTest (6408 ms total)
6: 
6: [----------] Global test environment tear-down
6: [==========] 1 test from 1 test suite ran. (6408 ms total)
6: [  PASSED  ] 1 test.
 6/15 Test  #6: MultiClientTest.StarTopologyBouncing ...............   Passed    6.44 sec
test 7
      Start  7: SynchronizationTest.DistributedSpinLock

7: Test command: /Users/zeeshanqazi/Desktop/projects/Geryon/build/tests/geryon_tests "--gtest_filter=SynchronizationTest.DistributedSpinLock" "--gtest_also_run_disabled_tests"
7: Working Directory: /Users/zeeshanqazi/Desktop/projects/Geryon/build/tests
7: Test timeout computed to be: 10000000
7: Running main() from /Users/zeeshanqazi/Desktop/projects/Geryon/build/_deps/googletest-src/googletest/src/gtest_main.cc
7: Note: Google Test filter = SynchronizationTest.DistributedSpinLock
7: [==========] Running 1 test from 1 test suite.
7: [----------] Global test environment set-up.
7: [----------] 1 test from SynchronizationTest
7: [ RUN      ] SynchronizationTest.DistributedSpinLock
7: Replica 1 connected.
7: Primary finished.
7: Replica finished.
7: [       OK ] SynchronizationTest.DistributedSpinLock (2140 ms)
7: [----------] 1 test from SynchronizationTest (2140 ms total)
7: 
7: [----------] Global test environment tear-down
7: [==========] 1 test from 1 test suite ran. (2140 ms total)
7: [  PASSED  ] 1 test.
 7/15 Test  #7: SynchronizationTest.DistributedSpinLock ............   Passed    2.16 sec
test 8
      Start  8: InterprocessTest.SharedVector

8: Test command: /Users/zeeshanqazi/Desktop/projects/Geryon/build/tests/geryon_tests "--gtest_filter=InterprocessTest.SharedVector" "--gtest_also_run_disabled_tests"
8: Working Directory: /Users/zeeshanqazi/Desktop/projects/Geryon/build/tests
8: Test timeout computed to be: 10000000
8: Running main() from /Users/zeeshanqazi/Desktop/projects/Geryon/build/_deps/googletest-src/googletest/src/gtest_main.cc
8: Note: Google Test filter = InterprocessTest.SharedVector
8: [==========] Running 1 test from 1 test suite.
8: [----------] Global test environment set-up.
8: [----------] 1 test from InterprocessTest
8: [ RUN      ] InterprocessTest.SharedVector
8: Replica 1 connected.
8: [       OK ] InterprocessTest.SharedVector (2115 ms)
8: [----------] 1 test from InterprocessTest (2115 ms total)
8: 
8: [----------] Global test environment tear-down
8: [==========] 1 test from 1 test suite ran. (2115 ms total)
8: [  PASSED  ] 1 test.
 8/15 Test  #8: InterprocessTest.SharedVector ......................   Passed    2.13 sec
test 9
      Start  9: MemnonIntegrationTest.SegmentedInterprocess

9: Test command: /Users/zeeshanqazi/Desktop/projects/Geryon/build/tests/geryon_tests "--gtest_filter=MemnonIntegrationTest.SegmentedInterprocess" "--gtest_also_run_disabled_tests"
9: Working Directory: /Users/zeeshanqazi/Desktop/projects/Geryon/build/tests
9: Test timeout computed to be: 10000000
9: Running main() from /Users/zeeshanqazi/Desktop/projects/Geryon/build/_deps/googletest-src/googletest/src/gtest_main.cc
9: Note: Google Test filter = MemnonIntegrationTest.SegmentedInterprocess
9: [==========] Running 1 test from 1 test suite.
9: [----------] Global test environment set-up.
9: [----------] 1 test from MemnonIntegrationTest
9: [ RUN      ] MemnonIntegrationTest.SegmentedInterprocess
9: Replica 1 connected.
9: [       OK ] MemnonIntegrationTest.SegmentedInterprocess (2122 ms)
9: [----------] 1 test from MemnonIntegrationTest (2122 ms total)
9: 
9: [----------] Global test environment tear-down
9: [==========] 1 test from 1 test suite ran. (2123 ms total)
9: [  PASSED  ] 1 test.
 9/15 Test  #9: MemnonIntegrationTest.SegmentedInterprocess ........   Passed    2.15 sec
test 10
      Start 10: ConsistencyTest.TriggerSynchronization

10: Test command: /Users/zeeshanqazi/Desktop/projects/Geryon/build/tests/geryon_tests "--gtest_filter=ConsistencyTest.TriggerSynchronization" "--gtest_also_run_disabled_tests"
10: Working Directory: /Users/zeeshanqazi/Desktop/projects/Geryon/build/tests
10: Test timeout computed to be: 10000000
10: Running main() from /Users/zeeshanqazi/Desktop/projects/Geryon/build/_deps/googletest-src/googletest/src/gtest_main.cc
10: Note: Google Test filter = ConsistencyTest.TriggerSynchronization
10: [==========] Running 1 test from 1 test suite.
10: [----------] Global test environment set-up.
10: [----------] 1 test from ConsistencyTest
10: [ RUN      ] ConsistencyTest.TriggerSynchronization
10: Starting primary...
10: Primary started.
10: Starting replica...
10: Replica started.
10: Replica 1 connected.
10: Simulating replica page request 1
10: Simulating replica page request 2
10: Replica writing to pages
10: Primary triggering synchronization
10: Primary checking consistency
10: Stopping nodes
10: Test complete
10: [       OK ] ConsistencyTest.TriggerSynchronization (2167 ms)
10: [----------] 1 test from ConsistencyTest (2167 ms total)
10: 
10: [----------] Global test environment tear-down
10: [==========] 1 test from 1 test suite ran. (2167 ms total)
10: [  PASSED  ] 1 test.
10/15 Test #10: ConsistencyTest.TriggerSynchronization .............   Passed    2.19 sec
test 11
      Start 11: ConsistencyTest.ReplicaStopFlushesData

11: Test command: /Users/zeeshanqazi/Desktop/projects/Geryon/build/tests/geryon_tests "--gtest_filter=ConsistencyTest.ReplicaStopFlushesData" "--gtest_also_run_disabled_tests"
11: Working Directory: /Users/zeeshanqazi/Desktop/projects/Geryon/build/tests
11: Test timeout computed to be: 10000000
11: Running main() from /Users/zeeshanqazi/Desktop/projects/Geryon/build/_deps/googletest-src/googletest/src/gtest_main.cc
11: Note: Google Test filter = ConsistencyTest.ReplicaStopFlushesData
11: [==========] Running 1 test from 1 test suite.
11: [----------] Global test environment set-up.
11: [----------] 1 test from ConsistencyTest
11: [ RUN      ] ConsistencyTest.ReplicaStopFlushesData
11: Replica 1 connected.
11: [       OK ] ConsistencyTest.ReplicaStopFlushesData (2165 ms)
11: [----------] 1 test from ConsistencyTest (2165 ms total)
11: 
11: [----------] Global test environment tear-down
11: [==========] 1 test from 1 test suite ran. (2166 ms total)
11: [  PASSED  ] 1 test.
11/15 Test #11: ConsistencyTest.ReplicaStopFlushesData ...............   Passed    2.19 sec
test 12
      Start 12: ConsistencyTest.PrimaryStopInitiatesHandshake

12: Test command: /Users/zeeshanqazi/Desktop/projects/Geryon/build/tests/geryon_tests "--gtest_filter=ConsistencyTest.PrimaryStopInitiatesHandshake" "--gtest_also_run_disabled_tests"
12: Working Directory: /Users/zeeshanqazi/Desktop/projects/Geryon/build/tests
12: Test timeout computed to be: 10000000
12: Running main() from /Users/zeeshanqazi/Desktop/projects/Geryon/build/_deps/googletest-src/googletest/src/gtest_main.cc
12: Note: Google Test filter = ConsistencyTest.PrimaryStopInitiatesHandshake
12: [==========] Running 1 test from 1 test suite.
12: [----------] Global test environment set-up.
12: [----------] 1 test from ConsistencyTest
12: [ RUN      ] ConsistencyTest.PrimaryStopInitiatesHandshake
12: Replica 1 connected.
12: [       OK ] ConsistencyTest.PrimaryStopInitiatesHandshake (2062 ms)
12: [----------] 1 test from ConsistencyTest (2062 ms total)
12: 
12: [----------] Global test environment tear-down
12: [==========] 1 test from 1 test suite ran. (2062 ms total)
12: [  PASSED  ] 1 test.
12/15 Test #12: ConsistencyTest.PrimaryStopInitiatesHandshake .......   Passed    2.08 sec
test 13
      Start 13: CorrectnessTest.MultithreadMultipageCorrectness

13: Test command: /Users/zeeshanqazi/Desktop/projects/Geryon/build/tests/geryon_tests "--gtest_filter=CorrectnessTest.MultithreadMultipageCorrectness" "--gtest_also_run_disabled_tests"
13: Working Directory: /Users/zeeshanqazi/Desktop/projects/Geryon/build/tests
13: Test timeout computed to be: 10000000
13: Running main() from /Users/zeeshanqazi/Desktop/projects/Geryon/build/_deps/googletest-src/googletest/src/gtest_main.cc
13: Note: Google Test filter = CorrectnessTest.MultithreadMultipageCorrectness
13: [==========] Running 1 test from 1 test suite.
13: [----------] Global test environment set-up.
13: [----------] 1 test from CorrectnessTest
13: [ RUN      ] CorrectnessTest.MultithreadMultipageCorrectness
13: Replica 1 connected.
13: Replica 2 connected.
13: Replica 3 connected.
13: [       OK ] CorrectnessTest.MultithreadMultipageCorrectness (2973 ms)
13: [----------] 1 test from CorrectnessTest (2973 ms total)
13: 
13: [----------] Global test environment tear-down
13: [==========] 1 test from 1 test suite ran. (2973 ms total)
13: [  PASSED  ] 1 test.
13/15 Test #13: CorrectnessTest.MultithreadMultipageCorrectness ....   Passed    3.00 sec
test 14
      Start 14: CorrectnessTest.MultiprocessMultipageCorrectness

14: Test command: /Users/zeeshanqazi/Desktop/projects/Geryon/build/tests/geryon_tests "--gtest_filter=CorrectnessTest.MultiprocessMultipageCorrectness" "--gtest_also_run_disabled_tests"
14: Working Directory: /Users/zeeshanqazi/Desktop/projects/Geryon/build/tests
14: Test timeout computed to be: 10000000
14: Running main() from /Users/zeeshanqazi/Desktop/projects/Geryon/build/_deps/googletest-src/googletest/src/gtest_main.cc
14: Note: Google Test filter = CorrectnessTest.MultiprocessMultipageCorrectness
14: [==========] Running 1 test from 1 test suite.
14: [----------] Global test environment set-up.
14: [----------] 1 test from CorrectnessTest
14: [ RUN      ] CorrectnessTest.MultiprocessMultipageCorrectness
14: Running main() from /Users/zeeshanqazi/Desktop/projects/Geryon/build/_deps/googletest-src/googletest/src/gtest_main.cc
14: Note: Google Test filter = CorrectnessTest.MultiprocessMultipageCorrectness
14: [==========] Running 1 test from 1 test suite.
14: [----------] Global test environment set-up.
14: [----------] 1 test from CorrectnessTest
14: [ RUN      ] CorrectnessTest.MultiprocessMultipageCorrectness
14: Replica 1 connected.
14: Running main() from /Users/zeeshanqazi/Desktop/projects/Geryon/build/_deps/googletest-src/googletest/src/gtest_main.cc
14: Note: Google Test filter = CorrectnessTest.MultiprocessMultipageCorrectness
14: [==========] Running 1 test from 1 test suite.
14: [----------] Global test environment set-up.
14: [----------] 1 test from CorrectnessTest
14: [ RUN      ] CorrectnessTest.MultiprocessMultipageCorrectness
14: Replica 2 connected.
14: Running main() from /Users/zeeshanqazi/Desktop/projects/Geryon/build/_deps/googletest-src/googletest/src/gtest_main.cc
14: Note: Google Test filter = CorrectnessTest.MultiprocessMultipageCorrectness
14: [==========] Running 1 test from 1 test suite.
14: [----------] Global test environment set-up.
14: [----------] 1 test from CorrectnessTest
14: [ RUN      ] CorrectnessTest.MultiprocessMultipageCorrectness
14: Replica 3 connected.
14: [       OK ] CorrectnessTest.MultiprocessMultipageCorrectness (2167 ms)
14: [----------] 1 test from CorrectnessTest (2168 ms total)
14: 
14: [----------] Global test environment tear-down
14: [==========] 1 test from 1 test suite ran. (2168 ms total)
14: [  PASSED  ] 1 test.
14/15 Test #14: CorrectnessTest.MultiprocessMultipageCorrectness ...   Passed    2.20 sec
test 15
      Start 15: DistributedSortTest.MultiprocessPiecewiseSort

15: Test command: /Users/zeeshanqazi/Desktop/projects/Geryon/build/tests/geryon_tests "--gtest_filter=DistributedSortTest.MultiprocessPiecewiseSort" "--gtest_also_run_disabled_tests"
15: Working Directory: /Users/zeeshanqazi/Desktop/projects/Geryon/build/tests
15: Test timeout computed to be: 10000000
15: Running main() from /Users/zeeshanqazi/Desktop/projects/Geryon/build/_deps/googletest-src/googletest/src/gtest_main.cc
15: Note: Google Test filter = DistributedSortTest.MultiprocessPiecewiseSort
15: [==========] Running 1 test from 1 test suite.
15: [----------] Global test environment set-up.
15: [----------] 1 test from DistributedSortTest
15: [ RUN      ] DistributedSortTest.MultiprocessPiecewiseSort
15: Running main() from /Users/zeeshanqazi/Desktop/projects/Geryon/build/_deps/googletest-src/googletest/src/gtest_main.cc
15: Note: Google Test filter = DistributedSortTest.MultiprocessPiecewiseSort
15: [==========] Running 1 test from 1 test suite.
15: [----------] Global test environment set-up.
15: [----------] 1 test from DistributedSortTest
15: [ RUN      ] DistributedSortTest.MultiprocessPiecewiseSort
15: Replica 1 connected.
15: Running main() from /Users/zeeshanqazi/Desktop/projects/Geryon/build/_deps/googletest-src/googletest/src/gtest_main.cc
15: Note: Google Test filter = DistributedSortTest.MultiprocessPiecewiseSort
15: [==========] Running 1 test from 1 test suite.
15: [----------] Global test environment set-up.
15: [----------] 1 test from DistributedSortTest
15: [ RUN      ] DistributedSortTest.MultiprocessPiecewiseSort
15: Replica 2 connected.
15: Running main() from /Users/zeeshanqazi/Desktop/projects/Geryon/build/_deps/googletest-src/googletest/src/gtest_main.cc
15: Note: Google Test filter = DistributedSortTest.MultiprocessPiecewiseSort
15: [==========] Running 1 test from 1 test suite.
15: [----------] Global test environment set-up.
15: [----------] 1 test from DistributedSortTest
15: [ RUN      ] DistributedSortTest.MultiprocessPiecewiseSort
15: Replica 3 connected.
15: [Primary] Pages Sent: 3671, Pages Received: 3670 | Avg Transfer Time: 2.50177 us | Avg Time Between Transfers: 205.651 us
15: [Replica 3] Pages Sent: 1320, Pages Received: 1321 | Avg Transfer Time: 2.56591 us | Avg Time Between Transfers: 1340.71 us
15: [Replica 2] Pages Sent: 1322, Pages Received: 1323 | Avg Transfer Time: 2.89259 us | Avg Time Between Transfers: 1340.68 us
15: [Replica 1] Pages Sent: 1322, Pages Received: 1323 | Avg Transfer Time: 4.14826 us | Avg Time Between Transfers: 1339.49 us
15: [       OK ] DistributedSortTest.MultiprocessPiecewiseSort (4470 ms)
15: [----------] 1 test from DistributedSortTest (4470 ms total)
15: 
15: [----------] Global test environment tear-down
15: [==========] 1 test from 1 test suite ran. (4471 ms total)
15: [  PASSED  ] 1 test.
15/15 Test #15: DistributedSortTest.MultiprocessPiecewiseSort ......   Passed    4.49 sec

100% tests passed, 0 tests failed out of 15

Total Test time (real) =  33.39 sec
macOS Run 12
Using Homebrew GCC 16: /opt/homebrew/bin/g++-16
CMake Warning (dev) at CMakeLists.txt:17 (find_package):
  Policy CMP0167 is not set: The FindBoost module is removed.  Run "cmake
  --help-policy CMP0167" for policy details.  Use the cmake_policy command to
  set the policy and suppress this warning.

This warning is for project developers.  Use -Wno-dev to suppress it.

-- git version: v1.8.3 normalized to 1.8.3
-- Google Benchmark version: 1.8.3
-- Performing Test HAVE_STD_REGEX -- success
-- Performing Test HAVE_GNU_POSIX_REGEX -- failed to compile
-- Performing Test HAVE_POSIX_REGEX -- success
-- Performing Test HAVE_STEADY_CLOCK -- success
-- Performing Test HAVE_PTHREAD_AFFINITY -- failed to compile
-- Configuring done (0.7s)
-- Generating done (0.0s)
-- Build files have been written to: /Users/zeeshanqazi/Desktop/projects/Geryon/build
[  4%] Built target gtest
[ 12%] Built target geryon
[ 17%] Built target gtest_main
[ 21%] Built target gmock
[ 63%] Built target benchmark
[ 68%] Built target gmock_main
[ 72%] Built target benchmark_main
[ 76%] Built target benchmark_page_transfer
[100%] Built target geryon_tests
Build complete. Executables are in build/tests/ and build/benchmarks/.
UpdateCTestConfiguration  from :/Users/zeeshanqazi/Desktop/projects/Geryon/build/DartConfiguration.tcl
Test project /Users/zeeshanqazi/Desktop/projects/Geryon/build
Constructing a list of tests
Done constructing a list of tests
Updating test list for fixtures
Added 0 tests to meet fixture requirements
Checking test dependency graph...
Checking test dependency graph end
test 1
      Start  1: MemoryRegionTest.AllocationAndPageSize

1: Test command: /Users/zeeshanqazi/Desktop/projects/Geryon/build/tests/geryon_tests "--gtest_filter=MemoryRegionTest.AllocationAndPageSize" "--gtest_also_run_disabled_tests"
1: Working Directory: /Users/zeeshanqazi/Desktop/projects/Geryon/build/tests
1: Test timeout computed to be: 10000000
1: Running main() from /Users/zeeshanqazi/Desktop/projects/Geryon/build/_deps/googletest-src/googletest/src/gtest_main.cc
1: Note: Google Test filter = MemoryRegionTest.AllocationAndPageSize
1: [==========] Running 1 test from 1 test suite.
1: [----------] Global test environment set-up.
1: [----------] 1 test from MemoryRegionTest
1: [ RUN      ] MemoryRegionTest.AllocationAndPageSize
1: [       OK ] MemoryRegionTest.AllocationAndPageSize (0 ms)
1: [----------] 1 test from MemoryRegionTest (0 ms total)
1: 
1: [----------] Global test environment tear-down
1: [==========] 1 test from 1 test suite ran. (0 ms total)
1: [  PASSED  ] 1 test.
 1/15 Test  #1: MemoryRegionTest.AllocationAndPageSize .............   Passed    0.01 sec
test 2
      Start  2: MemoryRegionTest.ProtectionChanges

2: Test command: /Users/zeeshanqazi/Desktop/projects/Geryon/build/tests/geryon_tests "--gtest_filter=MemoryRegionTest.ProtectionChanges" "--gtest_also_run_disabled_tests"
2: Working Directory: /Users/zeeshanqazi/Desktop/projects/Geryon/build/tests
2: Test timeout computed to be: 10000000
2: Running main() from /Users/zeeshanqazi/Desktop/projects/Geryon/build/_deps/googletest-src/googletest/src/gtest_main.cc
2: Note: Google Test filter = MemoryRegionTest.ProtectionChanges
2: [==========] Running 1 test from 1 test suite.
2: [----------] Global test environment set-up.
2: [----------] 1 test from MemoryRegionTest
2: [ RUN      ] MemoryRegionTest.ProtectionChanges
2: [       OK ] MemoryRegionTest.ProtectionChanges (28 ms)
2: [----------] 1 test from MemoryRegionTest (28 ms total)
2: 
2: [----------] Global test environment tear-down
2: [==========] 1 test from 1 test suite ran. (28 ms total)
2: [  PASSED  ] 1 test.
 2/15 Test  #2: MemoryRegionTest.ProtectionChanges .................   Passed    0.04 sec
test 3
      Start  3: FaultHandlerTest.SoftFaultHandling

3: Test command: /Users/zeeshanqazi/Desktop/projects/Geryon/build/tests/geryon_tests "--gtest_filter=FaultHandlerTest.SoftFaultHandling" "--gtest_also_run_disabled_tests"
3: Working Directory: /Users/zeeshanqazi/Desktop/projects/Geryon/build/tests
3: Test timeout computed to be: 10000000
3: Running main() from /Users/zeeshanqazi/Desktop/projects/Geryon/build/_deps/googletest-src/googletest/src/gtest_main.cc
3: Note: Google Test filter = FaultHandlerTest.SoftFaultHandling
3: [==========] Running 1 test from 1 test suite.
3: [----------] Global test environment set-up.
3: [----------] 1 test from FaultHandlerTest
3: [ RUN      ] FaultHandlerTest.SoftFaultHandling
3: [       OK ] FaultHandlerTest.SoftFaultHandling (0 ms)
3: [----------] 1 test from FaultHandlerTest (0 ms total)
3: 
3: [----------] Global test environment tear-down
3: [==========] 1 test from 1 test suite ran. (0 ms total)
3: [  PASSED  ] 1 test.
 3/15 Test  #3: FaultHandlerTest.SoftFaultHandling .................   Passed    0.01 sec
test 4
      Start  4: NetworkSyncTest.BouncingOwnership

4: Test command: /Users/zeeshanqazi/Desktop/projects/Geryon/build/tests/geryon_tests "--gtest_filter=NetworkSyncTest.BouncingOwnership" "--gtest_also_run_disabled_tests"
4: Working Directory: /Users/zeeshanqazi/Desktop/projects/Geryon/build/tests
4: Test timeout computed to be: 10000000
4: Running main() from /Users/zeeshanqazi/Desktop/projects/Geryon/build/_deps/googletest-src/googletest/src/gtest_main.cc
4: Note: Google Test filter = NetworkSyncTest.BouncingOwnership
4: [==========] Running 1 test from 1 test suite.
4: [----------] Global test environment set-up.
4: [----------] 1 test from NetworkSyncTest
4: [ RUN      ] NetworkSyncTest.BouncingOwnership
4: Replica 1 connected.
4: [       OK ] NetworkSyncTest.BouncingOwnership (2117 ms)
4: [----------] 1 test from NetworkSyncTest (2117 ms total)
4: 
4: [----------] Global test environment tear-down
4: [==========] 1 test from 1 test suite ran. (2117 ms total)
4: [  PASSED  ] 1 test.
 4/15 Test  #4: NetworkSyncTest.BouncingOwnership ..................   Passed    2.13 sec
test 5
      Start  5: NetworkSyncTest.StressTest

5: Test command: /Users/zeeshanqazi/Desktop/projects/Geryon/build/tests/geryon_tests "--gtest_filter=NetworkSyncTest.StressTest" "--gtest_also_run_disabled_tests"
5: Working Directory: /Users/zeeshanqazi/Desktop/projects/Geryon/build/tests
5: Test timeout computed to be: 10000000
5: Running main() from /Users/zeeshanqazi/Desktop/projects/Geryon/build/_deps/googletest-src/googletest/src/gtest_main.cc
5: Note: Google Test filter = NetworkSyncTest.StressTest
5: [==========] Running 1 test from 1 test suite.
5: [----------] Global test environment set-up.
5: [----------] 1 test from NetworkSyncTest
5: [ RUN      ] NetworkSyncTest.StressTest
5: Replica 1 connected.
5: [       OK ] NetworkSyncTest.StressTest (2131 ms)
5: [----------] 1 test from NetworkSyncTest (2131 ms total)
5: 
5: [----------] Global test environment tear-down
5: [==========] 1 test from 1 test suite ran. (2131 ms total)
5: [  PASSED  ] 1 test.
 5/15 Test  #5: NetworkSyncTest.StressTest .........................   Passed    2.16 sec
test 6
      Start  6: MultiClientTest.StarTopologyBouncing

6: Test command: /Users/zeeshanqazi/Desktop/projects/Geryon/build/tests/geryon_tests "--gtest_filter=MultiClientTest.StarTopologyBouncing" "--gtest_also_run_disabled_tests"
6: Working Directory: /Users/zeeshanqazi/Desktop/projects/Geryon/build/tests
6: Test timeout computed to be: 10000000
6: Running main() from /Users/zeeshanqazi/Desktop/projects/Geryon/build/_deps/googletest-src/googletest/src/gtest_main.cc
6: Note: Google Test filter = MultiClientTest.StarTopologyBouncing
6: [==========] Running 1 test from 1 test suite.
6: [----------] Global test environment set-up.
6: [----------] 1 test from MultiClientTest
6: [ RUN      ] MultiClientTest.StarTopologyBouncing
6: Replica 1 connected.
6: Replica 2 connected.
6: Replica 3 connected.
6: [       OK ] MultiClientTest.StarTopologyBouncing (6417 ms)
6: [----------] 1 test from MultiClientTest (6417 ms total)
6: 
6: [----------] Global test environment tear-down
6: [==========] 1 test from 1 test suite ran. (6417 ms total)
6: [  PASSED  ] 1 test.
 6/15 Test  #6: MultiClientTest.StarTopologyBouncing ...............   Passed    6.45 sec
test 7
      Start  7: SynchronizationTest.DistributedSpinLock

7: Test command: /Users/zeeshanqazi/Desktop/projects/Geryon/build/tests/geryon_tests "--gtest_filter=SynchronizationTest.DistributedSpinLock" "--gtest_also_run_disabled_tests"
7: Working Directory: /Users/zeeshanqazi/Desktop/projects/Geryon/build/tests
7: Test timeout computed to be: 10000000
7: Running main() from /Users/zeeshanqazi/Desktop/projects/Geryon/build/_deps/googletest-src/googletest/src/gtest_main.cc
7: Note: Google Test filter = SynchronizationTest.DistributedSpinLock
7: [==========] Running 1 test from 1 test suite.
7: [----------] Global test environment set-up.
7: [----------] 1 test from SynchronizationTest
7: [ RUN      ] SynchronizationTest.DistributedSpinLock
7: Replica 1 connected.
7: Primary finished.
7: Replica finished.
7: [       OK ] SynchronizationTest.DistributedSpinLock (2138 ms)
7: [----------] 1 test from SynchronizationTest (2138 ms total)
7: 
7: [----------] Global test environment tear-down
7: [==========] 1 test from 1 test suite ran. (2138 ms total)
7: [  PASSED  ] 1 test.
 7/15 Test  #7: SynchronizationTest.DistributedSpinLock ............   Passed    2.17 sec
test 8
      Start  8: InterprocessTest.SharedVector

8: Test command: /Users/zeeshanqazi/Desktop/projects/Geryon/build/tests/geryon_tests "--gtest_filter=InterprocessTest.SharedVector" "--gtest_also_run_disabled_tests"
8: Working Directory: /Users/zeeshanqazi/Desktop/projects/Geryon/build/tests
8: Test timeout computed to be: 10000000
8: Running main() from /Users/zeeshanqazi/Desktop/projects/Geryon/build/_deps/googletest-src/googletest/src/gtest_main.cc
8: Note: Google Test filter = InterprocessTest.SharedVector
8: [==========] Running 1 test from 1 test suite.
8: [----------] Global test environment set-up.
8: [----------] 1 test from InterprocessTest
8: [ RUN      ] InterprocessTest.SharedVector
8: Replica 1 connected.
8: [       OK ] InterprocessTest.SharedVector (2113 ms)
8: [----------] 1 test from InterprocessTest (2113 ms total)
8: 
8: [----------] Global test environment tear-down
8: [==========] 1 test from 1 test suite ran. (2113 ms total)
8: [  PASSED  ] 1 test.
 8/15 Test  #8: InterprocessTest.SharedVector ......................   Passed    2.14 sec
test 9
      Start  9: MemnonIntegrationTest.SegmentedInterprocess

9: Test command: /Users/zeeshanqazi/Desktop/projects/Geryon/build/tests/geryon_tests "--gtest_filter=MemnonIntegrationTest.SegmentedInterprocess" "--gtest_also_run_disabled_tests"
9: Working Directory: /Users/zeeshanqazi/Desktop/projects/Geryon/build/tests
9: Test timeout computed to be: 10000000
9: Running main() from /Users/zeeshanqazi/Desktop/projects/Geryon/build/_deps/googletest-src/googletest/src/gtest_main.cc
9: Note: Google Test filter = MemnonIntegrationTest.SegmentedInterprocess
9: [==========] Running 1 test from 1 test suite.
9: [----------] Global test environment set-up.
9: [----------] 1 test from MemnonIntegrationTest
9: [ RUN      ] MemnonIntegrationTest.SegmentedInterprocess
9: Replica 1 connected.
9: [       OK ] MemnonIntegrationTest.SegmentedInterprocess (2124 ms)
9: [----------] 1 test from MemnonIntegrationTest (2124 ms total)
9: 
9: [----------] Global test environment tear-down
9: [==========] 1 test from 1 test suite ran. (2124 ms total)
9: [  PASSED  ] 1 test.
 9/15 Test  #9: MemnonIntegrationTest.SegmentedInterprocess ........   Passed    2.15 sec
test 10
      Start 10: ConsistencyTest.TriggerSynchronization

10: Test command: /Users/zeeshanqazi/Desktop/projects/Geryon/build/tests/geryon_tests "--gtest_filter=ConsistencyTest.TriggerSynchronization" "--gtest_also_run_disabled_tests"
10: Working Directory: /Users/zeeshanqazi/Desktop/projects/Geryon/build/tests
10: Test timeout computed to be: 10000000
10: Running main() from /Users/zeeshanqazi/Desktop/projects/Geryon/build/_deps/googletest-src/googletest/src/gtest_main.cc
10: Note: Google Test filter = ConsistencyTest.TriggerSynchronization
10: [==========] Running 1 test from 1 test suite.
10: [----------] Global test environment set-up.
10: [----------] 1 test from ConsistencyTest
10: [ RUN      ] ConsistencyTest.TriggerSynchronization
10: Starting primary...
10: Primary started.
10: Starting replica...
10: Replica started.
10: Replica 1 connected.
10: Simulating replica page request 1
10: Simulating replica page request 2
10: Replica writing to pages
10: Primary triggering synchronization
10: Primary checking consistency
10: Stopping nodes
10: Test complete
10: [       OK ] ConsistencyTest.TriggerSynchronization (2163 ms)
10: [----------] 1 test from ConsistencyTest (2163 ms total)
10: 
10: [----------] Global test environment tear-down
10: [==========] 1 test from 1 test suite ran. (2163 ms total)
10: [  PASSED  ] 1 test.
10/15 Test #10: ConsistencyTest.TriggerSynchronization .............   Passed    2.19 sec
test 11
      Start 11: ConsistencyTest.ReplicaStopFlushesData

11: Test command: /Users/zeeshanqazi/Desktop/projects/Geryon/build/tests/geryon_tests "--gtest_filter=ConsistencyTest.ReplicaStopFlushesData" "--gtest_also_run_disabled_tests"
11: Working Directory: /Users/zeeshanqazi/Desktop/projects/Geryon/build/tests
11: Test timeout computed to be: 10000000
11: Running main() from /Users/zeeshanqazi/Desktop/projects/Geryon/build/_deps/googletest-src/googletest/src/gtest_main.cc
11: Note: Google Test filter = ConsistencyTest.ReplicaStopFlushesData
11: [==========] Running 1 test from 1 test suite.
11: [----------] Global test environment set-up.
11: [----------] 1 test from ConsistencyTest
11: [ RUN      ] ConsistencyTest.ReplicaStopFlushesData
11: Replica 1 connected.
11: [       OK ] ConsistencyTest.ReplicaStopFlushesData (2162 ms)
11: [----------] 1 test from ConsistencyTest (2163 ms total)
11: 
11: [----------] Global test environment tear-down
11: [==========] 1 test from 1 test suite ran. (2163 ms total)
11: [  PASSED  ] 1 test.
11/15 Test #11: ConsistencyTest.ReplicaStopFlushesData ...............   Passed    2.18 sec
test 12
      Start 12: ConsistencyTest.PrimaryStopInitiatesHandshake

12: Test command: /Users/zeeshanqazi/Desktop/projects/Geryon/build/tests/geryon_tests "--gtest_filter=ConsistencyTest.PrimaryStopInitiatesHandshake" "--gtest_also_run_disabled_tests"
12: Working Directory: /Users/zeeshanqazi/Desktop/projects/Geryon/build/tests
12: Test timeout computed to be: 10000000
12: Running main() from /Users/zeeshanqazi/Desktop/projects/Geryon/build/_deps/googletest-src/googletest/src/gtest_main.cc
12: Note: Google Test filter = ConsistencyTest.PrimaryStopInitiatesHandshake
12: [==========] Running 1 test from 1 test suite.
12: [----------] Global test environment set-up.
12: [----------] 1 test from ConsistencyTest
12: [ RUN      ] ConsistencyTest.PrimaryStopInitiatesHandshake
12: Replica 1 connected.
12: [       OK ] ConsistencyTest.PrimaryStopInitiatesHandshake (2060 ms)
12: [----------] 1 test from ConsistencyTest (2060 ms total)
12: 
12: [----------] Global test environment tear-down
12: [==========] 1 test from 1 test suite ran. (2060 ms total)
12: [  PASSED  ] 1 test.
12/15 Test #12: ConsistencyTest.PrimaryStopInitiatesHandshake .......   Passed    2.09 sec
test 13
      Start 13: CorrectnessTest.MultithreadMultipageCorrectness

13: Test command: /Users/zeeshanqazi/Desktop/projects/Geryon/build/tests/geryon_tests "--gtest_filter=CorrectnessTest.MultithreadMultipageCorrectness" "--gtest_also_run_disabled_tests"
13: Working Directory: /Users/zeeshanqazi/Desktop/projects/Geryon/build/tests
13: Test timeout computed to be: 10000000
13: Running main() from /Users/zeeshanqazi/Desktop/projects/Geryon/build/_deps/googletest-src/googletest/src/gtest_main.cc
13: Note: Google Test filter = CorrectnessTest.MultithreadMultipageCorrectness
13: [==========] Running 1 test from 1 test suite.
13: [----------] Global test environment set-up.
13: [----------] 1 test from CorrectnessTest
13: [ RUN      ] CorrectnessTest.MultithreadMultipageCorrectness
13: Replica 1 connected.
13: Replica 2 connected.
13: Replica 3 connected.
13: [       OK ] CorrectnessTest.MultithreadMultipageCorrectness (2979 ms)
13: [----------] 1 test from CorrectnessTest (2979 ms total)
13: 
13: [----------] Global test environment tear-down
13: [==========] 1 test from 1 test suite ran. (2979 ms total)
13: [  PASSED  ] 1 test.
13/15 Test #13: CorrectnessTest.MultithreadMultipageCorrectness ....   Passed    3.01 sec
test 14
      Start 14: CorrectnessTest.MultiprocessMultipageCorrectness

14: Test command: /Users/zeeshanqazi/Desktop/projects/Geryon/build/tests/geryon_tests "--gtest_filter=CorrectnessTest.MultiprocessMultipageCorrectness" "--gtest_also_run_disabled_tests"
14: Working Directory: /Users/zeeshanqazi/Desktop/projects/Geryon/build/tests
14: Test timeout computed to be: 10000000
14: Running main() from /Users/zeeshanqazi/Desktop/projects/Geryon/build/_deps/googletest-src/googletest/src/gtest_main.cc
14: Note: Google Test filter = CorrectnessTest.MultiprocessMultipageCorrectness
14: [==========] Running 1 test from 1 test suite.
14: [----------] Global test environment set-up.
14: [----------] 1 test from CorrectnessTest
14: [ RUN      ] CorrectnessTest.MultiprocessMultipageCorrectness
14: Running main() from /Users/zeeshanqazi/Desktop/projects/Geryon/build/_deps/googletest-src/googletest/src/gtest_main.cc
14: Note: Google Test filter = CorrectnessTest.MultiprocessMultipageCorrectness
14: [==========] Running 1 test from 1 test suite.
14: [----------] Global test environment set-up.
14: [----------] 1 test from CorrectnessTest
14: [ RUN      ] CorrectnessTest.MultiprocessMultipageCorrectness
14: Replica 1 connected.
14: Running main() from /Users/zeeshanqazi/Desktop/projects/Geryon/build/_deps/googletest-src/googletest/src/gtest_main.cc
14: Note: Google Test filter = CorrectnessTest.MultiprocessMultipageCorrectness
14: [==========] Running 1 test from 1 test suite.
14: [----------] Global test environment set-up.
14: [----------] 1 test from CorrectnessTest
14: [ RUN      ] CorrectnessTest.MultiprocessMultipageCorrectness
14: Replica 2 connected.
14: Running main() from /Users/zeeshanqazi/Desktop/projects/Geryon/build/_deps/googletest-src/googletest/src/gtest_main.cc
14: Note: Google Test filter = CorrectnessTest.MultiprocessMultipageCorrectness
14: [==========] Running 1 test from 1 test suite.
14: [----------] Global test environment set-up.
14: [----------] 1 test from CorrectnessTest
14: [ RUN      ] CorrectnessTest.MultiprocessMultipageCorrectness
14: Replica 3 connected.
14: [       OK ] CorrectnessTest.MultiprocessMultipageCorrectness (2171 ms)
14: [----------] 1 test from CorrectnessTest (2171 ms total)
14: 
14: [----------] Global test environment tear-down
14: [==========] 1 test from 1 test suite ran. (2171 ms total)
14: [  PASSED  ] 1 test.
14/15 Test #14: CorrectnessTest.MultiprocessMultipageCorrectness ...   Passed    2.19 sec
test 15
      Start 15: DistributedSortTest.MultiprocessPiecewiseSort

15: Test command: /Users/zeeshanqazi/Desktop/projects/Geryon/build/tests/geryon_tests "--gtest_filter=DistributedSortTest.MultiprocessPiecewiseSort" "--gtest_also_run_disabled_tests"
15: Working Directory: /Users/zeeshanqazi/Desktop/projects/Geryon/build/tests
15: Test timeout computed to be: 10000000
15: Running main() from /Users/zeeshanqazi/Desktop/projects/Geryon/build/_deps/googletest-src/googletest/src/gtest_main.cc
15: Note: Google Test filter = DistributedSortTest.MultiprocessPiecewiseSort
15: [==========] Running 1 test from 1 test suite.
15: [----------] Global test environment set-up.
15: [----------] 1 test from DistributedSortTest
15: [ RUN      ] DistributedSortTest.MultiprocessPiecewiseSort
15: Running main() from /Users/zeeshanqazi/Desktop/projects/Geryon/build/_deps/googletest-src/googletest/src/gtest_main.cc
15: Note: Google Test filter = DistributedSortTest.MultiprocessPiecewiseSort
15: [==========] Running 1 test from 1 test suite.
15: [----------] Global test environment set-up.
15: [----------] 1 test from DistributedSortTest
15: [ RUN      ] DistributedSortTest.MultiprocessPiecewiseSort
15: Replica 1 connected.
15: Running main() from /Users/zeeshanqazi/Desktop/projects/Geryon/build/_deps/googletest-src/googletest/src/gtest_main.cc
15: Note: Google Test filter = DistributedSortTest.MultiprocessPiecewiseSort
15: [==========] Running 1 test from 1 test suite.
15: [----------] Global test environment set-up.
15: [----------] 1 test from DistributedSortTest
15: [ RUN      ] DistributedSortTest.MultiprocessPiecewiseSort
15: Replica 2 connected.
15: Running main() from /Users/zeeshanqazi/Desktop/projects/Geryon/build/_deps/googletest-src/googletest/src/gtest_main.cc
15: Note: Google Test filter = DistributedSortTest.MultiprocessPiecewiseSort
15: [==========] Running 1 test from 1 test suite.
15: [----------] Global test environment set-up.
15: [----------] 1 test from DistributedSortTest
15: [ RUN      ] DistributedSortTest.MultiprocessPiecewiseSort
15: Replica 3 connected.
15: [Primary] Pages Sent: 3671, Pages Received: 3670 | Avg Transfer Time: 2.79488 us | Avg Time Between Transfers: 206.079 us
15: [Replica 1] Pages Sent: 1323, Pages Received: 1324 | Avg Transfer Time: 2.77324 us | Avg Time Between Transfers: 1316.77 us
15: [Replica 2] Pages Sent: 1324, Pages Received: 1325 | Avg Transfer Time: 2.60121 us | Avg Time Between Transfers: 1316.68 us
15: [Replica 3] Pages Sent: 1323, Pages Received: 1324 | Avg Transfer Time: 2.61224 us | Avg Time Between Transfers: 1316.28 us
15: [       OK ] DistributedSortTest.MultiprocessPiecewiseSort (4437 ms)
15: [----------] 1 test from DistributedSortTest (4437 ms total)
15: 
15: [----------] Global test environment tear-down
15: [==========] 1 test from 1 test suite ran. (4437 ms total)
15: [  PASSED  ] 1 test.
15/15 Test #15: DistributedSortTest.MultiprocessPiecewiseSort ......   Passed    4.45 sec

100% tests passed, 0 tests failed out of 15

Total Test time (real) =  33.38 sec
macOS Run 13
Using Homebrew GCC 16: /opt/homebrew/bin/g++-16
CMake Warning (dev) at CMakeLists.txt:17 (find_package):
  Policy CMP0167 is not set: The FindBoost module is removed.  Run "cmake
  --help-policy CMP0167" for policy details.  Use the cmake_policy command to
  set the policy and suppress this warning.

This warning is for project developers.  Use -Wno-dev to suppress it.

-- git version: v1.8.3 normalized to 1.8.3
-- Google Benchmark version: 1.8.3
-- Performing Test HAVE_STD_REGEX -- success
-- Performing Test HAVE_GNU_POSIX_REGEX -- failed to compile
-- Performing Test HAVE_POSIX_REGEX -- success
-- Performing Test HAVE_STEADY_CLOCK -- success
-- Performing Test HAVE_PTHREAD_AFFINITY -- failed to compile
-- Configuring done (0.7s)
-- Generating done (0.0s)
-- Build files have been written to: /Users/zeeshanqazi/Desktop/projects/Geryon/build
[  4%] Built target gtest
[ 12%] Built target geryon
[ 17%] Built target gtest_main
[ 21%] Built target gmock
[ 63%] Built target benchmark
[ 68%] Built target gmock_main
[ 72%] Built target benchmark_main
[ 76%] Built target benchmark_page_transfer
[100%] Built target geryon_tests
Build complete. Executables are in build/tests/ and build/benchmarks/.
UpdateCTestConfiguration  from :/Users/zeeshanqazi/Desktop/projects/Geryon/build/DartConfiguration.tcl
Test project /Users/zeeshanqazi/Desktop/projects/Geryon/build
Constructing a list of tests
Done constructing a list of tests
Updating test list for fixtures
Added 0 tests to meet fixture requirements
Checking test dependency graph...
Checking test dependency graph end
test 1
      Start  1: MemoryRegionTest.AllocationAndPageSize

1: Test command: /Users/zeeshanqazi/Desktop/projects/Geryon/build/tests/geryon_tests "--gtest_filter=MemoryRegionTest.AllocationAndPageSize" "--gtest_also_run_disabled_tests"
1: Working Directory: /Users/zeeshanqazi/Desktop/projects/Geryon/build/tests
1: Test timeout computed to be: 10000000
1: Running main() from /Users/zeeshanqazi/Desktop/projects/Geryon/build/_deps/googletest-src/googletest/src/gtest_main.cc
1: Note: Google Test filter = MemoryRegionTest.AllocationAndPageSize
1: [==========] Running 1 test from 1 test suite.
1: [----------] Global test environment set-up.
1: [----------] 1 test from MemoryRegionTest
1: [ RUN      ] MemoryRegionTest.AllocationAndPageSize
1: [       OK ] MemoryRegionTest.AllocationAndPageSize (0 ms)
1: [----------] 1 test from MemoryRegionTest (0 ms total)
1: 
1: [----------] Global test environment tear-down
1: [==========] 1 test from 1 test suite ran. (0 ms total)
1: [  PASSED  ] 1 test.
 1/15 Test  #1: MemoryRegionTest.AllocationAndPageSize .............   Passed    0.01 sec
test 2
      Start  2: MemoryRegionTest.ProtectionChanges

2: Test command: /Users/zeeshanqazi/Desktop/projects/Geryon/build/tests/geryon_tests "--gtest_filter=MemoryRegionTest.ProtectionChanges" "--gtest_also_run_disabled_tests"
2: Working Directory: /Users/zeeshanqazi/Desktop/projects/Geryon/build/tests
2: Test timeout computed to be: 10000000
2: Running main() from /Users/zeeshanqazi/Desktop/projects/Geryon/build/_deps/googletest-src/googletest/src/gtest_main.cc
2: Note: Google Test filter = MemoryRegionTest.ProtectionChanges
2: [==========] Running 1 test from 1 test suite.
2: [----------] Global test environment set-up.
2: [----------] 1 test from MemoryRegionTest
2: [ RUN      ] MemoryRegionTest.ProtectionChanges
2: [       OK ] MemoryRegionTest.ProtectionChanges (29 ms)
2: [----------] 1 test from MemoryRegionTest (29 ms total)
2: 
2: [----------] Global test environment tear-down
2: [==========] 1 test from 1 test suite ran. (29 ms total)
2: [  PASSED  ] 1 test.
 2/15 Test  #2: MemoryRegionTest.ProtectionChanges .................   Passed    0.04 sec
test 3
      Start  3: FaultHandlerTest.SoftFaultHandling

3: Test command: /Users/zeeshanqazi/Desktop/projects/Geryon/build/tests/geryon_tests "--gtest_filter=FaultHandlerTest.SoftFaultHandling" "--gtest_also_run_disabled_tests"
3: Working Directory: /Users/zeeshanqazi/Desktop/projects/Geryon/build/tests
3: Test timeout computed to be: 10000000
3: Running main() from /Users/zeeshanqazi/Desktop/projects/Geryon/build/_deps/googletest-src/googletest/src/gtest_main.cc
3: Note: Google Test filter = FaultHandlerTest.SoftFaultHandling
3: [==========] Running 1 test from 1 test suite.
3: [----------] Global test environment set-up.
3: [----------] 1 test from FaultHandlerTest
3: [ RUN      ] FaultHandlerTest.SoftFaultHandling
3: [       OK ] FaultHandlerTest.SoftFaultHandling (0 ms)
3: [----------] 1 test from FaultHandlerTest (0 ms total)
3: 
3: [----------] Global test environment tear-down
3: [==========] 1 test from 1 test suite ran. (0 ms total)
3: [  PASSED  ] 1 test.
 3/15 Test  #3: FaultHandlerTest.SoftFaultHandling .................   Passed    0.01 sec
test 4
      Start  4: NetworkSyncTest.BouncingOwnership

4: Test command: /Users/zeeshanqazi/Desktop/projects/Geryon/build/tests/geryon_tests "--gtest_filter=NetworkSyncTest.BouncingOwnership" "--gtest_also_run_disabled_tests"
4: Working Directory: /Users/zeeshanqazi/Desktop/projects/Geryon/build/tests
4: Test timeout computed to be: 10000000
4: Running main() from /Users/zeeshanqazi/Desktop/projects/Geryon/build/_deps/googletest-src/googletest/src/gtest_main.cc
4: Note: Google Test filter = NetworkSyncTest.BouncingOwnership
4: [==========] Running 1 test from 1 test suite.
4: [----------] Global test environment set-up.
4: [----------] 1 test from NetworkSyncTest
4: [ RUN      ] NetworkSyncTest.BouncingOwnership
4: Replica 1 connected.
4: [       OK ] NetworkSyncTest.BouncingOwnership (2112 ms)
4: [----------] 1 test from NetworkSyncTest (2112 ms total)
4: 
4: [----------] Global test environment tear-down
4: [==========] 1 test from 1 test suite ran. (2112 ms total)
4: [  PASSED  ] 1 test.
 4/15 Test  #4: NetworkSyncTest.BouncingOwnership ..................   Passed    2.12 sec
test 5
      Start  5: NetworkSyncTest.StressTest

5: Test command: /Users/zeeshanqazi/Desktop/projects/Geryon/build/tests/geryon_tests "--gtest_filter=NetworkSyncTest.StressTest" "--gtest_also_run_disabled_tests"
5: Working Directory: /Users/zeeshanqazi/Desktop/projects/Geryon/build/tests
5: Test timeout computed to be: 10000000
5: Running main() from /Users/zeeshanqazi/Desktop/projects/Geryon/build/_deps/googletest-src/googletest/src/gtest_main.cc
5: Note: Google Test filter = NetworkSyncTest.StressTest
5: [==========] Running 1 test from 1 test suite.
5: [----------] Global test environment set-up.
5: [----------] 1 test from NetworkSyncTest
5: [ RUN      ] NetworkSyncTest.StressTest
5: Replica 1 connected.
5: [       OK ] NetworkSyncTest.StressTest (2134 ms)
5: [----------] 1 test from NetworkSyncTest (2134 ms total)
5: 
5: [----------] Global test environment tear-down
5: [==========] 1 test from 1 test suite ran. (2134 ms total)
5: [  PASSED  ] 1 test.
 5/15 Test  #5: NetworkSyncTest.StressTest .........................   Passed    2.16 sec
test 6
      Start  6: MultiClientTest.StarTopologyBouncing

6: Test command: /Users/zeeshanqazi/Desktop/projects/Geryon/build/tests/geryon_tests "--gtest_filter=MultiClientTest.StarTopologyBouncing" "--gtest_also_run_disabled_tests"
6: Working Directory: /Users/zeeshanqazi/Desktop/projects/Geryon/build/tests
6: Test timeout computed to be: 10000000
6: Running main() from /Users/zeeshanqazi/Desktop/projects/Geryon/build/_deps/googletest-src/googletest/src/gtest_main.cc
6: Note: Google Test filter = MultiClientTest.StarTopologyBouncing
6: [==========] Running 1 test from 1 test suite.
6: [----------] Global test environment set-up.
6: [----------] 1 test from MultiClientTest
6: [ RUN      ] MultiClientTest.StarTopologyBouncing
6: Replica 1 connected.
6: Replica 2 connected.
6: Replica 3 connected.
6: [       OK ] MultiClientTest.StarTopologyBouncing (6406 ms)
6: [----------] 1 test from MultiClientTest (6406 ms total)
6: 
6: [----------] Global test environment tear-down
6: [==========] 1 test from 1 test suite ran. (6406 ms total)
6: [  PASSED  ] 1 test.
 6/15 Test  #6: MultiClientTest.StarTopologyBouncing ...............   Passed    6.43 sec
test 7
      Start  7: SynchronizationTest.DistributedSpinLock

7: Test command: /Users/zeeshanqazi/Desktop/projects/Geryon/build/tests/geryon_tests "--gtest_filter=SynchronizationTest.DistributedSpinLock" "--gtest_also_run_disabled_tests"
7: Working Directory: /Users/zeeshanqazi/Desktop/projects/Geryon/build/tests
7: Test timeout computed to be: 10000000
7: Running main() from /Users/zeeshanqazi/Desktop/projects/Geryon/build/_deps/googletest-src/googletest/src/gtest_main.cc
7: Note: Google Test filter = SynchronizationTest.DistributedSpinLock
7: [==========] Running 1 test from 1 test suite.
7: [----------] Global test environment set-up.
7: [----------] 1 test from SynchronizationTest
7: [ RUN      ] SynchronizationTest.DistributedSpinLock
7: Replica 1 connected.
7: Primary finished.
7: Replica finished.
7: [       OK ] SynchronizationTest.DistributedSpinLock (2138 ms)
7: [----------] 1 test from SynchronizationTest (2138 ms total)
7: 
7: [----------] Global test environment tear-down
7: [==========] 1 test from 1 test suite ran. (2138 ms total)
7: [  PASSED  ] 1 test.
 7/15 Test  #7: SynchronizationTest.DistributedSpinLock ............   Passed    2.17 sec
test 8
      Start  8: InterprocessTest.SharedVector

8: Test command: /Users/zeeshanqazi/Desktop/projects/Geryon/build/tests/geryon_tests "--gtest_filter=InterprocessTest.SharedVector" "--gtest_also_run_disabled_tests"
8: Working Directory: /Users/zeeshanqazi/Desktop/projects/Geryon/build/tests
8: Test timeout computed to be: 10000000
8: Running main() from /Users/zeeshanqazi/Desktop/projects/Geryon/build/_deps/googletest-src/googletest/src/gtest_main.cc
8: Note: Google Test filter = InterprocessTest.SharedVector
8: [==========] Running 1 test from 1 test suite.
8: [----------] Global test environment set-up.
8: [----------] 1 test from InterprocessTest
8: [ RUN      ] InterprocessTest.SharedVector
8: Replica 1 connected.
8: [       OK ] InterprocessTest.SharedVector (2116 ms)
8: [----------] 1 test from InterprocessTest (2116 ms total)
8: 
8: [----------] Global test environment tear-down
8: [==========] 1 test from 1 test suite ran. (2116 ms total)
8: [  PASSED  ] 1 test.
 8/15 Test  #8: InterprocessTest.SharedVector ......................   Passed    2.14 sec
test 9
      Start  9: MemnonIntegrationTest.SegmentedInterprocess

9: Test command: /Users/zeeshanqazi/Desktop/projects/Geryon/build/tests/geryon_tests "--gtest_filter=MemnonIntegrationTest.SegmentedInterprocess" "--gtest_also_run_disabled_tests"
9: Working Directory: /Users/zeeshanqazi/Desktop/projects/Geryon/build/tests
9: Test timeout computed to be: 10000000
9: Running main() from /Users/zeeshanqazi/Desktop/projects/Geryon/build/_deps/googletest-src/googletest/src/gtest_main.cc
9: Note: Google Test filter = MemnonIntegrationTest.SegmentedInterprocess
9: [==========] Running 1 test from 1 test suite.
9: [----------] Global test environment set-up.
9: [----------] 1 test from MemnonIntegrationTest
9: [ RUN      ] MemnonIntegrationTest.SegmentedInterprocess
9: Replica 1 connected.
9: [       OK ] MemnonIntegrationTest.SegmentedInterprocess (2121 ms)
9: [----------] 1 test from MemnonIntegrationTest (2121 ms total)
9: 
9: [----------] Global test environment tear-down
9: [==========] 1 test from 1 test suite ran. (2121 ms total)
9: [  PASSED  ] 1 test.
 9/15 Test  #9: MemnonIntegrationTest.SegmentedInterprocess ........   Passed    2.13 sec
test 10
      Start 10: ConsistencyTest.TriggerSynchronization

10: Test command: /Users/zeeshanqazi/Desktop/projects/Geryon/build/tests/geryon_tests "--gtest_filter=ConsistencyTest.TriggerSynchronization" "--gtest_also_run_disabled_tests"
10: Working Directory: /Users/zeeshanqazi/Desktop/projects/Geryon/build/tests
10: Test timeout computed to be: 10000000
10: Running main() from /Users/zeeshanqazi/Desktop/projects/Geryon/build/_deps/googletest-src/googletest/src/gtest_main.cc
10: Note: Google Test filter = ConsistencyTest.TriggerSynchronization
10: [==========] Running 1 test from 1 test suite.
10: [----------] Global test environment set-up.
10: [----------] 1 test from ConsistencyTest
10: [ RUN      ] ConsistencyTest.TriggerSynchronization
10: Starting primary...
10: Primary started.
10: Starting replica...
10: Replica started.
10: Replica 1 connected.
10: Simulating replica page request 1
10: Simulating replica page request 2
10: Replica writing to pages
10: Primary triggering synchronization
10: Primary checking consistency
10: Stopping nodes
10: Test complete
10: [       OK ] ConsistencyTest.TriggerSynchronization (2164 ms)
10: [----------] 1 test from ConsistencyTest (2164 ms total)
10: 
10: [----------] Global test environment tear-down
10: [==========] 1 test from 1 test suite ran. (2164 ms total)
10: [  PASSED  ] 1 test.
10/15 Test #10: ConsistencyTest.TriggerSynchronization .............   Passed    2.19 sec
test 11
      Start 11: ConsistencyTest.ReplicaStopFlushesData

11: Test command: /Users/zeeshanqazi/Desktop/projects/Geryon/build/tests/geryon_tests "--gtest_filter=ConsistencyTest.ReplicaStopFlushesData" "--gtest_also_run_disabled_tests"
11: Working Directory: /Users/zeeshanqazi/Desktop/projects/Geryon/build/tests
11: Test timeout computed to be: 10000000
11: Running main() from /Users/zeeshanqazi/Desktop/projects/Geryon/build/_deps/googletest-src/googletest/src/gtest_main.cc
11: Note: Google Test filter = ConsistencyTest.ReplicaStopFlushesData
11: [==========] Running 1 test from 1 test suite.
11: [----------] Global test environment set-up.
11: [----------] 1 test from ConsistencyTest
11: [ RUN      ] ConsistencyTest.ReplicaStopFlushesData
11: Replica 1 connected.
11: [       OK ] ConsistencyTest.ReplicaStopFlushesData (2161 ms)
11: [----------] 1 test from ConsistencyTest (2161 ms total)
11: 
11: [----------] Global test environment tear-down
11: [==========] 1 test from 1 test suite ran. (2161 ms total)
11: [  PASSED  ] 1 test.
11/15 Test #11: ConsistencyTest.ReplicaStopFlushesData ...............   Passed    2.19 sec
test 12
      Start 12: ConsistencyTest.PrimaryStopInitiatesHandshake

12: Test command: /Users/zeeshanqazi/Desktop/projects/Geryon/build/tests/geryon_tests "--gtest_filter=ConsistencyTest.PrimaryStopInitiatesHandshake" "--gtest_also_run_disabled_tests"
12: Working Directory: /Users/zeeshanqazi/Desktop/projects/Geryon/build/tests
12: Test timeout computed to be: 10000000
12: Running main() from /Users/zeeshanqazi/Desktop/projects/Geryon/build/_deps/googletest-src/googletest/src/gtest_main.cc
12: Note: Google Test filter = ConsistencyTest.PrimaryStopInitiatesHandshake
12: [==========] Running 1 test from 1 test suite.
12: [----------] Global test environment set-up.
12: [----------] 1 test from ConsistencyTest
12: [ RUN      ] ConsistencyTest.PrimaryStopInitiatesHandshake
12: Replica 1 connected.
12: [       OK ] ConsistencyTest.PrimaryStopInitiatesHandshake (2062 ms)
12: [----------] 1 test from ConsistencyTest (2062 ms total)
12: 
12: [----------] Global test environment tear-down
12: [==========] 1 test from 1 test suite ran. (2062 ms total)
12: [  PASSED  ] 1 test.
12/15 Test #12: ConsistencyTest.PrimaryStopInitiatesHandshake .......   Passed    2.09 sec
test 13
      Start 13: CorrectnessTest.MultithreadMultipageCorrectness

13: Test command: /Users/zeeshanqazi/Desktop/projects/Geryon/build/tests/geryon_tests "--gtest_filter=CorrectnessTest.MultithreadMultipageCorrectness" "--gtest_also_run_disabled_tests"
13: Working Directory: /Users/zeeshanqazi/Desktop/projects/Geryon/build/tests
13: Test timeout computed to be: 10000000
13: Running main() from /Users/zeeshanqazi/Desktop/projects/Geryon/build/_deps/googletest-src/googletest/src/gtest_main.cc
13: Note: Google Test filter = CorrectnessTest.MultithreadMultipageCorrectness
13: [==========] Running 1 test from 1 test suite.
13: [----------] Global test environment set-up.
13: [----------] 1 test from CorrectnessTest
13: [ RUN      ] CorrectnessTest.MultithreadMultipageCorrectness
13: Replica 1 connected.
13: Replica 2 connected.
13: Replica 3 connected.
13: [       OK ] CorrectnessTest.MultithreadMultipageCorrectness (2973 ms)
13: [----------] 1 test from CorrectnessTest (2973 ms total)
13: 
13: [----------] Global test environment tear-down
13: [==========] 1 test from 1 test suite ran. (2973 ms total)
13: [  PASSED  ] 1 test.
13/15 Test #13: CorrectnessTest.MultithreadMultipageCorrectness ....   Passed    3.00 sec
test 14
      Start 14: CorrectnessTest.MultiprocessMultipageCorrectness

14: Test command: /Users/zeeshanqazi/Desktop/projects/Geryon/build/tests/geryon_tests "--gtest_filter=CorrectnessTest.MultiprocessMultipageCorrectness" "--gtest_also_run_disabled_tests"
14: Working Directory: /Users/zeeshanqazi/Desktop/projects/Geryon/build/tests
14: Test timeout computed to be: 10000000
14: Running main() from /Users/zeeshanqazi/Desktop/projects/Geryon/build/_deps/googletest-src/googletest/src/gtest_main.cc
14: Note: Google Test filter = CorrectnessTest.MultiprocessMultipageCorrectness
14: [==========] Running 1 test from 1 test suite.
14: [----------] Global test environment set-up.
14: [----------] 1 test from CorrectnessTest
14: [ RUN      ] CorrectnessTest.MultiprocessMultipageCorrectness
14: Running main() from /Users/zeeshanqazi/Desktop/projects/Geryon/build/_deps/googletest-src/googletest/src/gtest_main.cc
14: Note: Google Test filter = CorrectnessTest.MultiprocessMultipageCorrectness
14: [==========] Running 1 test from 1 test suite.
14: [----------] Global test environment set-up.
14: [----------] 1 test from CorrectnessTest
14: [ RUN      ] CorrectnessTest.MultiprocessMultipageCorrectness
14: Replica 1 connected.
14: Running main() from /Users/zeeshanqazi/Desktop/projects/Geryon/build/_deps/googletest-src/googletest/src/gtest_main.cc
14: Note: Google Test filter = CorrectnessTest.MultiprocessMultipageCorrectness
14: [==========] Running 1 test from 1 test suite.
14: [----------] Global test environment set-up.
14: [----------] 1 test from CorrectnessTest
14: [ RUN      ] CorrectnessTest.MultiprocessMultipageCorrectness
14: Replica 2 connected.
14: Running main() from /Users/zeeshanqazi/Desktop/projects/Geryon/build/_deps/googletest-src/googletest/src/gtest_main.cc
14: Note: Google Test filter = CorrectnessTest.MultiprocessMultipageCorrectness
14: [==========] Running 1 test from 1 test suite.
14: [----------] Global test environment set-up.
14: [----------] 1 test from CorrectnessTest
14: [ RUN      ] CorrectnessTest.MultiprocessMultipageCorrectness
14: Replica 3 connected.
14: [       OK ] CorrectnessTest.MultiprocessMultipageCorrectness (2168 ms)
14: [----------] 1 test from CorrectnessTest (2168 ms total)
14: 
14: [----------] Global test environment tear-down
14: [==========] 1 test from 1 test suite ran. (2168 ms total)
14: [  PASSED  ] 1 test.
14/15 Test #14: CorrectnessTest.MultiprocessMultipageCorrectness ...   Passed    2.19 sec
test 15
      Start 15: DistributedSortTest.MultiprocessPiecewiseSort

15: Test command: /Users/zeeshanqazi/Desktop/projects/Geryon/build/tests/geryon_tests "--gtest_filter=DistributedSortTest.MultiprocessPiecewiseSort" "--gtest_also_run_disabled_tests"
15: Working Directory: /Users/zeeshanqazi/Desktop/projects/Geryon/build/tests
15: Test timeout computed to be: 10000000
15: Running main() from /Users/zeeshanqazi/Desktop/projects/Geryon/build/_deps/googletest-src/googletest/src/gtest_main.cc
15: Note: Google Test filter = DistributedSortTest.MultiprocessPiecewiseSort
15: [==========] Running 1 test from 1 test suite.
15: [----------] Global test environment set-up.
15: [----------] 1 test from DistributedSortTest
15: [ RUN      ] DistributedSortTest.MultiprocessPiecewiseSort
15: Running main() from /Users/zeeshanqazi/Desktop/projects/Geryon/build/_deps/googletest-src/googletest/src/gtest_main.cc
15: Note: Google Test filter = DistributedSortTest.MultiprocessPiecewiseSort
15: [==========] Running 1 test from 1 test suite.
15: [----------] Global test environment set-up.
15: [----------] 1 test from DistributedSortTest
15: [ RUN      ] DistributedSortTest.MultiprocessPiecewiseSort
15: Replica 1 connected.
15: Running main() from /Users/zeeshanqazi/Desktop/projects/Geryon/build/_deps/googletest-src/googletest/src/gtest_main.cc
15: Note: Google Test filter = DistributedSortTest.MultiprocessPiecewiseSort
15: [==========] Running 1 test from 1 test suite.
15: [----------] Global test environment set-up.
15: [----------] 1 test from DistributedSortTest
15: [ RUN      ] DistributedSortTest.MultiprocessPiecewiseSort
15: Replica 2 connected.
15: Running main() from /Users/zeeshanqazi/Desktop/projects/Geryon/build/_deps/googletest-src/googletest/src/gtest_main.cc
15: Note: Google Test filter = DistributedSortTest.MultiprocessPiecewiseSort
15: [==========] Running 1 test from 1 test suite.
15: [----------] Global test environment set-up.
15: [----------] 1 test from DistributedSortTest
15: [ RUN      ] DistributedSortTest.MultiprocessPiecewiseSort
15: Replica 3 connected.
15: [Primary] Pages Sent: 3671, Pages Received: 3670 | Avg Transfer Time: 2.76355 us | Avg Time Between Transfers: 221.918 us
15: [Replica 2] Pages Sent: 1320, Pages Received: 1321 | Avg Transfer Time: 2.82348 us | Avg Time Between Transfers: 1362.85 us
15: [Replica 1] Pages Sent: 1322, Pages Received: 1323 | Avg Transfer Time: 3.0174 us | Avg Time Between Transfers: 1361.19 us
15: [Replica 3] Pages Sent: 1323, Pages Received: 1324 | Avg Transfer Time: 2.65004 us | Avg Time Between Transfers: 1367.35 us
15: [       OK ] DistributedSortTest.MultiprocessPiecewiseSort (4517 ms)
15: [----------] 1 test from DistributedSortTest (4517 ms total)
15: 
15: [----------] Global test environment tear-down
15: [==========] 1 test from 1 test suite ran. (4517 ms total)
15: [  PASSED  ] 1 test.
15/15 Test #15: DistributedSortTest.MultiprocessPiecewiseSort ......   Passed    4.54 sec

100% tests passed, 0 tests failed out of 15

Total Test time (real) =  33.44 sec
macOS Run 14
Using Homebrew GCC 16: /opt/homebrew/bin/g++-16
CMake Warning (dev) at CMakeLists.txt:17 (find_package):
  Policy CMP0167 is not set: The FindBoost module is removed.  Run "cmake
  --help-policy CMP0167" for policy details.  Use the cmake_policy command to
  set the policy and suppress this warning.

This warning is for project developers.  Use -Wno-dev to suppress it.

-- git version: v1.8.3 normalized to 1.8.3
-- Google Benchmark version: 1.8.3
-- Performing Test HAVE_STD_REGEX -- success
-- Performing Test HAVE_GNU_POSIX_REGEX -- failed to compile
-- Performing Test HAVE_POSIX_REGEX -- success
-- Performing Test HAVE_STEADY_CLOCK -- success
-- Performing Test HAVE_PTHREAD_AFFINITY -- failed to compile
-- Configuring done (0.7s)
-- Generating done (0.0s)
-- Build files have been written to: /Users/zeeshanqazi/Desktop/projects/Geryon/build
[  4%] Built target gtest
[ 12%] Built target geryon
[ 21%] Built target gmock
[ 21%] Built target gtest_main
[ 63%] Built target benchmark
[ 68%] Built target gmock_main
[ 72%] Built target benchmark_main
[ 76%] Built target benchmark_page_transfer
[100%] Built target geryon_tests
Build complete. Executables are in build/tests/ and build/benchmarks/.
UpdateCTestConfiguration  from :/Users/zeeshanqazi/Desktop/projects/Geryon/build/DartConfiguration.tcl
Test project /Users/zeeshanqazi/Desktop/projects/Geryon/build
Constructing a list of tests
Done constructing a list of tests
Updating test list for fixtures
Added 0 tests to meet fixture requirements
Checking test dependency graph...
Checking test dependency graph end
test 1
      Start  1: MemoryRegionTest.AllocationAndPageSize

1: Test command: /Users/zeeshanqazi/Desktop/projects/Geryon/build/tests/geryon_tests "--gtest_filter=MemoryRegionTest.AllocationAndPageSize" "--gtest_also_run_disabled_tests"
1: Working Directory: /Users/zeeshanqazi/Desktop/projects/Geryon/build/tests
1: Test timeout computed to be: 10000000
1: Running main() from /Users/zeeshanqazi/Desktop/projects/Geryon/build/_deps/googletest-src/googletest/src/gtest_main.cc
1: Note: Google Test filter = MemoryRegionTest.AllocationAndPageSize
1: [==========] Running 1 test from 1 test suite.
1: [----------] Global test environment set-up.
1: [----------] 1 test from MemoryRegionTest
1: [ RUN      ] MemoryRegionTest.AllocationAndPageSize
1: [       OK ] MemoryRegionTest.AllocationAndPageSize (0 ms)
1: [----------] 1 test from MemoryRegionTest (0 ms total)
1: 
1: [----------] Global test environment tear-down
1: [==========] 1 test from 1 test suite ran. (0 ms total)
1: [  PASSED  ] 1 test.
 1/15 Test  #1: MemoryRegionTest.AllocationAndPageSize .............   Passed    0.01 sec
test 2
      Start  2: MemoryRegionTest.ProtectionChanges

2: Test command: /Users/zeeshanqazi/Desktop/projects/Geryon/build/tests/geryon_tests "--gtest_filter=MemoryRegionTest.ProtectionChanges" "--gtest_also_run_disabled_tests"
2: Working Directory: /Users/zeeshanqazi/Desktop/projects/Geryon/build/tests
2: Test timeout computed to be: 10000000
2: Running main() from /Users/zeeshanqazi/Desktop/projects/Geryon/build/_deps/googletest-src/googletest/src/gtest_main.cc
2: Note: Google Test filter = MemoryRegionTest.ProtectionChanges
2: [==========] Running 1 test from 1 test suite.
2: [----------] Global test environment set-up.
2: [----------] 1 test from MemoryRegionTest
2: [ RUN      ] MemoryRegionTest.ProtectionChanges
2: [       OK ] MemoryRegionTest.ProtectionChanges (29 ms)
2: [----------] 1 test from MemoryRegionTest (29 ms total)
2: 
2: [----------] Global test environment tear-down
2: [==========] 1 test from 1 test suite ran. (29 ms total)
2: [  PASSED  ] 1 test.
 2/15 Test  #2: MemoryRegionTest.ProtectionChanges .................   Passed    0.04 sec
test 3
      Start  3: FaultHandlerTest.SoftFaultHandling

3: Test command: /Users/zeeshanqazi/Desktop/projects/Geryon/build/tests/geryon_tests "--gtest_filter=FaultHandlerTest.SoftFaultHandling" "--gtest_also_run_disabled_tests"
3: Working Directory: /Users/zeeshanqazi/Desktop/projects/Geryon/build/tests
3: Test timeout computed to be: 10000000
3: Running main() from /Users/zeeshanqazi/Desktop/projects/Geryon/build/_deps/googletest-src/googletest/src/gtest_main.cc
3: Note: Google Test filter = FaultHandlerTest.SoftFaultHandling
3: [==========] Running 1 test from 1 test suite.
3: [----------] Global test environment set-up.
3: [----------] 1 test from FaultHandlerTest
3: [ RUN      ] FaultHandlerTest.SoftFaultHandling
3: [       OK ] FaultHandlerTest.SoftFaultHandling (0 ms)
3: [----------] 1 test from FaultHandlerTest (0 ms total)
3: 
3: [----------] Global test environment tear-down
3: [==========] 1 test from 1 test suite ran. (0 ms total)
3: [  PASSED  ] 1 test.
 3/15 Test  #3: FaultHandlerTest.SoftFaultHandling .................   Passed    0.01 sec
test 4
      Start  4: NetworkSyncTest.BouncingOwnership

4: Test command: /Users/zeeshanqazi/Desktop/projects/Geryon/build/tests/geryon_tests "--gtest_filter=NetworkSyncTest.BouncingOwnership" "--gtest_also_run_disabled_tests"
4: Working Directory: /Users/zeeshanqazi/Desktop/projects/Geryon/build/tests
4: Test timeout computed to be: 10000000
4: Running main() from /Users/zeeshanqazi/Desktop/projects/Geryon/build/_deps/googletest-src/googletest/src/gtest_main.cc
4: Note: Google Test filter = NetworkSyncTest.BouncingOwnership
4: [==========] Running 1 test from 1 test suite.
4: [----------] Global test environment set-up.
4: [----------] 1 test from NetworkSyncTest
4: [ RUN      ] NetworkSyncTest.BouncingOwnership
4: Replica 1 connected.
4: [       OK ] NetworkSyncTest.BouncingOwnership (2116 ms)
4: [----------] 1 test from NetworkSyncTest (2116 ms total)
4: 
4: [----------] Global test environment tear-down
4: [==========] 1 test from 1 test suite ran. (2116 ms total)
4: [  PASSED  ] 1 test.
 4/15 Test  #4: NetworkSyncTest.BouncingOwnership ..................   Passed    2.13 sec
test 5
      Start  5: NetworkSyncTest.StressTest

5: Test command: /Users/zeeshanqazi/Desktop/projects/Geryon/build/tests/geryon_tests "--gtest_filter=NetworkSyncTest.StressTest" "--gtest_also_run_disabled_tests"
5: Working Directory: /Users/zeeshanqazi/Desktop/projects/Geryon/build/tests
5: Test timeout computed to be: 10000000
5: Running main() from /Users/zeeshanqazi/Desktop/projects/Geryon/build/_deps/googletest-src/googletest/src/gtest_main.cc
5: Note: Google Test filter = NetworkSyncTest.StressTest
5: [==========] Running 1 test from 1 test suite.
5: [----------] Global test environment set-up.
5: [----------] 1 test from NetworkSyncTest
5: [ RUN      ] NetworkSyncTest.StressTest
5: Replica 1 connected.
5: [       OK ] NetworkSyncTest.StressTest (2131 ms)
5: [----------] 1 test from NetworkSyncTest (2131 ms total)
5: 
5: [----------] Global test environment tear-down
5: [==========] 1 test from 1 test suite ran. (2131 ms total)
5: [  PASSED  ] 1 test.
 5/15 Test  #5: NetworkSyncTest.StressTest .........................   Passed    2.16 sec
test 6
      Start  6: MultiClientTest.StarTopologyBouncing

6: Test command: /Users/zeeshanqazi/Desktop/projects/Geryon/build/tests/geryon_tests "--gtest_filter=MultiClientTest.StarTopologyBouncing" "--gtest_also_run_disabled_tests"
6: Working Directory: /Users/zeeshanqazi/Desktop/projects/Geryon/build/tests
6: Test timeout computed to be: 10000000
6: Running main() from /Users/zeeshanqazi/Desktop/projects/Geryon/build/_deps/googletest-src/googletest/src/gtest_main.cc
6: Note: Google Test filter = MultiClientTest.StarTopologyBouncing
6: [==========] Running 1 test from 1 test suite.
6: [----------] Global test environment set-up.
6: [----------] 1 test from MultiClientTest
6: [ RUN      ] MultiClientTest.StarTopologyBouncing
6: Replica 1 connected.
6: Replica 2 connected.
6: Replica 3 connected.
6: [       OK ] MultiClientTest.StarTopologyBouncing (6426 ms)
6: [----------] 1 test from MultiClientTest (6426 ms total)
6: 
6: [----------] Global test environment tear-down
6: [==========] 1 test from 1 test suite ran. (6426 ms total)
6: [  PASSED  ] 1 test.
 6/15 Test  #6: MultiClientTest.StarTopologyBouncing ...............   Passed    6.46 sec
test 7
      Start  7: SynchronizationTest.DistributedSpinLock

7: Test command: /Users/zeeshanqazi/Desktop/projects/Geryon/build/tests/geryon_tests "--gtest_filter=SynchronizationTest.DistributedSpinLock" "--gtest_also_run_disabled_tests"
7: Working Directory: /Users/zeeshanqazi/Desktop/projects/Geryon/build/tests
7: Test timeout computed to be: 10000000
7: Running main() from /Users/zeeshanqazi/Desktop/projects/Geryon/build/_deps/googletest-src/googletest/src/gtest_main.cc
7: Note: Google Test filter = SynchronizationTest.DistributedSpinLock
7: [==========] Running 1 test from 1 test suite.
7: [----------] Global test environment set-up.
7: [----------] 1 test from SynchronizationTest
7: [ RUN      ] SynchronizationTest.DistributedSpinLock
7: Replica 1 connected.
7: Replica finished.
7: Primary finished.
7: [       OK ] SynchronizationTest.DistributedSpinLock (2151 ms)
7: [----------] 1 test from SynchronizationTest (2151 ms total)
7: 
7: [----------] Global test environment tear-down
7: [==========] 1 test from 1 test suite ran. (2151 ms total)
7: [  PASSED  ] 1 test.
 7/15 Test  #7: SynchronizationTest.DistributedSpinLock ............   Passed    2.17 sec
test 8
      Start  8: InterprocessTest.SharedVector

8: Test command: /Users/zeeshanqazi/Desktop/projects/Geryon/build/tests/geryon_tests "--gtest_filter=InterprocessTest.SharedVector" "--gtest_also_run_disabled_tests"
8: Working Directory: /Users/zeeshanqazi/Desktop/projects/Geryon/build/tests
8: Test timeout computed to be: 10000000
8: Running main() from /Users/zeeshanqazi/Desktop/projects/Geryon/build/_deps/googletest-src/googletest/src/gtest_main.cc
8: Note: Google Test filter = InterprocessTest.SharedVector
8: [==========] Running 1 test from 1 test suite.
8: [----------] Global test environment set-up.
8: [----------] 1 test from InterprocessTest
8: [ RUN      ] InterprocessTest.SharedVector
8: Replica 1 connected.
8: [       OK ] InterprocessTest.SharedVector (2127 ms)
8: [----------] 1 test from InterprocessTest (2127 ms total)
8: 
8: [----------] Global test environment tear-down
8: [==========] 1 test from 1 test suite ran. (2127 ms total)
8: [  PASSED  ] 1 test.
 8/15 Test  #8: InterprocessTest.SharedVector ......................   Passed    2.15 sec
test 9
      Start  9: MemnonIntegrationTest.SegmentedInterprocess

9: Test command: /Users/zeeshanqazi/Desktop/projects/Geryon/build/tests/geryon_tests "--gtest_filter=MemnonIntegrationTest.SegmentedInterprocess" "--gtest_also_run_disabled_tests"
9: Working Directory: /Users/zeeshanqazi/Desktop/projects/Geryon/build/tests
9: Test timeout computed to be: 10000000
9: Running main() from /Users/zeeshanqazi/Desktop/projects/Geryon/build/_deps/googletest-src/googletest/src/gtest_main.cc
9: Note: Google Test filter = MemnonIntegrationTest.SegmentedInterprocess
9: [==========] Running 1 test from 1 test suite.
9: [----------] Global test environment set-up.
9: [----------] 1 test from MemnonIntegrationTest
9: [ RUN      ] MemnonIntegrationTest.SegmentedInterprocess
9: Replica 1 connected.
9: [       OK ] MemnonIntegrationTest.SegmentedInterprocess (2129 ms)
9: [----------] 1 test from MemnonIntegrationTest (2129 ms total)
9: 
9: [----------] Global test environment tear-down
9: [==========] 1 test from 1 test suite ran. (2129 ms total)
9: [  PASSED  ] 1 test.
 9/15 Test  #9: MemnonIntegrationTest.SegmentedInterprocess ........   Passed    2.15 sec
test 10
      Start 10: ConsistencyTest.TriggerSynchronization

10: Test command: /Users/zeeshanqazi/Desktop/projects/Geryon/build/tests/geryon_tests "--gtest_filter=ConsistencyTest.TriggerSynchronization" "--gtest_also_run_disabled_tests"
10: Working Directory: /Users/zeeshanqazi/Desktop/projects/Geryon/build/tests
10: Test timeout computed to be: 10000000
10: Running main() from /Users/zeeshanqazi/Desktop/projects/Geryon/build/_deps/googletest-src/googletest/src/gtest_main.cc
10: Note: Google Test filter = ConsistencyTest.TriggerSynchronization
10: [==========] Running 1 test from 1 test suite.
10: [----------] Global test environment set-up.
10: [----------] 1 test from ConsistencyTest
10: [ RUN      ] ConsistencyTest.TriggerSynchronization
10: Starting primary...
10: Primary started.
10: Starting replica...
10: Replica started.
10: Replica 1 connected.
10: Simulating replica page request 1
10: Simulating replica page request 2
10: Replica writing to pages
10: Primary triggering synchronization
10: Primary checking consistency
10: Stopping nodes
10: Test complete
10: [       OK ] ConsistencyTest.TriggerSynchronization (2181 ms)
10: [----------] 1 test from ConsistencyTest (2181 ms total)
10: 
10: [----------] Global test environment tear-down
10: [==========] 1 test from 1 test suite ran. (2181 ms total)
10: [  PASSED  ] 1 test.
10/15 Test #10: ConsistencyTest.TriggerSynchronization .............   Passed    2.21 sec
test 11
      Start 11: ConsistencyTest.ReplicaStopFlushesData

11: Test command: /Users/zeeshanqazi/Desktop/projects/Geryon/build/tests/geryon_tests "--gtest_filter=ConsistencyTest.ReplicaStopFlushesData" "--gtest_also_run_disabled_tests"
11: Working Directory: /Users/zeeshanqazi/Desktop/projects/Geryon/build/tests
11: Test timeout computed to be: 10000000
11: Running main() from /Users/zeeshanqazi/Desktop/projects/Geryon/build/_deps/googletest-src/googletest/src/gtest_main.cc
11: Note: Google Test filter = ConsistencyTest.ReplicaStopFlushesData
11: [==========] Running 1 test from 1 test suite.
11: [----------] Global test environment set-up.
11: [----------] 1 test from ConsistencyTest
11: [ RUN      ] ConsistencyTest.ReplicaStopFlushesData
11: Replica 1 connected.
11: [       OK ] ConsistencyTest.ReplicaStopFlushesData (2171 ms)
11: [----------] 1 test from ConsistencyTest (2171 ms total)
11: 
11: [----------] Global test environment tear-down
11: [==========] 1 test from 1 test suite ran. (2172 ms total)
11: [  PASSED  ] 1 test.
11/15 Test #11: ConsistencyTest.ReplicaStopFlushesData ...............   Passed    2.20 sec
test 12
      Start 12: ConsistencyTest.PrimaryStopInitiatesHandshake

12: Test command: /Users/zeeshanqazi/Desktop/projects/Geryon/build/tests/geryon_tests "--gtest_filter=ConsistencyTest.PrimaryStopInitiatesHandshake" "--gtest_also_run_disabled_tests"
12: Working Directory: /Users/zeeshanqazi/Desktop/projects/Geryon/build/tests
12: Test timeout computed to be: 10000000
12: Running main() from /Users/zeeshanqazi/Desktop/projects/Geryon/build/_deps/googletest-src/googletest/src/gtest_main.cc
12: Note: Google Test filter = ConsistencyTest.PrimaryStopInitiatesHandshake
12: [==========] Running 1 test from 1 test suite.
12: [----------] Global test environment set-up.
12: [----------] 1 test from ConsistencyTest
12: [ RUN      ] ConsistencyTest.PrimaryStopInitiatesHandshake
12: Replica 1 connected.
12: [       OK ] ConsistencyTest.PrimaryStopInitiatesHandshake (2070 ms)
12: [----------] 1 test from ConsistencyTest (2070 ms total)
12: 
12: [----------] Global test environment tear-down
12: [==========] 1 test from 1 test suite ran. (2071 ms total)
12: [  PASSED  ] 1 test.
12/15 Test #12: ConsistencyTest.PrimaryStopInitiatesHandshake .......   Passed    2.09 sec
test 13
      Start 13: CorrectnessTest.MultithreadMultipageCorrectness

13: Test command: /Users/zeeshanqazi/Desktop/projects/Geryon/build/tests/geryon_tests "--gtest_filter=CorrectnessTest.MultithreadMultipageCorrectness" "--gtest_also_run_disabled_tests"
13: Working Directory: /Users/zeeshanqazi/Desktop/projects/Geryon/build/tests
13: Test timeout computed to be: 10000000
13: Running main() from /Users/zeeshanqazi/Desktop/projects/Geryon/build/_deps/googletest-src/googletest/src/gtest_main.cc
13: Note: Google Test filter = CorrectnessTest.MultithreadMultipageCorrectness
13: [==========] Running 1 test from 1 test suite.
13: [----------] Global test environment set-up.
13: [----------] 1 test from CorrectnessTest
13: [ RUN      ] CorrectnessTest.MultithreadMultipageCorrectness
13: Replica 1 connected.
13: Replica 2 connected.
13: Replica 3 connected.
13: [       OK ] CorrectnessTest.MultithreadMultipageCorrectness (3004 ms)
13: [----------] 1 test from CorrectnessTest (3004 ms total)
13: 
13: [----------] Global test environment tear-down
13: [==========] 1 test from 1 test suite ran. (3004 ms total)
13: [  PASSED  ] 1 test.
13/15 Test #13: CorrectnessTest.MultithreadMultipageCorrectness ....   Passed    3.03 sec
test 14
      Start 14: CorrectnessTest.MultiprocessMultipageCorrectness

14: Test command: /Users/zeeshanqazi/Desktop/projects/Geryon/build/tests/geryon_tests "--gtest_filter=CorrectnessTest.MultiprocessMultipageCorrectness" "--gtest_also_run_disabled_tests"
14: Working Directory: /Users/zeeshanqazi/Desktop/projects/Geryon/build/tests
14: Test timeout computed to be: 10000000
14: Running main() from /Users/zeeshanqazi/Desktop/projects/Geryon/build/_deps/googletest-src/googletest/src/gtest_main.cc
14: Note: Google Test filter = CorrectnessTest.MultiprocessMultipageCorrectness
14: [==========] Running 1 test from 1 test suite.
14: [----------] Global test environment set-up.
14: [----------] 1 test from CorrectnessTest
14: [ RUN      ] CorrectnessTest.MultiprocessMultipageCorrectness
14: Running main() from /Users/zeeshanqazi/Desktop/projects/Geryon/build/_deps/googletest-src/googletest/src/gtest_main.cc
14: Note: Google Test filter = CorrectnessTest.MultiprocessMultipageCorrectness
14: [==========] Running 1 test from 1 test suite.
14: [----------] Global test environment set-up.
14: [----------] 1 test from CorrectnessTest
14: [ RUN      ] CorrectnessTest.MultiprocessMultipageCorrectness
14: Replica 1 connected.
14: Running main() from /Users/zeeshanqazi/Desktop/projects/Geryon/build/_deps/googletest-src/googletest/src/gtest_main.cc
14: Note: Google Test filter = CorrectnessTest.MultiprocessMultipageCorrectness
14: [==========] Running 1 test from 1 test suite.
14: [----------] Global test environment set-up.
14: [----------] 1 test from CorrectnessTest
14: [ RUN      ] CorrectnessTest.MultiprocessMultipageCorrectness
14: Replica 2 connected.
14: Running main() from /Users/zeeshanqazi/Desktop/projects/Geryon/build/_deps/googletest-src/googletest/src/gtest_main.cc
14: Note: Google Test filter = CorrectnessTest.MultiprocessMultipageCorrectness
14: [==========] Running 1 test from 1 test suite.
14: [----------] Global test environment set-up.
14: [----------] 1 test from CorrectnessTest
14: [ RUN      ] CorrectnessTest.MultiprocessMultipageCorrectness
14: Replica 3 connected.
14: [       OK ] CorrectnessTest.MultiprocessMultipageCorrectness (2176 ms)
14: [----------] 1 test from CorrectnessTest (2176 ms total)
14: 
14: [----------] Global test environment tear-down
14: [==========] 1 test from 1 test suite ran. (2176 ms total)
14: [  PASSED  ] 1 test.
14/15 Test #14: CorrectnessTest.MultiprocessMultipageCorrectness ...   Passed    2.20 sec
test 15
      Start 15: DistributedSortTest.MultiprocessPiecewiseSort

15: Test command: /Users/zeeshanqazi/Desktop/projects/Geryon/build/tests/geryon_tests "--gtest_filter=DistributedSortTest.MultiprocessPiecewiseSort" "--gtest_also_run_disabled_tests"
15: Working Directory: /Users/zeeshanqazi/Desktop/projects/Geryon/build/tests
15: Test timeout computed to be: 10000000
15: Running main() from /Users/zeeshanqazi/Desktop/projects/Geryon/build/_deps/googletest-src/googletest/src/gtest_main.cc
15: Note: Google Test filter = DistributedSortTest.MultiprocessPiecewiseSort
15: [==========] Running 1 test from 1 test suite.
15: [----------] Global test environment set-up.
15: [----------] 1 test from DistributedSortTest
15: [ RUN      ] DistributedSortTest.MultiprocessPiecewiseSort
15: Running main() from /Users/zeeshanqazi/Desktop/projects/Geryon/build/_deps/googletest-src/googletest/src/gtest_main.cc
15: Note: Google Test filter = DistributedSortTest.MultiprocessPiecewiseSort
15: [==========] Running 1 test from 1 test suite.
15: [----------] Global test environment set-up.
15: [----------] 1 test from DistributedSortTest
15: [ RUN      ] DistributedSortTest.MultiprocessPiecewiseSort
15: Replica 1 connected.
15: Running main() from /Users/zeeshanqazi/Desktop/projects/Geryon/build/_deps/googletest-src/googletest/src/gtest_main.cc
15: Note: Google Test filter = DistributedSortTest.MultiprocessPiecewiseSort
15: [==========] Running 1 test from 1 test suite.
15: [----------] Global test environment set-up.
15: [----------] 1 test from DistributedSortTest
15: [ RUN      ] DistributedSortTest.MultiprocessPiecewiseSort
15: Replica 2 connected.
15: Running main() from /Users/zeeshanqazi/Desktop/projects/Geryon/build/_deps/googletest-src/googletest/src/gtest_main.cc
15: Note: Google Test filter = DistributedSortTest.MultiprocessPiecewiseSort
15: [==========] Running 1 test from 1 test suite.
15: [----------] Global test environment set-up.
15: [----------] 1 test from DistributedSortTest
15: [ RUN      ] DistributedSortTest.MultiprocessPiecewiseSort
15: Replica 3 connected.
15: [Primary] Pages Sent: 3671, Pages Received: 3670 | Avg Transfer Time: 2.51784 us | Avg Time Between Transfers: 229.363 us
15: [Replica 1] Pages Sent: 1318, Pages Received: 1319 | Avg Transfer Time: 2.96889 us | Avg Time Between Transfers: 1452.53 us
15: [Replica 3] Pages Sent: 1318, Pages Received: 1319 | Avg Transfer Time: 2.78604 us | Avg Time Between Transfers: 1458.18 us
15: [Replica 2] Pages Sent: 1315, Pages Received: 1316 | Avg Transfer Time: 2.75513 us | Avg Time Between Transfers: 1463.41 us
15: [       OK ] DistributedSortTest.MultiprocessPiecewiseSort (4643 ms)
15: [----------] 1 test from DistributedSortTest (4643 ms total)
15: 
15: [----------] Global test environment tear-down
15: [==========] 1 test from 1 test suite ran. (4643 ms total)
15: [  PASSED  ] 1 test.
15/15 Test #15: DistributedSortTest.MultiprocessPiecewiseSort ......   Passed    4.66 sec

100% tests passed, 0 tests failed out of 15

Total Test time (real) =  33.69 sec
macOS Run 15
Using Homebrew GCC 16: /opt/homebrew/bin/g++-16
CMake Warning (dev) at CMakeLists.txt:17 (find_package):
  Policy CMP0167 is not set: The FindBoost module is removed.  Run "cmake
  --help-policy CMP0167" for policy details.  Use the cmake_policy command to
  set the policy and suppress this warning.

This warning is for project developers.  Use -Wno-dev to suppress it.

-- git version: v1.8.3 normalized to 1.8.3
-- Google Benchmark version: 1.8.3
-- Performing Test HAVE_STD_REGEX -- success
-- Performing Test HAVE_GNU_POSIX_REGEX -- failed to compile
-- Performing Test HAVE_POSIX_REGEX -- success
-- Performing Test HAVE_STEADY_CLOCK -- success
-- Performing Test HAVE_PTHREAD_AFFINITY -- failed to compile
-- Configuring done (0.8s)
-- Generating done (0.0s)
-- Build files have been written to: /Users/zeeshanqazi/Desktop/projects/Geryon/build
[  4%] Built target gtest
[ 12%] Built target geryon
[ 21%] Built target gtest_main
[ 21%] Built target gmock
[ 63%] Built target benchmark
[ 68%] Built target gmock_main
[ 72%] Built target benchmark_main
[ 76%] Built target benchmark_page_transfer
[100%] Built target geryon_tests
Build complete. Executables are in build/tests/ and build/benchmarks/.
UpdateCTestConfiguration  from :/Users/zeeshanqazi/Desktop/projects/Geryon/build/DartConfiguration.tcl
Test project /Users/zeeshanqazi/Desktop/projects/Geryon/build
Constructing a list of tests
Done constructing a list of tests
Updating test list for fixtures
Added 0 tests to meet fixture requirements
Checking test dependency graph...
Checking test dependency graph end
test 1
      Start  1: MemoryRegionTest.AllocationAndPageSize

1: Test command: /Users/zeeshanqazi/Desktop/projects/Geryon/build/tests/geryon_tests "--gtest_filter=MemoryRegionTest.AllocationAndPageSize" "--gtest_also_run_disabled_tests"
1: Working Directory: /Users/zeeshanqazi/Desktop/projects/Geryon/build/tests
1: Test timeout computed to be: 10000000
1: Running main() from /Users/zeeshanqazi/Desktop/projects/Geryon/build/_deps/googletest-src/googletest/src/gtest_main.cc
1: Note: Google Test filter = MemoryRegionTest.AllocationAndPageSize
1: [==========] Running 1 test from 1 test suite.
1: [----------] Global test environment set-up.
1: [----------] 1 test from MemoryRegionTest
1: [ RUN      ] MemoryRegionTest.AllocationAndPageSize
1: [       OK ] MemoryRegionTest.AllocationAndPageSize (0 ms)
1: [----------] 1 test from MemoryRegionTest (0 ms total)
1: 
1: [----------] Global test environment tear-down
1: [==========] 1 test from 1 test suite ran. (0 ms total)
1: [  PASSED  ] 1 test.
 1/15 Test  #1: MemoryRegionTest.AllocationAndPageSize .............   Passed    0.01 sec
test 2
      Start  2: MemoryRegionTest.ProtectionChanges

2: Test command: /Users/zeeshanqazi/Desktop/projects/Geryon/build/tests/geryon_tests "--gtest_filter=MemoryRegionTest.ProtectionChanges" "--gtest_also_run_disabled_tests"
2: Working Directory: /Users/zeeshanqazi/Desktop/projects/Geryon/build/tests
2: Test timeout computed to be: 10000000
2: Running main() from /Users/zeeshanqazi/Desktop/projects/Geryon/build/_deps/googletest-src/googletest/src/gtest_main.cc
2: Note: Google Test filter = MemoryRegionTest.ProtectionChanges
2: [==========] Running 1 test from 1 test suite.
2: [----------] Global test environment set-up.
2: [----------] 1 test from MemoryRegionTest
2: [ RUN      ] MemoryRegionTest.ProtectionChanges
2: [       OK ] MemoryRegionTest.ProtectionChanges (35 ms)
2: [----------] 1 test from MemoryRegionTest (35 ms total)
2: 
2: [----------] Global test environment tear-down
2: [==========] 1 test from 1 test suite ran. (35 ms total)
2: [  PASSED  ] 1 test.
 2/15 Test  #2: MemoryRegionTest.ProtectionChanges .................   Passed    0.04 sec
test 3
      Start  3: FaultHandlerTest.SoftFaultHandling

3: Test command: /Users/zeeshanqazi/Desktop/projects/Geryon/build/tests/geryon_tests "--gtest_filter=FaultHandlerTest.SoftFaultHandling" "--gtest_also_run_disabled_tests"
3: Working Directory: /Users/zeeshanqazi/Desktop/projects/Geryon/build/tests
3: Test timeout computed to be: 10000000
3: Running main() from /Users/zeeshanqazi/Desktop/projects/Geryon/build/_deps/googletest-src/googletest/src/gtest_main.cc
3: Note: Google Test filter = FaultHandlerTest.SoftFaultHandling
3: [==========] Running 1 test from 1 test suite.
3: [----------] Global test environment set-up.
3: [----------] 1 test from FaultHandlerTest
3: [ RUN      ] FaultHandlerTest.SoftFaultHandling
3: [       OK ] FaultHandlerTest.SoftFaultHandling (0 ms)
3: [----------] 1 test from FaultHandlerTest (0 ms total)
3: 
3: [----------] Global test environment tear-down
3: [==========] 1 test from 1 test suite ran. (0 ms total)
3: [  PASSED  ] 1 test.
 3/15 Test  #3: FaultHandlerTest.SoftFaultHandling .................   Passed    0.01 sec
test 4
      Start  4: NetworkSyncTest.BouncingOwnership

4: Test command: /Users/zeeshanqazi/Desktop/projects/Geryon/build/tests/geryon_tests "--gtest_filter=NetworkSyncTest.BouncingOwnership" "--gtest_also_run_disabled_tests"
4: Working Directory: /Users/zeeshanqazi/Desktop/projects/Geryon/build/tests
4: Test timeout computed to be: 10000000
4: Running main() from /Users/zeeshanqazi/Desktop/projects/Geryon/build/_deps/googletest-src/googletest/src/gtest_main.cc
4: Note: Google Test filter = NetworkSyncTest.BouncingOwnership
4: [==========] Running 1 test from 1 test suite.
4: [----------] Global test environment set-up.
4: [----------] 1 test from NetworkSyncTest
4: [ RUN      ] NetworkSyncTest.BouncingOwnership
4: Replica 1 connected.
4: [       OK ] NetworkSyncTest.BouncingOwnership (2129 ms)
4: [----------] 1 test from NetworkSyncTest (2129 ms total)
4: 
4: [----------] Global test environment tear-down
4: [==========] 1 test from 1 test suite ran. (2129 ms total)
4: [  PASSED  ] 1 test.
 4/15 Test  #4: NetworkSyncTest.BouncingOwnership ..................   Passed    2.14 sec
test 5
      Start  5: NetworkSyncTest.StressTest

5: Test command: /Users/zeeshanqazi/Desktop/projects/Geryon/build/tests/geryon_tests "--gtest_filter=NetworkSyncTest.StressTest" "--gtest_also_run_disabled_tests"
5: Working Directory: /Users/zeeshanqazi/Desktop/projects/Geryon/build/tests
5: Test timeout computed to be: 10000000
5: Running main() from /Users/zeeshanqazi/Desktop/projects/Geryon/build/_deps/googletest-src/googletest/src/gtest_main.cc
5: Note: Google Test filter = NetworkSyncTest.StressTest
5: [==========] Running 1 test from 1 test suite.
5: [----------] Global test environment set-up.
5: [----------] 1 test from NetworkSyncTest
5: [ RUN      ] NetworkSyncTest.StressTest
5: Replica 1 connected.
5: [       OK ] NetworkSyncTest.StressTest (2138 ms)
5: [----------] 1 test from NetworkSyncTest (2138 ms total)
5: 
5: [----------] Global test environment tear-down
5: [==========] 1 test from 1 test suite ran. (2139 ms total)
5: [  PASSED  ] 1 test.
 5/15 Test  #5: NetworkSyncTest.StressTest .........................   Passed    2.16 sec
test 6
      Start  6: MultiClientTest.StarTopologyBouncing

6: Test command: /Users/zeeshanqazi/Desktop/projects/Geryon/build/tests/geryon_tests "--gtest_filter=MultiClientTest.StarTopologyBouncing" "--gtest_also_run_disabled_tests"
6: Working Directory: /Users/zeeshanqazi/Desktop/projects/Geryon/build/tests
6: Test timeout computed to be: 10000000
6: Running main() from /Users/zeeshanqazi/Desktop/projects/Geryon/build/_deps/googletest-src/googletest/src/gtest_main.cc
6: Note: Google Test filter = MultiClientTest.StarTopologyBouncing
6: [==========] Running 1 test from 1 test suite.
6: [----------] Global test environment set-up.
6: [----------] 1 test from MultiClientTest
6: [ RUN      ] MultiClientTest.StarTopologyBouncing
6: Replica 1 connected.
6: Replica 2 connected.
6: Replica 3 connected.
6: [       OK ] MultiClientTest.StarTopologyBouncing (6443 ms)
6: [----------] 1 test from MultiClientTest (6444 ms total)
6: 
6: [----------] Global test environment tear-down
6: [==========] 1 test from 1 test suite ran. (6444 ms total)
6: [  PASSED  ] 1 test.
 6/15 Test  #6: MultiClientTest.StarTopologyBouncing ...............   Passed    6.47 sec
test 7
      Start  7: SynchronizationTest.DistributedSpinLock

7: Test command: /Users/zeeshanqazi/Desktop/projects/Geryon/build/tests/geryon_tests "--gtest_filter=SynchronizationTest.DistributedSpinLock" "--gtest_also_run_disabled_tests"
7: Working Directory: /Users/zeeshanqazi/Desktop/projects/Geryon/build/tests
7: Test timeout computed to be: 10000000
7: Running main() from /Users/zeeshanqazi/Desktop/projects/Geryon/build/_deps/googletest-src/googletest/src/gtest_main.cc
7: Note: Google Test filter = SynchronizationTest.DistributedSpinLock
7: [==========] Running 1 test from 1 test suite.
7: [----------] Global test environment set-up.
7: [----------] 1 test from SynchronizationTest
7: [ RUN      ] SynchronizationTest.DistributedSpinLock
7: Replica 1 connected.
7: Primary finished.
7: Replica finished.
7: [       OK ] SynchronizationTest.DistributedSpinLock (2150 ms)
7: [----------] 1 test from SynchronizationTest (2150 ms total)
7: 
7: [----------] Global test environment tear-down
7: [==========] 1 test from 1 test suite ran. (2150 ms total)
7: [  PASSED  ] 1 test.
 7/15 Test  #7: SynchronizationTest.DistributedSpinLock ............   Passed    2.18 sec
test 8
      Start  8: InterprocessTest.SharedVector

8: Test command: /Users/zeeshanqazi/Desktop/projects/Geryon/build/tests/geryon_tests "--gtest_filter=InterprocessTest.SharedVector" "--gtest_also_run_disabled_tests"
8: Working Directory: /Users/zeeshanqazi/Desktop/projects/Geryon/build/tests
8: Test timeout computed to be: 10000000
8: Running main() from /Users/zeeshanqazi/Desktop/projects/Geryon/build/_deps/googletest-src/googletest/src/gtest_main.cc
8: Note: Google Test filter = InterprocessTest.SharedVector
8: [==========] Running 1 test from 1 test suite.
8: [----------] Global test environment set-up.
8: [----------] 1 test from InterprocessTest
8: [ RUN      ] InterprocessTest.SharedVector
8: Replica 1 connected.
8: [       OK ] InterprocessTest.SharedVector (2119 ms)
8: [----------] 1 test from InterprocessTest (2119 ms total)
8: 
8: [----------] Global test environment tear-down
8: [==========] 1 test from 1 test suite ran. (2119 ms total)
8: [  PASSED  ] 1 test.
 8/15 Test  #8: InterprocessTest.SharedVector ......................   Passed    2.15 sec
test 9
      Start  9: MemnonIntegrationTest.SegmentedInterprocess

9: Test command: /Users/zeeshanqazi/Desktop/projects/Geryon/build/tests/geryon_tests "--gtest_filter=MemnonIntegrationTest.SegmentedInterprocess" "--gtest_also_run_disabled_tests"
9: Working Directory: /Users/zeeshanqazi/Desktop/projects/Geryon/build/tests
9: Test timeout computed to be: 10000000
9: Running main() from /Users/zeeshanqazi/Desktop/projects/Geryon/build/_deps/googletest-src/googletest/src/gtest_main.cc
9: Note: Google Test filter = MemnonIntegrationTest.SegmentedInterprocess
9: [==========] Running 1 test from 1 test suite.
9: [----------] Global test environment set-up.
9: [----------] 1 test from MemnonIntegrationTest
9: [ RUN      ] MemnonIntegrationTest.SegmentedInterprocess
9: Replica 1 connected.
9: [       OK ] MemnonIntegrationTest.SegmentedInterprocess (2137 ms)
9: [----------] 1 test from MemnonIntegrationTest (2137 ms total)
9: 
9: [----------] Global test environment tear-down
9: [==========] 1 test from 1 test suite ran. (2137 ms total)
9: [  PASSED  ] 1 test.
 9/15 Test  #9: MemnonIntegrationTest.SegmentedInterprocess ........   Passed    2.16 sec
test 10
      Start 10: ConsistencyTest.TriggerSynchronization

10: Test command: /Users/zeeshanqazi/Desktop/projects/Geryon/build/tests/geryon_tests "--gtest_filter=ConsistencyTest.TriggerSynchronization" "--gtest_also_run_disabled_tests"
10: Working Directory: /Users/zeeshanqazi/Desktop/projects/Geryon/build/tests
10: Test timeout computed to be: 10000000
10: Running main() from /Users/zeeshanqazi/Desktop/projects/Geryon/build/_deps/googletest-src/googletest/src/gtest_main.cc
10: Note: Google Test filter = ConsistencyTest.TriggerSynchronization
10: [==========] Running 1 test from 1 test suite.
10: [----------] Global test environment set-up.
10: [----------] 1 test from ConsistencyTest
10: [ RUN      ] ConsistencyTest.TriggerSynchronization
10: Starting primary...
10: Primary started.
10: Starting replica...
10: Replica started.
10: Replica 1 connected.
10: Simulating replica page request 1
10: Simulating replica page request 2
10: Replica writing to pages
10: Primary triggering synchronization
10: Primary checking consistency
10: Stopping nodes
10: Test complete
10: [       OK ] ConsistencyTest.TriggerSynchronization (2178 ms)
10: [----------] 1 test from ConsistencyTest (2178 ms total)
10: 
10: [----------] Global test environment tear-down
10: [==========] 1 test from 1 test suite ran. (2178 ms total)
10: [  PASSED  ] 1 test.
10/15 Test #10: ConsistencyTest.TriggerSynchronization .............   Passed    2.19 sec
test 11
      Start 11: ConsistencyTest.ReplicaStopFlushesData

11: Test command: /Users/zeeshanqazi/Desktop/projects/Geryon/build/tests/geryon_tests "--gtest_filter=ConsistencyTest.ReplicaStopFlushesData" "--gtest_also_run_disabled_tests"
11: Working Directory: /Users/zeeshanqazi/Desktop/projects/Geryon/build/tests
11: Test timeout computed to be: 10000000
11: Running main() from /Users/zeeshanqazi/Desktop/projects/Geryon/build/_deps/googletest-src/googletest/src/gtest_main.cc
11: Note: Google Test filter = ConsistencyTest.ReplicaStopFlushesData
11: [==========] Running 1 test from 1 test suite.
11: [----------] Global test environment set-up.
11: [----------] 1 test from ConsistencyTest
11: [ RUN      ] ConsistencyTest.ReplicaStopFlushesData
11: Replica 1 connected.
11: [       OK ] ConsistencyTest.ReplicaStopFlushesData (2180 ms)
11: [----------] 1 test from ConsistencyTest (2180 ms total)
11: 
11: [----------] Global test environment tear-down
11: [==========] 1 test from 1 test suite ran. (2180 ms total)
11: [  PASSED  ] 1 test.
11/15 Test #11: ConsistencyTest.ReplicaStopFlushesData ...............   Passed    2.20 sec
test 12
      Start 12: ConsistencyTest.PrimaryStopInitiatesHandshake

12: Test command: /Users/zeeshanqazi/Desktop/projects/Geryon/build/tests/geryon_tests "--gtest_filter=ConsistencyTest.PrimaryStopInitiatesHandshake" "--gtest_also_run_disabled_tests"
12: Working Directory: /Users/zeeshanqazi/Desktop/projects/Geryon/build/tests
12: Test timeout computed to be: 10000000
12: Running main() from /Users/zeeshanqazi/Desktop/projects/Geryon/build/_deps/googletest-src/googletest/src/gtest_main.cc
12: Note: Google Test filter = ConsistencyTest.PrimaryStopInitiatesHandshake
12: [==========] Running 1 test from 1 test suite.
12: [----------] Global test environment set-up.
12: [----------] 1 test from ConsistencyTest
12: [ RUN      ] ConsistencyTest.PrimaryStopInitiatesHandshake
12: Replica 1 connected.
12: [       OK ] ConsistencyTest.PrimaryStopInitiatesHandshake (2071 ms)
12: [----------] 1 test from ConsistencyTest (2071 ms total)
12: 
12: [----------] Global test environment tear-down
12: [==========] 1 test from 1 test suite ran. (2071 ms total)
12: [  PASSED  ] 1 test.
12/15 Test #12: ConsistencyTest.PrimaryStopInitiatesHandshake .......   Passed    2.10 sec
test 13
      Start 13: CorrectnessTest.MultithreadMultipageCorrectness

13: Test command: /Users/zeeshanqazi/Desktop/projects/Geryon/build/tests/geryon_tests "--gtest_filter=CorrectnessTest.MultithreadMultipageCorrectness" "--gtest_also_run_disabled_tests"
13: Working Directory: /Users/zeeshanqazi/Desktop/projects/Geryon/build/tests
13: Test timeout computed to be: 10000000
13: Running main() from /Users/zeeshanqazi/Desktop/projects/Geryon/build/_deps/googletest-src/googletest/src/gtest_main.cc
13: Note: Google Test filter = CorrectnessTest.MultithreadMultipageCorrectness
13: [==========] Running 1 test from 1 test suite.
13: [----------] Global test environment set-up.
13: [----------] 1 test from CorrectnessTest
13: [ RUN      ] CorrectnessTest.MultithreadMultipageCorrectness
13: Replica 1 connected.
13: Replica 2 connected.
13: Replica 3 connected.
13: [       OK ] CorrectnessTest.MultithreadMultipageCorrectness (2996 ms)
13: [----------] 1 test from CorrectnessTest (2996 ms total)
13: 
13: [----------] Global test environment tear-down
13: [==========] 1 test from 1 test suite ran. (2996 ms total)
13: [  PASSED  ] 1 test.
13/15 Test #13: CorrectnessTest.MultithreadMultipageCorrectness ....   Passed    3.01 sec
test 14
      Start 14: CorrectnessTest.MultiprocessMultipageCorrectness

14: Test command: /Users/zeeshanqazi/Desktop/projects/Geryon/build/tests/geryon_tests "--gtest_filter=CorrectnessTest.MultiprocessMultipageCorrectness" "--gtest_also_run_disabled_tests"
14: Working Directory: /Users/zeeshanqazi/Desktop/projects/Geryon/build/tests
14: Test timeout computed to be: 10000000
14: Running main() from /Users/zeeshanqazi/Desktop/projects/Geryon/build/_deps/googletest-src/googletest/src/gtest_main.cc
14: Note: Google Test filter = CorrectnessTest.MultiprocessMultipageCorrectness
14: [==========] Running 1 test from 1 test suite.
14: [----------] Global test environment set-up.
14: [----------] 1 test from CorrectnessTest
14: [ RUN      ] CorrectnessTest.MultiprocessMultipageCorrectness
14: Running main() from /Users/zeeshanqazi/Desktop/projects/Geryon/build/_deps/googletest-src/googletest/src/gtest_main.cc
14: Note: Google Test filter = CorrectnessTest.MultiprocessMultipageCorrectness
14: [==========] Running 1 test from 1 test suite.
14: [----------] Global test environment set-up.
14: [----------] 1 test from CorrectnessTest
14: [ RUN      ] CorrectnessTest.MultiprocessMultipageCorrectness
14: Replica 1 connected.
14: Running main() from /Users/zeeshanqazi/Desktop/projects/Geryon/build/_deps/googletest-src/googletest/src/gtest_main.cc
14: Note: Google Test filter = CorrectnessTest.MultiprocessMultipageCorrectness
14: [==========] Running 1 test from 1 test suite.
14: [----------] Global test environment set-up.
14: [----------] 1 test from CorrectnessTest
14: [ RUN      ] CorrectnessTest.MultiprocessMultipageCorrectness
14: Replica 2 connected.
14: Running main() from /Users/zeeshanqazi/Desktop/projects/Geryon/build/_deps/googletest-src/googletest/src/gtest_main.cc
14: Note: Google Test filter = CorrectnessTest.MultiprocessMultipageCorrectness
14: [==========] Running 1 test from 1 test suite.
14: [----------] Global test environment set-up.
14: [----------] 1 test from CorrectnessTest
14: [ RUN      ] CorrectnessTest.MultiprocessMultipageCorrectness
14: Replica 3 connected.
14: [       OK ] CorrectnessTest.MultiprocessMultipageCorrectness (2190 ms)
14: [----------] 1 test from CorrectnessTest (2190 ms total)
14: 
14: [----------] Global test environment tear-down
14: [==========] 1 test from 1 test suite ran. (2190 ms total)
14: [  PASSED  ] 1 test.
14/15 Test #14: CorrectnessTest.MultiprocessMultipageCorrectness ...   Passed    2.22 sec
test 15
      Start 15: DistributedSortTest.MultiprocessPiecewiseSort

15: Test command: /Users/zeeshanqazi/Desktop/projects/Geryon/build/tests/geryon_tests "--gtest_filter=DistributedSortTest.MultiprocessPiecewiseSort" "--gtest_also_run_disabled_tests"
15: Working Directory: /Users/zeeshanqazi/Desktop/projects/Geryon/build/tests
15: Test timeout computed to be: 10000000
15: Running main() from /Users/zeeshanqazi/Desktop/projects/Geryon/build/_deps/googletest-src/googletest/src/gtest_main.cc
15: Note: Google Test filter = DistributedSortTest.MultiprocessPiecewiseSort
15: [==========] Running 1 test from 1 test suite.
15: [----------] Global test environment set-up.
15: [----------] 1 test from DistributedSortTest
15: [ RUN      ] DistributedSortTest.MultiprocessPiecewiseSort
15: Running main() from /Users/zeeshanqazi/Desktop/projects/Geryon/build/_deps/googletest-src/googletest/src/gtest_main.cc
15: Note: Google Test filter = DistributedSortTest.MultiprocessPiecewiseSort
15: [==========] Running 1 test from 1 test suite.
15: [----------] Global test environment set-up.
15: [----------] 1 test from DistributedSortTest
15: [ RUN      ] DistributedSortTest.MultiprocessPiecewiseSort
15: Replica 1 connected.
15: Running main() from /Users/zeeshanqazi/Desktop/projects/Geryon/build/_deps/googletest-src/googletest/src/gtest_main.cc
15: Note: Google Test filter = DistributedSortTest.MultiprocessPiecewiseSort
15: [==========] Running 1 test from 1 test suite.
15: [----------] Global test environment set-up.
15: [----------] 1 test from DistributedSortTest
15: [ RUN      ] DistributedSortTest.MultiprocessPiecewiseSort
15: Replica 2 connected.
15: Running main() from /Users/zeeshanqazi/Desktop/projects/Geryon/build/_deps/googletest-src/googletest/src/gtest_main.cc
15: Note: Google Test filter = DistributedSortTest.MultiprocessPiecewiseSort
15: [==========] Running 1 test from 1 test suite.
15: [----------] Global test environment set-up.
15: [----------] 1 test from DistributedSortTest
15: [ RUN      ] DistributedSortTest.MultiprocessPiecewiseSort
15: Replica 3 connected.
15: [Primary] Pages Sent: 3671, Pages Received: 3670 | Avg Transfer Time: 2.50449 us | Avg Time Between Transfers: 229.889 us
15: [Replica 3] Pages Sent: 1321, Pages Received: 1322 | Avg Transfer Time: 2.70855 us | Avg Time Between Transfers: 1443.62 us
15: [Replica 1] Pages Sent: 1322, Pages Received: 1323 | Avg Transfer Time: 2.9289 us | Avg Time Between Transfers: 1448.13 us
15: [Replica 2] Pages Sent: 1320, Pages Received: 1321 | Avg Transfer Time: 2.81288 us | Avg Time Between Transfers: 1445.27 us
15: [       OK ] DistributedSortTest.MultiprocessPiecewiseSort (4643 ms)
15: [----------] 1 test from DistributedSortTest (4643 ms total)
15: 
15: [----------] Global test environment tear-down
15: [==========] 1 test from 1 test suite ran. (4643 ms total)
15: [  PASSED  ] 1 test.
15/15 Test #15: DistributedSortTest.MultiprocessPiecewiseSort ......   Passed    4.66 sec

100% tests passed, 0 tests failed out of 15

Total Test time (real) =  33.72 sec
macOS Run 16
Using Homebrew GCC 16: /opt/homebrew/bin/g++-16
CMake Warning (dev) at CMakeLists.txt:17 (find_package):
  Policy CMP0167 is not set: The FindBoost module is removed.  Run "cmake
  --help-policy CMP0167" for policy details.  Use the cmake_policy command to
  set the policy and suppress this warning.

This warning is for project developers.  Use -Wno-dev to suppress it.

-- git version: v1.8.3 normalized to 1.8.3
-- Google Benchmark version: 1.8.3
-- Performing Test HAVE_STD_REGEX -- success
-- Performing Test HAVE_GNU_POSIX_REGEX -- failed to compile
-- Performing Test HAVE_POSIX_REGEX -- success
-- Performing Test HAVE_STEADY_CLOCK -- success
-- Performing Test HAVE_PTHREAD_AFFINITY -- failed to compile
-- Configuring done (0.7s)
-- Generating done (0.0s)
-- Build files have been written to: /Users/zeeshanqazi/Desktop/projects/Geryon/build
[  4%] Built target gtest
[ 12%] Built target geryon
[ 17%] Built target gtest_main
[ 21%] Built target gmock
[ 63%] Built target benchmark
[ 68%] Built target gmock_main
[ 72%] Built target benchmark_main
[ 76%] Built target benchmark_page_transfer
[100%] Built target geryon_tests
Build complete. Executables are in build/tests/ and build/benchmarks/.
UpdateCTestConfiguration  from :/Users/zeeshanqazi/Desktop/projects/Geryon/build/DartConfiguration.tcl
Test project /Users/zeeshanqazi/Desktop/projects/Geryon/build
Constructing a list of tests
Done constructing a list of tests
Updating test list for fixtures
Added 0 tests to meet fixture requirements
Checking test dependency graph...
Checking test dependency graph end
test 1
      Start  1: MemoryRegionTest.AllocationAndPageSize

1: Test command: /Users/zeeshanqazi/Desktop/projects/Geryon/build/tests/geryon_tests "--gtest_filter=MemoryRegionTest.AllocationAndPageSize" "--gtest_also_run_disabled_tests"
1: Working Directory: /Users/zeeshanqazi/Desktop/projects/Geryon/build/tests
1: Test timeout computed to be: 10000000
1: Running main() from /Users/zeeshanqazi/Desktop/projects/Geryon/build/_deps/googletest-src/googletest/src/gtest_main.cc
1: Note: Google Test filter = MemoryRegionTest.AllocationAndPageSize
1: [==========] Running 1 test from 1 test suite.
1: [----------] Global test environment set-up.
1: [----------] 1 test from MemoryRegionTest
1: [ RUN      ] MemoryRegionTest.AllocationAndPageSize
1: [       OK ] MemoryRegionTest.AllocationAndPageSize (0 ms)
1: [----------] 1 test from MemoryRegionTest (0 ms total)
1: 
1: [----------] Global test environment tear-down
1: [==========] 1 test from 1 test suite ran. (0 ms total)
1: [  PASSED  ] 1 test.
 1/15 Test  #1: MemoryRegionTest.AllocationAndPageSize .............   Passed    0.01 sec
test 2
      Start  2: MemoryRegionTest.ProtectionChanges

2: Test command: /Users/zeeshanqazi/Desktop/projects/Geryon/build/tests/geryon_tests "--gtest_filter=MemoryRegionTest.ProtectionChanges" "--gtest_also_run_disabled_tests"
2: Working Directory: /Users/zeeshanqazi/Desktop/projects/Geryon/build/tests
2: Test timeout computed to be: 10000000
2: Running main() from /Users/zeeshanqazi/Desktop/projects/Geryon/build/_deps/googletest-src/googletest/src/gtest_main.cc
2: Note: Google Test filter = MemoryRegionTest.ProtectionChanges
2: [==========] Running 1 test from 1 test suite.
2: [----------] Global test environment set-up.
2: [----------] 1 test from MemoryRegionTest
2: [ RUN      ] MemoryRegionTest.ProtectionChanges
2: [       OK ] MemoryRegionTest.ProtectionChanges (30 ms)
2: [----------] 1 test from MemoryRegionTest (30 ms total)
2: 
2: [----------] Global test environment tear-down
2: [==========] 1 test from 1 test suite ran. (30 ms total)
2: [  PASSED  ] 1 test.
 2/15 Test  #2: MemoryRegionTest.ProtectionChanges .................   Passed    0.04 sec
test 3
      Start  3: FaultHandlerTest.SoftFaultHandling

3: Test command: /Users/zeeshanqazi/Desktop/projects/Geryon/build/tests/geryon_tests "--gtest_filter=FaultHandlerTest.SoftFaultHandling" "--gtest_also_run_disabled_tests"
3: Working Directory: /Users/zeeshanqazi/Desktop/projects/Geryon/build/tests
3: Test timeout computed to be: 10000000
3: Running main() from /Users/zeeshanqazi/Desktop/projects/Geryon/build/_deps/googletest-src/googletest/src/gtest_main.cc
3: Note: Google Test filter = FaultHandlerTest.SoftFaultHandling
3: [==========] Running 1 test from 1 test suite.
3: [----------] Global test environment set-up.
3: [----------] 1 test from FaultHandlerTest
3: [ RUN      ] FaultHandlerTest.SoftFaultHandling
3: [       OK ] FaultHandlerTest.SoftFaultHandling (0 ms)
3: [----------] 1 test from FaultHandlerTest (0 ms total)
3: 
3: [----------] Global test environment tear-down
3: [==========] 1 test from 1 test suite ran. (0 ms total)
3: [  PASSED  ] 1 test.
 3/15 Test  #3: FaultHandlerTest.SoftFaultHandling .................   Passed    0.01 sec
test 4
      Start  4: NetworkSyncTest.BouncingOwnership

4: Test command: /Users/zeeshanqazi/Desktop/projects/Geryon/build/tests/geryon_tests "--gtest_filter=NetworkSyncTest.BouncingOwnership" "--gtest_also_run_disabled_tests"
4: Working Directory: /Users/zeeshanqazi/Desktop/projects/Geryon/build/tests
4: Test timeout computed to be: 10000000
4: Running main() from /Users/zeeshanqazi/Desktop/projects/Geryon/build/_deps/googletest-src/googletest/src/gtest_main.cc
4: Note: Google Test filter = NetworkSyncTest.BouncingOwnership
4: [==========] Running 1 test from 1 test suite.
4: [----------] Global test environment set-up.
4: [----------] 1 test from NetworkSyncTest
4: [ RUN      ] NetworkSyncTest.BouncingOwnership
4: Replica 1 connected.
4: [       OK ] NetworkSyncTest.BouncingOwnership (2124 ms)
4: [----------] 1 test from NetworkSyncTest (2124 ms total)
4: 
4: [----------] Global test environment tear-down
4: [==========] 1 test from 1 test suite ran. (2124 ms total)
4: [  PASSED  ] 1 test.
 4/15 Test  #4: NetworkSyncTest.BouncingOwnership ..................   Passed    2.14 sec
test 5
      Start  5: NetworkSyncTest.StressTest

5: Test command: /Users/zeeshanqazi/Desktop/projects/Geryon/build/tests/geryon_tests "--gtest_filter=NetworkSyncTest.StressTest" "--gtest_also_run_disabled_tests"
5: Working Directory: /Users/zeeshanqazi/Desktop/projects/Geryon/build/tests
5: Test timeout computed to be: 10000000
5: Running main() from /Users/zeeshanqazi/Desktop/projects/Geryon/build/_deps/googletest-src/googletest/src/gtest_main.cc
5: Note: Google Test filter = NetworkSyncTest.StressTest
5: [==========] Running 1 test from 1 test suite.
5: [----------] Global test environment set-up.
5: [----------] 1 test from NetworkSyncTest
5: [ RUN      ] NetworkSyncTest.StressTest
5: Replica 1 connected.
5: [       OK ] NetworkSyncTest.StressTest (2129 ms)
5: [----------] 1 test from NetworkSyncTest (2129 ms total)
5: 
5: [----------] Global test environment tear-down
5: [==========] 1 test from 1 test suite ran. (2129 ms total)
5: [  PASSED  ] 1 test.
 5/15 Test  #5: NetworkSyncTest.StressTest .........................   Passed    2.16 sec
test 6
      Start  6: MultiClientTest.StarTopologyBouncing

6: Test command: /Users/zeeshanqazi/Desktop/projects/Geryon/build/tests/geryon_tests "--gtest_filter=MultiClientTest.StarTopologyBouncing" "--gtest_also_run_disabled_tests"
6: Working Directory: /Users/zeeshanqazi/Desktop/projects/Geryon/build/tests
6: Test timeout computed to be: 10000000
6: Running main() from /Users/zeeshanqazi/Desktop/projects/Geryon/build/_deps/googletest-src/googletest/src/gtest_main.cc
6: Note: Google Test filter = MultiClientTest.StarTopologyBouncing
6: [==========] Running 1 test from 1 test suite.
6: [----------] Global test environment set-up.
6: [----------] 1 test from MultiClientTest
6: [ RUN      ] MultiClientTest.StarTopologyBouncing
6: Replica 1 connected.
6: Replica 2 connected.
6: Replica 3 connected.
6: [       OK ] MultiClientTest.StarTopologyBouncing (6426 ms)
6: [----------] 1 test from MultiClientTest (6426 ms total)
6: 
6: [----------] Global test environment tear-down
6: [==========] 1 test from 1 test suite ran. (6426 ms total)
6: [  PASSED  ] 1 test.
 6/15 Test  #6: MultiClientTest.StarTopologyBouncing ...............   Passed    6.46 sec
test 7
      Start  7: SynchronizationTest.DistributedSpinLock

7: Test command: /Users/zeeshanqazi/Desktop/projects/Geryon/build/tests/geryon_tests "--gtest_filter=SynchronizationTest.DistributedSpinLock" "--gtest_also_run_disabled_tests"
7: Working Directory: /Users/zeeshanqazi/Desktop/projects/Geryon/build/tests
7: Test timeout computed to be: 10000000
7: Running main() from /Users/zeeshanqazi/Desktop/projects/Geryon/build/_deps/googletest-src/googletest/src/gtest_main.cc
7: Note: Google Test filter = SynchronizationTest.DistributedSpinLock
7: [==========] Running 1 test from 1 test suite.
7: [----------] Global test environment set-up.
7: [----------] 1 test from SynchronizationTest
7: [ RUN      ] SynchronizationTest.DistributedSpinLock
7: Replica 1 connected.
7: Replica finished.
7: Primary finished.
7: [       OK ] SynchronizationTest.DistributedSpinLock (2150 ms)
7: [----------] 1 test from SynchronizationTest (2150 ms total)
7: 
7: [----------] Global test environment tear-down
7: [==========] 1 test from 1 test suite ran. (2150 ms total)
7: [  PASSED  ] 1 test.
 7/15 Test  #7: SynchronizationTest.DistributedSpinLock ............   Passed    2.17 sec
test 8
      Start  8: InterprocessTest.SharedVector

8: Test command: /Users/zeeshanqazi/Desktop/projects/Geryon/build/tests/geryon_tests "--gtest_filter=InterprocessTest.SharedVector" "--gtest_also_run_disabled_tests"
8: Working Directory: /Users/zeeshanqazi/Desktop/projects/Geryon/build/tests
8: Test timeout computed to be: 10000000
8: Running main() from /Users/zeeshanqazi/Desktop/projects/Geryon/build/_deps/googletest-src/googletest/src/gtest_main.cc
8: Note: Google Test filter = InterprocessTest.SharedVector
8: [==========] Running 1 test from 1 test suite.
8: [----------] Global test environment set-up.
8: [----------] 1 test from InterprocessTest
8: [ RUN      ] InterprocessTest.SharedVector
8: Replica 1 connected.
8: [       OK ] InterprocessTest.SharedVector (2130 ms)
8: [----------] 1 test from InterprocessTest (2130 ms total)
8: 
8: [----------] Global test environment tear-down
8: [==========] 1 test from 1 test suite ran. (2130 ms total)
8: [  PASSED  ] 1 test.
 8/15 Test  #8: InterprocessTest.SharedVector ......................   Passed    2.16 sec
test 9
      Start  9: MemnonIntegrationTest.SegmentedInterprocess

9: Test command: /Users/zeeshanqazi/Desktop/projects/Geryon/build/tests/geryon_tests "--gtest_filter=MemnonIntegrationTest.SegmentedInterprocess" "--gtest_also_run_disabled_tests"
9: Working Directory: /Users/zeeshanqazi/Desktop/projects/Geryon/build/tests
9: Test timeout computed to be: 10000000
9: Running main() from /Users/zeeshanqazi/Desktop/projects/Geryon/build/_deps/googletest-src/googletest/src/gtest_main.cc
9: Note: Google Test filter = MemnonIntegrationTest.SegmentedInterprocess
9: [==========] Running 1 test from 1 test suite.
9: [----------] Global test environment set-up.
9: [----------] 1 test from MemnonIntegrationTest
9: [ RUN      ] MemnonIntegrationTest.SegmentedInterprocess
9: Replica 1 connected.
9: [       OK ] MemnonIntegrationTest.SegmentedInterprocess (2137 ms)
9: [----------] 1 test from MemnonIntegrationTest (2137 ms total)
9: 
9: [----------] Global test environment tear-down
9: [==========] 1 test from 1 test suite ran. (2137 ms total)
9: [  PASSED  ] 1 test.
 9/15 Test  #9: MemnonIntegrationTest.SegmentedInterprocess ........   Passed    2.16 sec
test 10
      Start 10: ConsistencyTest.TriggerSynchronization

10: Test command: /Users/zeeshanqazi/Desktop/projects/Geryon/build/tests/geryon_tests "--gtest_filter=ConsistencyTest.TriggerSynchronization" "--gtest_also_run_disabled_tests"
10: Working Directory: /Users/zeeshanqazi/Desktop/projects/Geryon/build/tests
10: Test timeout computed to be: 10000000
10: Running main() from /Users/zeeshanqazi/Desktop/projects/Geryon/build/_deps/googletest-src/googletest/src/gtest_main.cc
10: Note: Google Test filter = ConsistencyTest.TriggerSynchronization
10: [==========] Running 1 test from 1 test suite.
10: [----------] Global test environment set-up.
10: [----------] 1 test from ConsistencyTest
10: [ RUN      ] ConsistencyTest.TriggerSynchronization
10: Starting primary...
10: Primary started.
10: Starting replica...
10: Replica started.
10: Replica 1 connected.
10: Simulating replica page request 1
10: Simulating replica page request 2
10: Replica writing to pages
10: Primary triggering synchronization
10: Primary checking consistency
10: Stopping nodes
10: Test complete
10: [       OK ] ConsistencyTest.TriggerSynchronization (2175 ms)
10: [----------] 1 test from ConsistencyTest (2175 ms total)
10: 
10: [----------] Global test environment tear-down
10: [==========] 1 test from 1 test suite ran. (2175 ms total)
10: [  PASSED  ] 1 test.
10/15 Test #10: ConsistencyTest.TriggerSynchronization .............   Passed    2.20 sec
test 11
      Start 11: ConsistencyTest.ReplicaStopFlushesData

11: Test command: /Users/zeeshanqazi/Desktop/projects/Geryon/build/tests/geryon_tests "--gtest_filter=ConsistencyTest.ReplicaStopFlushesData" "--gtest_also_run_disabled_tests"
11: Working Directory: /Users/zeeshanqazi/Desktop/projects/Geryon/build/tests
11: Test timeout computed to be: 10000000
11: Running main() from /Users/zeeshanqazi/Desktop/projects/Geryon/build/_deps/googletest-src/googletest/src/gtest_main.cc
11: Note: Google Test filter = ConsistencyTest.ReplicaStopFlushesData
11: [==========] Running 1 test from 1 test suite.
11: [----------] Global test environment set-up.
11: [----------] 1 test from ConsistencyTest
11: [ RUN      ] ConsistencyTest.ReplicaStopFlushesData
11: Replica 1 connected.
11: [       OK ] ConsistencyTest.ReplicaStopFlushesData (2164 ms)
11: [----------] 1 test from ConsistencyTest (2164 ms total)
11: 
11: [----------] Global test environment tear-down
11: [==========] 1 test from 1 test suite ran. (2164 ms total)
11: [  PASSED  ] 1 test.
11/15 Test #11: ConsistencyTest.ReplicaStopFlushesData ...............   Passed    2.19 sec
test 12
      Start 12: ConsistencyTest.PrimaryStopInitiatesHandshake

12: Test command: /Users/zeeshanqazi/Desktop/projects/Geryon/build/tests/geryon_tests "--gtest_filter=ConsistencyTest.PrimaryStopInitiatesHandshake" "--gtest_also_run_disabled_tests"
12: Working Directory: /Users/zeeshanqazi/Desktop/projects/Geryon/build/tests
12: Test timeout computed to be: 10000000
12: Running main() from /Users/zeeshanqazi/Desktop/projects/Geryon/build/_deps/googletest-src/googletest/src/gtest_main.cc
12: Note: Google Test filter = ConsistencyTest.PrimaryStopInitiatesHandshake
12: [==========] Running 1 test from 1 test suite.
12: [----------] Global test environment set-up.
12: [----------] 1 test from ConsistencyTest
12: [ RUN      ] ConsistencyTest.PrimaryStopInitiatesHandshake
12: Replica 1 connected.
12: [       OK ] ConsistencyTest.PrimaryStopInitiatesHandshake (2062 ms)
12: [----------] 1 test from ConsistencyTest (2062 ms total)
12: 
12: [----------] Global test environment tear-down
12: [==========] 1 test from 1 test suite ran. (2062 ms total)
12: [  PASSED  ] 1 test.
12/15 Test #12: ConsistencyTest.PrimaryStopInitiatesHandshake .......   Passed    2.09 sec
test 13
      Start 13: CorrectnessTest.MultithreadMultipageCorrectness

13: Test command: /Users/zeeshanqazi/Desktop/projects/Geryon/build/tests/geryon_tests "--gtest_filter=CorrectnessTest.MultithreadMultipageCorrectness" "--gtest_also_run_disabled_tests"
13: Working Directory: /Users/zeeshanqazi/Desktop/projects/Geryon/build/tests
13: Test timeout computed to be: 10000000
13: Running main() from /Users/zeeshanqazi/Desktop/projects/Geryon/build/_deps/googletest-src/googletest/src/gtest_main.cc
13: Note: Google Test filter = CorrectnessTest.MultithreadMultipageCorrectness
13: [==========] Running 1 test from 1 test suite.
13: [----------] Global test environment set-up.
13: [----------] 1 test from CorrectnessTest
13: [ RUN      ] CorrectnessTest.MultithreadMultipageCorrectness
13: Replica 1 connected.
13: Replica 2 connected.
13: Replica 3 connected.
13: [       OK ] CorrectnessTest.MultithreadMultipageCorrectness (3003 ms)
13: [----------] 1 test from CorrectnessTest (3003 ms total)
13: 
13: [----------] Global test environment tear-down
13: [==========] 1 test from 1 test suite ran. (3003 ms total)
13: [  PASSED  ] 1 test.
13/15 Test #13: CorrectnessTest.MultithreadMultipageCorrectness ....   Passed    3.03 sec
test 14
      Start 14: CorrectnessTest.MultiprocessMultipageCorrectness

14: Test command: /Users/zeeshanqazi/Desktop/projects/Geryon/build/tests/geryon_tests "--gtest_filter=CorrectnessTest.MultiprocessMultipageCorrectness" "--gtest_also_run_disabled_tests"
14: Working Directory: /Users/zeeshanqazi/Desktop/projects/Geryon/build/tests
14: Test timeout computed to be: 10000000
14: Running main() from /Users/zeeshanqazi/Desktop/projects/Geryon/build/_deps/googletest-src/googletest/src/gtest_main.cc
14: Note: Google Test filter = CorrectnessTest.MultiprocessMultipageCorrectness
14: [==========] Running 1 test from 1 test suite.
14: [----------] Global test environment set-up.
14: [----------] 1 test from CorrectnessTest
14: [ RUN      ] CorrectnessTest.MultiprocessMultipageCorrectness
14: Running main() from /Users/zeeshanqazi/Desktop/projects/Geryon/build/_deps/googletest-src/googletest/src/gtest_main.cc
14: Note: Google Test filter = CorrectnessTest.MultiprocessMultipageCorrectness
14: [==========] Running 1 test from 1 test suite.
14: [----------] Global test environment set-up.
14: [----------] 1 test from CorrectnessTest
14: [ RUN      ] CorrectnessTest.MultiprocessMultipageCorrectness
14: Replica 1 connected.
14: Running main() from /Users/zeeshanqazi/Desktop/projects/Geryon/build/_deps/googletest-src/googletest/src/gtest_main.cc
14: Note: Google Test filter = CorrectnessTest.MultiprocessMultipageCorrectness
14: [==========] Running 1 test from 1 test suite.
14: [----------] Global test environment set-up.
14: [----------] 1 test from CorrectnessTest
14: [ RUN      ] CorrectnessTest.MultiprocessMultipageCorrectness
14: Replica 2 connected.
14: Running main() from /Users/zeeshanqazi/Desktop/projects/Geryon/build/_deps/googletest-src/googletest/src/gtest_main.cc
14: Note: Google Test filter = CorrectnessTest.MultiprocessMultipageCorrectness
14: [==========] Running 1 test from 1 test suite.
14: [----------] Global test environment set-up.
14: [----------] 1 test from CorrectnessTest
14: [ RUN      ] CorrectnessTest.MultiprocessMultipageCorrectness
14: Replica 3 connected.
14: [       OK ] CorrectnessTest.MultiprocessMultipageCorrectness (2188 ms)
14: [----------] 1 test from CorrectnessTest (2188 ms total)
14: 
14: [----------] Global test environment tear-down
14: [==========] 1 test from 1 test suite ran. (2188 ms total)
14: [  PASSED  ] 1 test.
14/15 Test #14: CorrectnessTest.MultiprocessMultipageCorrectness ...   Passed    2.21 sec
test 15
      Start 15: DistributedSortTest.MultiprocessPiecewiseSort

15: Test command: /Users/zeeshanqazi/Desktop/projects/Geryon/build/tests/geryon_tests "--gtest_filter=DistributedSortTest.MultiprocessPiecewiseSort" "--gtest_also_run_disabled_tests"
15: Working Directory: /Users/zeeshanqazi/Desktop/projects/Geryon/build/tests
15: Test timeout computed to be: 10000000
15: Running main() from /Users/zeeshanqazi/Desktop/projects/Geryon/build/_deps/googletest-src/googletest/src/gtest_main.cc
15: Note: Google Test filter = DistributedSortTest.MultiprocessPiecewiseSort
15: [==========] Running 1 test from 1 test suite.
15: [----------] Global test environment set-up.
15: [----------] 1 test from DistributedSortTest
15: [ RUN      ] DistributedSortTest.MultiprocessPiecewiseSort
15: Running main() from /Users/zeeshanqazi/Desktop/projects/Geryon/build/_deps/googletest-src/googletest/src/gtest_main.cc
15: Note: Google Test filter = DistributedSortTest.MultiprocessPiecewiseSort
15: [==========] Running 1 test from 1 test suite.
15: [----------] Global test environment set-up.
15: [----------] 1 test from DistributedSortTest
15: [ RUN      ] DistributedSortTest.MultiprocessPiecewiseSort
15: Replica 1 connected.
15: Running main() from /Users/zeeshanqazi/Desktop/projects/Geryon/build/_deps/googletest-src/googletest/src/gtest_main.cc
15: Note: Google Test filter = DistributedSortTest.MultiprocessPiecewiseSort
15: [==========] Running 1 test from 1 test suite.
15: [----------] Global test environment set-up.
15: [----------] 1 test from DistributedSortTest
15: [ RUN      ] DistributedSortTest.MultiprocessPiecewiseSort
15: Replica 2 connected.
15: Running main() from /Users/zeeshanqazi/Desktop/projects/Geryon/build/_deps/googletest-src/googletest/src/gtest_main.cc
15: Note: Google Test filter = DistributedSortTest.MultiprocessPiecewiseSort
15: [==========] Running 1 test from 1 test suite.
15: [----------] Global test environment set-up.
15: [----------] 1 test from DistributedSortTest
15: [ RUN      ] DistributedSortTest.MultiprocessPiecewiseSort
15: Replica 3 connected.
15: [Primary] Pages Sent: 3671, Pages Received: 3670 | Avg Transfer Time: 2.49224 us | Avg Time Between Transfers: 233.8 us
15: [Replica 3] Pages Sent: 1323, Pages Received: 1324 | Avg Transfer Time: 3.0325 us | Avg Time Between Transfers: 1451.67 us
15: [Replica 1] Pages Sent: 1322, Pages Received: 1323 | Avg Transfer Time: 2.78744 us | Avg Time Between Transfers: 1454.75 us
15: [Replica 2] Pages Sent: 1325, Pages Received: 1326 | Avg Transfer Time: 2.79019 us | Avg Time Between Transfers: 1450.4 us
15: [       OK ] DistributedSortTest.MultiprocessPiecewiseSort (4652 ms)
15: [----------] 1 test from DistributedSortTest (4652 ms total)
15: 
15: [----------] Global test environment tear-down
15: [==========] 1 test from 1 test suite ran. (4653 ms total)
15: [  PASSED  ] 1 test.
15/15 Test #15: DistributedSortTest.MultiprocessPiecewiseSort ......   Passed    4.68 sec

100% tests passed, 0 tests failed out of 15

Total Test time (real) =  33.72 sec
macOS Run 17
Using Homebrew GCC 16: /opt/homebrew/bin/g++-16
CMake Warning (dev) at CMakeLists.txt:17 (find_package):
  Policy CMP0167 is not set: The FindBoost module is removed.  Run "cmake
  --help-policy CMP0167" for policy details.  Use the cmake_policy command to
  set the policy and suppress this warning.

This warning is for project developers.  Use -Wno-dev to suppress it.

-- git version: v1.8.3 normalized to 1.8.3
-- Google Benchmark version: 1.8.3
-- Performing Test HAVE_STD_REGEX -- success
-- Performing Test HAVE_GNU_POSIX_REGEX -- failed to compile
-- Performing Test HAVE_POSIX_REGEX -- success
-- Performing Test HAVE_STEADY_CLOCK -- success
-- Performing Test HAVE_PTHREAD_AFFINITY -- failed to compile
-- Configuring done (0.7s)
-- Generating done (0.0s)
-- Build files have been written to: /Users/zeeshanqazi/Desktop/projects/Geryon/build
[  4%] Built target gtest
[ 12%] Built target geryon
[ 21%] Built target gmock
[ 21%] Built target gtest_main
[ 63%] Built target benchmark
[ 68%] Built target gmock_main
[ 72%] Built target benchmark_main
[ 76%] Built target benchmark_page_transfer
[100%] Built target geryon_tests
Build complete. Executables are in build/tests/ and build/benchmarks/.
UpdateCTestConfiguration  from :/Users/zeeshanqazi/Desktop/projects/Geryon/build/DartConfiguration.tcl
Test project /Users/zeeshanqazi/Desktop/projects/Geryon/build
Constructing a list of tests
Done constructing a list of tests
Updating test list for fixtures
Added 0 tests to meet fixture requirements
Checking test dependency graph...
Checking test dependency graph end
test 1
      Start  1: MemoryRegionTest.AllocationAndPageSize

1: Test command: /Users/zeeshanqazi/Desktop/projects/Geryon/build/tests/geryon_tests "--gtest_filter=MemoryRegionTest.AllocationAndPageSize" "--gtest_also_run_disabled_tests"
1: Working Directory: /Users/zeeshanqazi/Desktop/projects/Geryon/build/tests
1: Test timeout computed to be: 10000000
1: Running main() from /Users/zeeshanqazi/Desktop/projects/Geryon/build/_deps/googletest-src/googletest/src/gtest_main.cc
1: Note: Google Test filter = MemoryRegionTest.AllocationAndPageSize
1: [==========] Running 1 test from 1 test suite.
1: [----------] Global test environment set-up.
1: [----------] 1 test from MemoryRegionTest
1: [ RUN      ] MemoryRegionTest.AllocationAndPageSize
1: [       OK ] MemoryRegionTest.AllocationAndPageSize (0 ms)
1: [----------] 1 test from MemoryRegionTest (0 ms total)
1: 
1: [----------] Global test environment tear-down
1: [==========] 1 test from 1 test suite ran. (0 ms total)
1: [  PASSED  ] 1 test.
 1/15 Test  #1: MemoryRegionTest.AllocationAndPageSize .............   Passed    0.01 sec
test 2
      Start  2: MemoryRegionTest.ProtectionChanges

2: Test command: /Users/zeeshanqazi/Desktop/projects/Geryon/build/tests/geryon_tests "--gtest_filter=MemoryRegionTest.ProtectionChanges" "--gtest_also_run_disabled_tests"
2: Working Directory: /Users/zeeshanqazi/Desktop/projects/Geryon/build/tests
2: Test timeout computed to be: 10000000
2: Running main() from /Users/zeeshanqazi/Desktop/projects/Geryon/build/_deps/googletest-src/googletest/src/gtest_main.cc
2: Note: Google Test filter = MemoryRegionTest.ProtectionChanges
2: [==========] Running 1 test from 1 test suite.
2: [----------] Global test environment set-up.
2: [----------] 1 test from MemoryRegionTest
2: [ RUN      ] MemoryRegionTest.ProtectionChanges
2: [       OK ] MemoryRegionTest.ProtectionChanges (28 ms)
2: [----------] 1 test from MemoryRegionTest (28 ms total)
2: 
2: [----------] Global test environment tear-down
2: [==========] 1 test from 1 test suite ran. (28 ms total)
2: [  PASSED  ] 1 test.
 2/15 Test  #2: MemoryRegionTest.ProtectionChanges .................   Passed    0.04 sec
test 3
      Start  3: FaultHandlerTest.SoftFaultHandling

3: Test command: /Users/zeeshanqazi/Desktop/projects/Geryon/build/tests/geryon_tests "--gtest_filter=FaultHandlerTest.SoftFaultHandling" "--gtest_also_run_disabled_tests"
3: Working Directory: /Users/zeeshanqazi/Desktop/projects/Geryon/build/tests
3: Test timeout computed to be: 10000000
3: Running main() from /Users/zeeshanqazi/Desktop/projects/Geryon/build/_deps/googletest-src/googletest/src/gtest_main.cc
3: Note: Google Test filter = FaultHandlerTest.SoftFaultHandling
3: [==========] Running 1 test from 1 test suite.
3: [----------] Global test environment set-up.
3: [----------] 1 test from FaultHandlerTest
3: [ RUN      ] FaultHandlerTest.SoftFaultHandling
3: [       OK ] FaultHandlerTest.SoftFaultHandling (0 ms)
3: [----------] 1 test from FaultHandlerTest (0 ms total)
3: 
3: [----------] Global test environment tear-down
3: [==========] 1 test from 1 test suite ran. (0 ms total)
3: [  PASSED  ] 1 test.
 3/15 Test  #3: FaultHandlerTest.SoftFaultHandling .................   Passed    0.01 sec
test 4
      Start  4: NetworkSyncTest.BouncingOwnership

4: Test command: /Users/zeeshanqazi/Desktop/projects/Geryon/build/tests/geryon_tests "--gtest_filter=NetworkSyncTest.BouncingOwnership" "--gtest_also_run_disabled_tests"
4: Working Directory: /Users/zeeshanqazi/Desktop/projects/Geryon/build/tests
4: Test timeout computed to be: 10000000
4: Running main() from /Users/zeeshanqazi/Desktop/projects/Geryon/build/_deps/googletest-src/googletest/src/gtest_main.cc
4: Note: Google Test filter = NetworkSyncTest.BouncingOwnership
4: [==========] Running 1 test from 1 test suite.
4: [----------] Global test environment set-up.
4: [----------] 1 test from NetworkSyncTest
4: [ RUN      ] NetworkSyncTest.BouncingOwnership
4: Replica 1 connected.
4: [       OK ] NetworkSyncTest.BouncingOwnership (2131 ms)
4: [----------] 1 test from NetworkSyncTest (2131 ms total)
4: 
4: [----------] Global test environment tear-down
4: [==========] 1 test from 1 test suite ran. (2131 ms total)
4: [  PASSED  ] 1 test.
 4/15 Test  #4: NetworkSyncTest.BouncingOwnership ..................   Passed    2.14 sec
test 5
      Start  5: NetworkSyncTest.StressTest

5: Test command: /Users/zeeshanqazi/Desktop/projects/Geryon/build/tests/geryon_tests "--gtest_filter=NetworkSyncTest.StressTest" "--gtest_also_run_disabled_tests"
5: Working Directory: /Users/zeeshanqazi/Desktop/projects/Geryon/build/tests
5: Test timeout computed to be: 10000000
5: Running main() from /Users/zeeshanqazi/Desktop/projects/Geryon/build/_deps/googletest-src/googletest/src/gtest_main.cc
5: Note: Google Test filter = NetworkSyncTest.StressTest
5: [==========] Running 1 test from 1 test suite.
5: [----------] Global test environment set-up.
5: [----------] 1 test from NetworkSyncTest
5: [ RUN      ] NetworkSyncTest.StressTest
5: Replica 1 connected.
5: [       OK ] NetworkSyncTest.StressTest (2149 ms)
5: [----------] 1 test from NetworkSyncTest (2149 ms total)
5: 
5: [----------] Global test environment tear-down
5: [==========] 1 test from 1 test suite ran. (2149 ms total)
5: [  PASSED  ] 1 test.
 5/15 Test  #5: NetworkSyncTest.StressTest .........................   Passed    2.18 sec
test 6
      Start  6: MultiClientTest.StarTopologyBouncing

6: Test command: /Users/zeeshanqazi/Desktop/projects/Geryon/build/tests/geryon_tests "--gtest_filter=MultiClientTest.StarTopologyBouncing" "--gtest_also_run_disabled_tests"
6: Working Directory: /Users/zeeshanqazi/Desktop/projects/Geryon/build/tests
6: Test timeout computed to be: 10000000
6: Running main() from /Users/zeeshanqazi/Desktop/projects/Geryon/build/_deps/googletest-src/googletest/src/gtest_main.cc
6: Note: Google Test filter = MultiClientTest.StarTopologyBouncing
6: [==========] Running 1 test from 1 test suite.
6: [----------] Global test environment set-up.
6: [----------] 1 test from MultiClientTest
6: [ RUN      ] MultiClientTest.StarTopologyBouncing
6: Replica 1 connected.
6: Replica 2 connected.
6: Replica 3 connected.
6: [       OK ] MultiClientTest.StarTopologyBouncing (6438 ms)
6: [----------] 1 test from MultiClientTest (6438 ms total)
6: 
6: [----------] Global test environment tear-down
6: [==========] 1 test from 1 test suite ran. (6438 ms total)
6: [  PASSED  ] 1 test.
 6/15 Test  #6: MultiClientTest.StarTopologyBouncing ...............   Passed    6.47 sec
test 7
      Start  7: SynchronizationTest.DistributedSpinLock

7: Test command: /Users/zeeshanqazi/Desktop/projects/Geryon/build/tests/geryon_tests "--gtest_filter=SynchronizationTest.DistributedSpinLock" "--gtest_also_run_disabled_tests"
7: Working Directory: /Users/zeeshanqazi/Desktop/projects/Geryon/build/tests
7: Test timeout computed to be: 10000000
7: Running main() from /Users/zeeshanqazi/Desktop/projects/Geryon/build/_deps/googletest-src/googletest/src/gtest_main.cc
7: Note: Google Test filter = SynchronizationTest.DistributedSpinLock
7: [==========] Running 1 test from 1 test suite.
7: [----------] Global test environment set-up.
7: [----------] 1 test from SynchronizationTest
7: [ RUN      ] SynchronizationTest.DistributedSpinLock
7: Replica 1 connected.
7: Primary finished.
7: Replica finished.
7: [       OK ] SynchronizationTest.DistributedSpinLock (2150 ms)
7: [----------] 1 test from SynchronizationTest (2150 ms total)
7: 
7: [----------] Global test environment tear-down
7: [==========] 1 test from 1 test suite ran. (2150 ms total)
7: [  PASSED  ] 1 test.
 7/15 Test  #7: SynchronizationTest.DistributedSpinLock ............   Passed    2.18 sec
test 8
      Start  8: InterprocessTest.SharedVector

8: Test command: /Users/zeeshanqazi/Desktop/projects/Geryon/build/tests/geryon_tests "--gtest_filter=InterprocessTest.SharedVector" "--gtest_also_run_disabled_tests"
8: Working Directory: /Users/zeeshanqazi/Desktop/projects/Geryon/build/tests
8: Test timeout computed to be: 10000000
8: Running main() from /Users/zeeshanqazi/Desktop/projects/Geryon/build/_deps/googletest-src/googletest/src/gtest_main.cc
8: Note: Google Test filter = InterprocessTest.SharedVector
8: [==========] Running 1 test from 1 test suite.
8: [----------] Global test environment set-up.
8: [----------] 1 test from InterprocessTest
8: [ RUN      ] InterprocessTest.SharedVector
8: Replica 1 connected.
8: [       OK ] InterprocessTest.SharedVector (2129 ms)
8: [----------] 1 test from InterprocessTest (2129 ms total)
8: 
8: [----------] Global test environment tear-down
8: [==========] 1 test from 1 test suite ran. (2129 ms total)
8: [  PASSED  ] 1 test.
 8/15 Test  #8: InterprocessTest.SharedVector ......................   Passed    2.15 sec
test 9
      Start  9: MemnonIntegrationTest.SegmentedInterprocess

9: Test command: /Users/zeeshanqazi/Desktop/projects/Geryon/build/tests/geryon_tests "--gtest_filter=MemnonIntegrationTest.SegmentedInterprocess" "--gtest_also_run_disabled_tests"
9: Working Directory: /Users/zeeshanqazi/Desktop/projects/Geryon/build/tests
9: Test timeout computed to be: 10000000
9: Running main() from /Users/zeeshanqazi/Desktop/projects/Geryon/build/_deps/googletest-src/googletest/src/gtest_main.cc
9: Note: Google Test filter = MemnonIntegrationTest.SegmentedInterprocess
9: [==========] Running 1 test from 1 test suite.
9: [----------] Global test environment set-up.
9: [----------] 1 test from MemnonIntegrationTest
9: [ RUN      ] MemnonIntegrationTest.SegmentedInterprocess
9: Replica 1 connected.
9: [       OK ] MemnonIntegrationTest.SegmentedInterprocess (2129 ms)
9: [----------] 1 test from MemnonIntegrationTest (2129 ms total)
9: 
9: [----------] Global test environment tear-down
9: [==========] 1 test from 1 test suite ran. (2130 ms total)
9: [  PASSED  ] 1 test.
 9/15 Test  #9: MemnonIntegrationTest.SegmentedInterprocess ........   Passed    2.16 sec
test 10
      Start 10: ConsistencyTest.TriggerSynchronization

10: Test command: /Users/zeeshanqazi/Desktop/projects/Geryon/build/tests/geryon_tests "--gtest_filter=ConsistencyTest.TriggerSynchronization" "--gtest_also_run_disabled_tests"
10: Working Directory: /Users/zeeshanqazi/Desktop/projects/Geryon/build/tests
10: Test timeout computed to be: 10000000
10: Running main() from /Users/zeeshanqazi/Desktop/projects/Geryon/build/_deps/googletest-src/googletest/src/gtest_main.cc
10: Note: Google Test filter = ConsistencyTest.TriggerSynchronization
10: [==========] Running 1 test from 1 test suite.
10: [----------] Global test environment set-up.
10: [----------] 1 test from ConsistencyTest
10: [ RUN      ] ConsistencyTest.TriggerSynchronization
10: Starting primary...
10: Primary started.
10: Starting replica...
10: Replica started.
10: Replica 1 connected.
10: Simulating replica page request 1
10: Simulating replica page request 2
10: Replica writing to pages
10: Primary triggering synchronization
10: Primary checking consistency
10: Stopping nodes
10: Test complete
10: [       OK ] ConsistencyTest.TriggerSynchronization (2171 ms)
10: [----------] 1 test from ConsistencyTest (2171 ms total)
10: 
10: [----------] Global test environment tear-down
10: [==========] 1 test from 1 test suite ran. (2171 ms total)
10: [  PASSED  ] 1 test.
10/15 Test #10: ConsistencyTest.TriggerSynchronization .............   Passed    2.20 sec
test 11
      Start 11: ConsistencyTest.ReplicaStopFlushesData

11: Test command: /Users/zeeshanqazi/Desktop/projects/Geryon/build/tests/geryon_tests "--gtest_filter=ConsistencyTest.ReplicaStopFlushesData" "--gtest_also_run_disabled_tests"
11: Working Directory: /Users/zeeshanqazi/Desktop/projects/Geryon/build/tests
11: Test timeout computed to be: 10000000
11: Running main() from /Users/zeeshanqazi/Desktop/projects/Geryon/build/_deps/googletest-src/googletest/src/gtest_main.cc
11: Note: Google Test filter = ConsistencyTest.ReplicaStopFlushesData
11: [==========] Running 1 test from 1 test suite.
11: [----------] Global test environment set-up.
11: [----------] 1 test from ConsistencyTest
11: [ RUN      ] ConsistencyTest.ReplicaStopFlushesData
11: Replica 1 connected.
11: [       OK ] ConsistencyTest.ReplicaStopFlushesData (2182 ms)
11: [----------] 1 test from ConsistencyTest (2182 ms total)
11: 
11: [----------] Global test environment tear-down
11: [==========] 1 test from 1 test suite ran. (2182 ms total)
11: [  PASSED  ] 1 test.
11/15 Test #11: ConsistencyTest.ReplicaStopFlushesData ...............   Passed    2.20 sec
test 12
      Start 12: ConsistencyTest.PrimaryStopInitiatesHandshake

12: Test command: /Users/zeeshanqazi/Desktop/projects/Geryon/build/tests/geryon_tests "--gtest_filter=ConsistencyTest.PrimaryStopInitiatesHandshake" "--gtest_also_run_disabled_tests"
12: Working Directory: /Users/zeeshanqazi/Desktop/projects/Geryon/build/tests
12: Test timeout computed to be: 10000000
12: Running main() from /Users/zeeshanqazi/Desktop/projects/Geryon/build/_deps/googletest-src/googletest/src/gtest_main.cc
12: Note: Google Test filter = ConsistencyTest.PrimaryStopInitiatesHandshake
12: [==========] Running 1 test from 1 test suite.
12: [----------] Global test environment set-up.
12: [----------] 1 test from ConsistencyTest
12: [ RUN      ] ConsistencyTest.PrimaryStopInitiatesHandshake
12: Replica 1 connected.
12: [       OK ] ConsistencyTest.PrimaryStopInitiatesHandshake (2057 ms)
12: [----------] 1 test from ConsistencyTest (2057 ms total)
12: 
12: [----------] Global test environment tear-down
12: [==========] 1 test from 1 test suite ran. (2057 ms total)
12: [  PASSED  ] 1 test.
12/15 Test #12: ConsistencyTest.PrimaryStopInitiatesHandshake .......   Passed    2.09 sec
test 13
      Start 13: CorrectnessTest.MultithreadMultipageCorrectness

13: Test command: /Users/zeeshanqazi/Desktop/projects/Geryon/build/tests/geryon_tests "--gtest_filter=CorrectnessTest.MultithreadMultipageCorrectness" "--gtest_also_run_disabled_tests"
13: Working Directory: /Users/zeeshanqazi/Desktop/projects/Geryon/build/tests
13: Test timeout computed to be: 10000000
13: Running main() from /Users/zeeshanqazi/Desktop/projects/Geryon/build/_deps/googletest-src/googletest/src/gtest_main.cc
13: Note: Google Test filter = CorrectnessTest.MultithreadMultipageCorrectness
13: [==========] Running 1 test from 1 test suite.
13: [----------] Global test environment set-up.
13: [----------] 1 test from CorrectnessTest
13: [ RUN      ] CorrectnessTest.MultithreadMultipageCorrectness
13: Replica 1 connected.
13: Replica 2 connected.
13: Replica 3 connected.
13: [       OK ] CorrectnessTest.MultithreadMultipageCorrectness (3001 ms)
13: [----------] 1 test from CorrectnessTest (3001 ms total)
13: 
13: [----------] Global test environment tear-down
13: [==========] 1 test from 1 test suite ran. (3001 ms total)
13: [  PASSED  ] 1 test.
13/15 Test #13: CorrectnessTest.MultithreadMultipageCorrectness ....   Passed    3.03 sec
test 14
      Start 14: CorrectnessTest.MultiprocessMultipageCorrectness

14: Test command: /Users/zeeshanqazi/Desktop/projects/Geryon/build/tests/geryon_tests "--gtest_filter=CorrectnessTest.MultiprocessMultipageCorrectness" "--gtest_also_run_disabled_tests"
14: Working Directory: /Users/zeeshanqazi/Desktop/projects/Geryon/build/tests
14: Test timeout computed to be: 10000000
14: Running main() from /Users/zeeshanqazi/Desktop/projects/Geryon/build/_deps/googletest-src/googletest/src/gtest_main.cc
14: Note: Google Test filter = CorrectnessTest.MultiprocessMultipageCorrectness
14: [==========] Running 1 test from 1 test suite.
14: [----------] Global test environment set-up.
14: [----------] 1 test from CorrectnessTest
14: [ RUN      ] CorrectnessTest.MultiprocessMultipageCorrectness
14: Running main() from /Users/zeeshanqazi/Desktop/projects/Geryon/build/_deps/googletest-src/googletest/src/gtest_main.cc
14: Note: Google Test filter = CorrectnessTest.MultiprocessMultipageCorrectness
14: [==========] Running 1 test from 1 test suite.
14: [----------] Global test environment set-up.
14: [----------] 1 test from CorrectnessTest
14: [ RUN      ] CorrectnessTest.MultiprocessMultipageCorrectness
14: Replica 1 connected.
14: Running main() from /Users/zeeshanqazi/Desktop/projects/Geryon/build/_deps/googletest-src/googletest/src/gtest_main.cc
14: Note: Google Test filter = CorrectnessTest.MultiprocessMultipageCorrectness
14: [==========] Running 1 test from 1 test suite.
14: [----------] Global test environment set-up.
14: [----------] 1 test from CorrectnessTest
14: [ RUN      ] CorrectnessTest.MultiprocessMultipageCorrectness
14: Replica 2 connected.
14: Running main() from /Users/zeeshanqazi/Desktop/projects/Geryon/build/_deps/googletest-src/googletest/src/gtest_main.cc
14: Note: Google Test filter = CorrectnessTest.MultiprocessMultipageCorrectness
14: [==========] Running 1 test from 1 test suite.
14: [----------] Global test environment set-up.
14: [----------] 1 test from CorrectnessTest
14: [ RUN      ] CorrectnessTest.MultiprocessMultipageCorrectness
14: Replica 3 connected.
14: [       OK ] CorrectnessTest.MultiprocessMultipageCorrectness (2188 ms)
14: [----------] 1 test from CorrectnessTest (2188 ms total)
14: 
14: [----------] Global test environment tear-down
14: [==========] 1 test from 1 test suite ran. (2189 ms total)
14: [  PASSED  ] 1 test.
14/15 Test #14: CorrectnessTest.MultiprocessMultipageCorrectness ...   Passed    2.22 sec
test 15
      Start 15: DistributedSortTest.MultiprocessPiecewiseSort

15: Test command: /Users/zeeshanqazi/Desktop/projects/Geryon/build/tests/geryon_tests "--gtest_filter=DistributedSortTest.MultiprocessPiecewiseSort" "--gtest_also_run_disabled_tests"
15: Working Directory: /Users/zeeshanqazi/Desktop/projects/Geryon/build/tests
15: Test timeout computed to be: 10000000
15: Running main() from /Users/zeeshanqazi/Desktop/projects/Geryon/build/_deps/googletest-src/googletest/src/gtest_main.cc
15: Note: Google Test filter = DistributedSortTest.MultiprocessPiecewiseSort
15: [==========] Running 1 test from 1 test suite.
15: [----------] Global test environment set-up.
15: [----------] 1 test from DistributedSortTest
15: [ RUN      ] DistributedSortTest.MultiprocessPiecewiseSort
15: Running main() from /Users/zeeshanqazi/Desktop/projects/Geryon/build/_deps/googletest-src/googletest/src/gtest_main.cc
15: Note: Google Test filter = DistributedSortTest.MultiprocessPiecewiseSort
15: [==========] Running 1 test from 1 test suite.
15: [----------] Global test environment set-up.
15: [----------] 1 test from DistributedSortTest
15: [ RUN      ] DistributedSortTest.MultiprocessPiecewiseSort
15: Replica 1 connected.
15: Running main() from /Users/zeeshanqazi/Desktop/projects/Geryon/build/_deps/googletest-src/googletest/src/gtest_main.cc
15: Note: Google Test filter = DistributedSortTest.MultiprocessPiecewiseSort
15: [==========] Running 1 test from 1 test suite.
15: [----------] Global test environment set-up.
15: [----------] 1 test from DistributedSortTest
15: [ RUN      ] DistributedSortTest.MultiprocessPiecewiseSort
15: Replica 2 connected.
15: Running main() from /Users/zeeshanqazi/Desktop/projects/Geryon/build/_deps/googletest-src/googletest/src/gtest_main.cc
15: Note: Google Test filter = DistributedSortTest.MultiprocessPiecewiseSort
15: [==========] Running 1 test from 1 test suite.
15: [----------] Global test environment set-up.
15: [----------] 1 test from DistributedSortTest
15: [ RUN      ] DistributedSortTest.MultiprocessPiecewiseSort
15: Replica 3 connected.
15: [Primary] Pages Sent: 3671, Pages Received: 3670 | Avg Transfer Time: 2.52247 us | Avg Time Between Transfers: 229.65 us
15: [Replica 3] Pages Sent: 1315, Pages Received: 1316 | Avg Transfer Time: 2.64867 us | Avg Time Between Transfers: 1451.94 us
15: [Replica 2] Pages Sent: 1314, Pages Received: 1315 | Avg Transfer Time: 2.61416 us | Avg Time Between Transfers: 1457.38 us
15: [Replica 1] Pages Sent: 1317, Pages Received: 1318 | Avg Transfer Time: 2.74563 us | Avg Time Between Transfers: 1450.35 us
15: [       OK ] DistributedSortTest.MultiprocessPiecewiseSort (4634 ms)
15: [----------] 1 test from DistributedSortTest (4635 ms total)
15: 
15: [----------] Global test environment tear-down
15: [==========] 1 test from 1 test suite ran. (4635 ms total)
15: [  PASSED  ] 1 test.
15/15 Test #15: DistributedSortTest.MultiprocessPiecewiseSort ......   Passed    4.66 sec

100% tests passed, 0 tests failed out of 15

Total Test time (real) =  33.74 sec
macOS Run 18
Using Homebrew GCC 16: /opt/homebrew/bin/g++-16
CMake Warning (dev) at CMakeLists.txt:17 (find_package):
  Policy CMP0167 is not set: The FindBoost module is removed.  Run "cmake
  --help-policy CMP0167" for policy details.  Use the cmake_policy command to
  set the policy and suppress this warning.

This warning is for project developers.  Use -Wno-dev to suppress it.

-- git version: v1.8.3 normalized to 1.8.3
-- Google Benchmark version: 1.8.3
-- Performing Test HAVE_STD_REGEX -- success
-- Performing Test HAVE_GNU_POSIX_REGEX -- failed to compile
-- Performing Test HAVE_POSIX_REGEX -- success
-- Performing Test HAVE_STEADY_CLOCK -- success
-- Performing Test HAVE_PTHREAD_AFFINITY -- failed to compile
-- Configuring done (0.8s)
-- Generating done (0.0s)
-- Build files have been written to: /Users/zeeshanqazi/Desktop/projects/Geryon/build
[  4%] Built target gtest
[ 12%] Built target geryon
[ 21%] Built target gmock
[ 21%] Built target gtest_main
[ 63%] Built target benchmark
[ 68%] Built target gmock_main
[ 72%] Built target benchmark_main
[ 76%] Built target benchmark_page_transfer
[100%] Built target geryon_tests
Build complete. Executables are in build/tests/ and build/benchmarks/.
UpdateCTestConfiguration  from :/Users/zeeshanqazi/Desktop/projects/Geryon/build/DartConfiguration.tcl
Test project /Users/zeeshanqazi/Desktop/projects/Geryon/build
Constructing a list of tests
Done constructing a list of tests
Updating test list for fixtures
Added 0 tests to meet fixture requirements
Checking test dependency graph...
Checking test dependency graph end
test 1
      Start  1: MemoryRegionTest.AllocationAndPageSize

1: Test command: /Users/zeeshanqazi/Desktop/projects/Geryon/build/tests/geryon_tests "--gtest_filter=MemoryRegionTest.AllocationAndPageSize" "--gtest_also_run_disabled_tests"
1: Working Directory: /Users/zeeshanqazi/Desktop/projects/Geryon/build/tests
1: Test timeout computed to be: 10000000
1: Running main() from /Users/zeeshanqazi/Desktop/projects/Geryon/build/_deps/googletest-src/googletest/src/gtest_main.cc
1: Note: Google Test filter = MemoryRegionTest.AllocationAndPageSize
1: [==========] Running 1 test from 1 test suite.
1: [----------] Global test environment set-up.
1: [----------] 1 test from MemoryRegionTest
1: [ RUN      ] MemoryRegionTest.AllocationAndPageSize
1: [       OK ] MemoryRegionTest.AllocationAndPageSize (0 ms)
1: [----------] 1 test from MemoryRegionTest (0 ms total)
1: 
1: [----------] Global test environment tear-down
1: [==========] 1 test from 1 test suite ran. (0 ms total)
1: [  PASSED  ] 1 test.
 1/15 Test  #1: MemoryRegionTest.AllocationAndPageSize .............   Passed    0.01 sec
test 2
      Start  2: MemoryRegionTest.ProtectionChanges

2: Test command: /Users/zeeshanqazi/Desktop/projects/Geryon/build/tests/geryon_tests "--gtest_filter=MemoryRegionTest.ProtectionChanges" "--gtest_also_run_disabled_tests"
2: Working Directory: /Users/zeeshanqazi/Desktop/projects/Geryon/build/tests
2: Test timeout computed to be: 10000000
2: Running main() from /Users/zeeshanqazi/Desktop/projects/Geryon/build/_deps/googletest-src/googletest/src/gtest_main.cc
2: Note: Google Test filter = MemoryRegionTest.ProtectionChanges
2: [==========] Running 1 test from 1 test suite.
2: [----------] Global test environment set-up.
2: [----------] 1 test from MemoryRegionTest
2: [ RUN      ] MemoryRegionTest.ProtectionChanges
2: [       OK ] MemoryRegionTest.ProtectionChanges (30 ms)
2: [----------] 1 test from MemoryRegionTest (30 ms total)
2: 
2: [----------] Global test environment tear-down
2: [==========] 1 test from 1 test suite ran. (30 ms total)
2: [  PASSED  ] 1 test.
 2/15 Test  #2: MemoryRegionTest.ProtectionChanges .................   Passed    0.04 sec
test 3
      Start  3: FaultHandlerTest.SoftFaultHandling

3: Test command: /Users/zeeshanqazi/Desktop/projects/Geryon/build/tests/geryon_tests "--gtest_filter=FaultHandlerTest.SoftFaultHandling" "--gtest_also_run_disabled_tests"
3: Working Directory: /Users/zeeshanqazi/Desktop/projects/Geryon/build/tests
3: Test timeout computed to be: 10000000
3: Running main() from /Users/zeeshanqazi/Desktop/projects/Geryon/build/_deps/googletest-src/googletest/src/gtest_main.cc
3: Note: Google Test filter = FaultHandlerTest.SoftFaultHandling
3: [==========] Running 1 test from 1 test suite.
3: [----------] Global test environment set-up.
3: [----------] 1 test from FaultHandlerTest
3: [ RUN      ] FaultHandlerTest.SoftFaultHandling
3: [       OK ] FaultHandlerTest.SoftFaultHandling (0 ms)
3: [----------] 1 test from FaultHandlerTest (0 ms total)
3: 
3: [----------] Global test environment tear-down
3: [==========] 1 test from 1 test suite ran. (0 ms total)
3: [  PASSED  ] 1 test.
 3/15 Test  #3: FaultHandlerTest.SoftFaultHandling .................   Passed    0.01 sec
test 4
      Start  4: NetworkSyncTest.BouncingOwnership

4: Test command: /Users/zeeshanqazi/Desktop/projects/Geryon/build/tests/geryon_tests "--gtest_filter=NetworkSyncTest.BouncingOwnership" "--gtest_also_run_disabled_tests"
4: Working Directory: /Users/zeeshanqazi/Desktop/projects/Geryon/build/tests
4: Test timeout computed to be: 10000000
4: Running main() from /Users/zeeshanqazi/Desktop/projects/Geryon/build/_deps/googletest-src/googletest/src/gtest_main.cc
4: Note: Google Test filter = NetworkSyncTest.BouncingOwnership
4: [==========] Running 1 test from 1 test suite.
4: [----------] Global test environment set-up.
4: [----------] 1 test from NetworkSyncTest
4: [ RUN      ] NetworkSyncTest.BouncingOwnership
4: Replica 1 connected.
4: [       OK ] NetworkSyncTest.BouncingOwnership (2129 ms)
4: [----------] 1 test from NetworkSyncTest (2129 ms total)
4: 
4: [----------] Global test environment tear-down
4: [==========] 1 test from 1 test suite ran. (2129 ms total)
4: [  PASSED  ] 1 test.
 4/15 Test  #4: NetworkSyncTest.BouncingOwnership ..................   Passed    2.14 sec
test 5
      Start  5: NetworkSyncTest.StressTest

5: Test command: /Users/zeeshanqazi/Desktop/projects/Geryon/build/tests/geryon_tests "--gtest_filter=NetworkSyncTest.StressTest" "--gtest_also_run_disabled_tests"
5: Working Directory: /Users/zeeshanqazi/Desktop/projects/Geryon/build/tests
5: Test timeout computed to be: 10000000
5: Running main() from /Users/zeeshanqazi/Desktop/projects/Geryon/build/_deps/googletest-src/googletest/src/gtest_main.cc
5: Note: Google Test filter = NetworkSyncTest.StressTest
5: [==========] Running 1 test from 1 test suite.
5: [----------] Global test environment set-up.
5: [----------] 1 test from NetworkSyncTest
5: [ RUN      ] NetworkSyncTest.StressTest
5: Replica 1 connected.
5: [       OK ] NetworkSyncTest.StressTest (2150 ms)
5: [----------] 1 test from NetworkSyncTest (2150 ms total)
5: 
5: [----------] Global test environment tear-down
5: [==========] 1 test from 1 test suite ran. (2151 ms total)
5: [  PASSED  ] 1 test.
 5/15 Test  #5: NetworkSyncTest.StressTest .........................   Passed    2.18 sec
test 6
      Start  6: MultiClientTest.StarTopologyBouncing

6: Test command: /Users/zeeshanqazi/Desktop/projects/Geryon/build/tests/geryon_tests "--gtest_filter=MultiClientTest.StarTopologyBouncing" "--gtest_also_run_disabled_tests"
6: Working Directory: /Users/zeeshanqazi/Desktop/projects/Geryon/build/tests
6: Test timeout computed to be: 10000000
6: Running main() from /Users/zeeshanqazi/Desktop/projects/Geryon/build/_deps/googletest-src/googletest/src/gtest_main.cc
6: Note: Google Test filter = MultiClientTest.StarTopologyBouncing
6: [==========] Running 1 test from 1 test suite.
6: [----------] Global test environment set-up.
6: [----------] 1 test from MultiClientTest
6: [ RUN      ] MultiClientTest.StarTopologyBouncing
6: Replica 1 connected.
6: Replica 2 connected.
6: Replica 3 connected.
6: [       OK ] MultiClientTest.StarTopologyBouncing (6422 ms)
6: [----------] 1 test from MultiClientTest (6422 ms total)
6: 
6: [----------] Global test environment tear-down
6: [==========] 1 test from 1 test suite ran. (6423 ms total)
6: [  PASSED  ] 1 test.
 6/15 Test  #6: MultiClientTest.StarTopologyBouncing ...............   Passed    6.45 sec
test 7
      Start  7: SynchronizationTest.DistributedSpinLock

7: Test command: /Users/zeeshanqazi/Desktop/projects/Geryon/build/tests/geryon_tests "--gtest_filter=SynchronizationTest.DistributedSpinLock" "--gtest_also_run_disabled_tests"
7: Working Directory: /Users/zeeshanqazi/Desktop/projects/Geryon/build/tests
7: Test timeout computed to be: 10000000
7: Running main() from /Users/zeeshanqazi/Desktop/projects/Geryon/build/_deps/googletest-src/googletest/src/gtest_main.cc
7: Note: Google Test filter = SynchronizationTest.DistributedSpinLock
7: [==========] Running 1 test from 1 test suite.
7: [----------] Global test environment set-up.
7: [----------] 1 test from SynchronizationTest
7: [ RUN      ] SynchronizationTest.DistributedSpinLock
7: Replica 1 connected.
7: Primary finished.
7: Replica finished.
7: [       OK ] SynchronizationTest.DistributedSpinLock (2153 ms)
7: [----------] 1 test from SynchronizationTest (2153 ms total)
7: 
7: [----------] Global test environment tear-down
7: [==========] 1 test from 1 test suite ran. (2153 ms total)
7: [  PASSED  ] 1 test.
 7/15 Test  #7: SynchronizationTest.DistributedSpinLock ............   Passed    2.18 sec
test 8
      Start  8: InterprocessTest.SharedVector

8: Test command: /Users/zeeshanqazi/Desktop/projects/Geryon/build/tests/geryon_tests "--gtest_filter=InterprocessTest.SharedVector" "--gtest_also_run_disabled_tests"
8: Working Directory: /Users/zeeshanqazi/Desktop/projects/Geryon/build/tests
8: Test timeout computed to be: 10000000
8: Running main() from /Users/zeeshanqazi/Desktop/projects/Geryon/build/_deps/googletest-src/googletest/src/gtest_main.cc
8: Note: Google Test filter = InterprocessTest.SharedVector
8: [==========] Running 1 test from 1 test suite.
8: [----------] Global test environment set-up.
8: [----------] 1 test from InterprocessTest
8: [ RUN      ] InterprocessTest.SharedVector
8: Replica 1 connected.
8: [       OK ] InterprocessTest.SharedVector (2123 ms)
8: [----------] 1 test from InterprocessTest (2123 ms total)
8: 
8: [----------] Global test environment tear-down
8: [==========] 1 test from 1 test suite ran. (2123 ms total)
8: [  PASSED  ] 1 test.
 8/15 Test  #8: InterprocessTest.SharedVector ......................   Passed    2.15 sec
test 9
      Start  9: MemnonIntegrationTest.SegmentedInterprocess

9: Test command: /Users/zeeshanqazi/Desktop/projects/Geryon/build/tests/geryon_tests "--gtest_filter=MemnonIntegrationTest.SegmentedInterprocess" "--gtest_also_run_disabled_tests"
9: Working Directory: /Users/zeeshanqazi/Desktop/projects/Geryon/build/tests
9: Test timeout computed to be: 10000000
9: Running main() from /Users/zeeshanqazi/Desktop/projects/Geryon/build/_deps/googletest-src/googletest/src/gtest_main.cc
9: Note: Google Test filter = MemnonIntegrationTest.SegmentedInterprocess
9: [==========] Running 1 test from 1 test suite.
9: [----------] Global test environment set-up.
9: [----------] 1 test from MemnonIntegrationTest
9: [ RUN      ] MemnonIntegrationTest.SegmentedInterprocess
9: Replica 1 connected.
9: [       OK ] MemnonIntegrationTest.SegmentedInterprocess (2138 ms)
9: [----------] 1 test from MemnonIntegrationTest (2138 ms total)
9: 
9: [----------] Global test environment tear-down
9: [==========] 1 test from 1 test suite ran. (2138 ms total)
9: [  PASSED  ] 1 test.
 9/15 Test  #9: MemnonIntegrationTest.SegmentedInterprocess ........   Passed    2.16 sec
test 10
      Start 10: ConsistencyTest.TriggerSynchronization

10: Test command: /Users/zeeshanqazi/Desktop/projects/Geryon/build/tests/geryon_tests "--gtest_filter=ConsistencyTest.TriggerSynchronization" "--gtest_also_run_disabled_tests"
10: Working Directory: /Users/zeeshanqazi/Desktop/projects/Geryon/build/tests
10: Test timeout computed to be: 10000000
10: Running main() from /Users/zeeshanqazi/Desktop/projects/Geryon/build/_deps/googletest-src/googletest/src/gtest_main.cc
10: Note: Google Test filter = ConsistencyTest.TriggerSynchronization
10: [==========] Running 1 test from 1 test suite.
10: [----------] Global test environment set-up.
10: [----------] 1 test from ConsistencyTest
10: [ RUN      ] ConsistencyTest.TriggerSynchronization
10: Starting primary...
10: Primary started.
10: Starting replica...
10: Replica started.
10: Replica 1 connected.
10: Simulating replica page request 1
10: Simulating replica page request 2
10: Replica writing to pages
10: Primary triggering synchronization
10: Primary checking consistency
10: Stopping nodes
10: Test complete
10: [       OK ] ConsistencyTest.TriggerSynchronization (2173 ms)
10: [----------] 1 test from ConsistencyTest (2173 ms total)
10: 
10: [----------] Global test environment tear-down
10: [==========] 1 test from 1 test suite ran. (2173 ms total)
10: [  PASSED  ] 1 test.
10/15 Test #10: ConsistencyTest.TriggerSynchronization .............   Passed    2.20 sec
test 11
      Start 11: ConsistencyTest.ReplicaStopFlushesData

11: Test command: /Users/zeeshanqazi/Desktop/projects/Geryon/build/tests/geryon_tests "--gtest_filter=ConsistencyTest.ReplicaStopFlushesData" "--gtest_also_run_disabled_tests"
11: Working Directory: /Users/zeeshanqazi/Desktop/projects/Geryon/build/tests
11: Test timeout computed to be: 10000000
11: Running main() from /Users/zeeshanqazi/Desktop/projects/Geryon/build/_deps/googletest-src/googletest/src/gtest_main.cc
11: Note: Google Test filter = ConsistencyTest.ReplicaStopFlushesData
11: [==========] Running 1 test from 1 test suite.
11: [----------] Global test environment set-up.
11: [----------] 1 test from ConsistencyTest
11: [ RUN      ] ConsistencyTest.ReplicaStopFlushesData
11: Replica 1 connected.
11: [       OK ] ConsistencyTest.ReplicaStopFlushesData (2177 ms)
11: [----------] 1 test from ConsistencyTest (2177 ms total)
11: 
11: [----------] Global test environment tear-down
11: [==========] 1 test from 1 test suite ran. (2177 ms total)
11: [  PASSED  ] 1 test.
11/15 Test #11: ConsistencyTest.ReplicaStopFlushesData ...............   Passed    2.20 sec
test 12
      Start 12: ConsistencyTest.PrimaryStopInitiatesHandshake

12: Test command: /Users/zeeshanqazi/Desktop/projects/Geryon/build/tests/geryon_tests "--gtest_filter=ConsistencyTest.PrimaryStopInitiatesHandshake" "--gtest_also_run_disabled_tests"
12: Working Directory: /Users/zeeshanqazi/Desktop/projects/Geryon/build/tests
12: Test timeout computed to be: 10000000
12: Running main() from /Users/zeeshanqazi/Desktop/projects/Geryon/build/_deps/googletest-src/googletest/src/gtest_main.cc
12: Note: Google Test filter = ConsistencyTest.PrimaryStopInitiatesHandshake
12: [==========] Running 1 test from 1 test suite.
12: [----------] Global test environment set-up.
12: [----------] 1 test from ConsistencyTest
12: [ RUN      ] ConsistencyTest.PrimaryStopInitiatesHandshake
12: Replica 1 connected.
12: [       OK ] ConsistencyTest.PrimaryStopInitiatesHandshake (2069 ms)
12: [----------] 1 test from ConsistencyTest (2069 ms total)
12: 
12: [----------] Global test environment tear-down
12: [==========] 1 test from 1 test suite ran. (2069 ms total)
12: [  PASSED  ] 1 test.
12/15 Test #12: ConsistencyTest.PrimaryStopInitiatesHandshake .......   Passed    2.09 sec
test 13
      Start 13: CorrectnessTest.MultithreadMultipageCorrectness

13: Test command: /Users/zeeshanqazi/Desktop/projects/Geryon/build/tests/geryon_tests "--gtest_filter=CorrectnessTest.MultithreadMultipageCorrectness" "--gtest_also_run_disabled_tests"
13: Working Directory: /Users/zeeshanqazi/Desktop/projects/Geryon/build/tests
13: Test timeout computed to be: 10000000
13: Running main() from /Users/zeeshanqazi/Desktop/projects/Geryon/build/_deps/googletest-src/googletest/src/gtest_main.cc
13: Note: Google Test filter = CorrectnessTest.MultithreadMultipageCorrectness
13: [==========] Running 1 test from 1 test suite.
13: [----------] Global test environment set-up.
13: [----------] 1 test from CorrectnessTest
13: [ RUN      ] CorrectnessTest.MultithreadMultipageCorrectness
13: Replica 1 connected.
13: Replica 2 connected.
13: Replica 3 connected.
13: [       OK ] CorrectnessTest.MultithreadMultipageCorrectness (3005 ms)
13: [----------] 1 test from CorrectnessTest (3005 ms total)
13: 
13: [----------] Global test environment tear-down
13: [==========] 1 test from 1 test suite ran. (3005 ms total)
13: [  PASSED  ] 1 test.
13/15 Test #13: CorrectnessTest.MultithreadMultipageCorrectness ....   Passed    3.02 sec
test 14
      Start 14: CorrectnessTest.MultiprocessMultipageCorrectness

14: Test command: /Users/zeeshanqazi/Desktop/projects/Geryon/build/tests/geryon_tests "--gtest_filter=CorrectnessTest.MultiprocessMultipageCorrectness" "--gtest_also_run_disabled_tests"
14: Working Directory: /Users/zeeshanqazi/Desktop/projects/Geryon/build/tests
14: Test timeout computed to be: 10000000
14: Running main() from /Users/zeeshanqazi/Desktop/projects/Geryon/build/_deps/googletest-src/googletest/src/gtest_main.cc
14: Note: Google Test filter = CorrectnessTest.MultiprocessMultipageCorrectness
14: [==========] Running 1 test from 1 test suite.
14: [----------] Global test environment set-up.
14: [----------] 1 test from CorrectnessTest
14: [ RUN      ] CorrectnessTest.MultiprocessMultipageCorrectness
14: Running main() from /Users/zeeshanqazi/Desktop/projects/Geryon/build/_deps/googletest-src/googletest/src/gtest_main.cc
14: Note: Google Test filter = CorrectnessTest.MultiprocessMultipageCorrectness
14: [==========] Running 1 test from 1 test suite.
14: [----------] Global test environment set-up.
14: [----------] 1 test from CorrectnessTest
14: [ RUN      ] CorrectnessTest.MultiprocessMultipageCorrectness
14: Replica 1 connected.
14: Running main() from /Users/zeeshanqazi/Desktop/projects/Geryon/build/_deps/googletest-src/googletest/src/gtest_main.cc
14: Note: Google Test filter = CorrectnessTest.MultiprocessMultipageCorrectness
14: [==========] Running 1 test from 1 test suite.
14: [----------] Global test environment set-up.
14: [----------] 1 test from CorrectnessTest
14: [ RUN      ] CorrectnessTest.MultiprocessMultipageCorrectness
14: Replica 2 connected.
14: Running main() from /Users/zeeshanqazi/Desktop/projects/Geryon/build/_deps/googletest-src/googletest/src/gtest_main.cc
14: Note: Google Test filter = CorrectnessTest.MultiprocessMultipageCorrectness
14: [==========] Running 1 test from 1 test suite.
14: [----------] Global test environment set-up.
14: [----------] 1 test from CorrectnessTest
14: [ RUN      ] CorrectnessTest.MultiprocessMultipageCorrectness
14: Replica 3 connected.
14: [       OK ] CorrectnessTest.MultiprocessMultipageCorrectness (2179 ms)
14: [----------] 1 test from CorrectnessTest (2179 ms total)
14: 
14: [----------] Global test environment tear-down
14: [==========] 1 test from 1 test suite ran. (2180 ms total)
14: [  PASSED  ] 1 test.
14/15 Test #14: CorrectnessTest.MultiprocessMultipageCorrectness ...   Passed    2.20 sec
test 15
      Start 15: DistributedSortTest.MultiprocessPiecewiseSort

15: Test command: /Users/zeeshanqazi/Desktop/projects/Geryon/build/tests/geryon_tests "--gtest_filter=DistributedSortTest.MultiprocessPiecewiseSort" "--gtest_also_run_disabled_tests"
15: Working Directory: /Users/zeeshanqazi/Desktop/projects/Geryon/build/tests
15: Test timeout computed to be: 10000000
15: Running main() from /Users/zeeshanqazi/Desktop/projects/Geryon/build/_deps/googletest-src/googletest/src/gtest_main.cc
15: Note: Google Test filter = DistributedSortTest.MultiprocessPiecewiseSort
15: [==========] Running 1 test from 1 test suite.
15: [----------] Global test environment set-up.
15: [----------] 1 test from DistributedSortTest
15: [ RUN      ] DistributedSortTest.MultiprocessPiecewiseSort
15: Running main() from /Users/zeeshanqazi/Desktop/projects/Geryon/build/_deps/googletest-src/googletest/src/gtest_main.cc
15: Note: Google Test filter = DistributedSortTest.MultiprocessPiecewiseSort
15: [==========] Running 1 test from 1 test suite.
15: [----------] Global test environment set-up.
15: [----------] 1 test from DistributedSortTest
15: [ RUN      ] DistributedSortTest.MultiprocessPiecewiseSort
15: Replica 1 connected.
15: Running main() from /Users/zeeshanqazi/Desktop/projects/Geryon/build/_deps/googletest-src/googletest/src/gtest_main.cc
15: Note: Google Test filter = DistributedSortTest.MultiprocessPiecewiseSort
15: [==========] Running 1 test from 1 test suite.
15: [----------] Global test environment set-up.
15: [----------] 1 test from DistributedSortTest
15: [ RUN      ] DistributedSortTest.MultiprocessPiecewiseSort
15: Replica 2 connected.
15: Running main() from /Users/zeeshanqazi/Desktop/projects/Geryon/build/_deps/googletest-src/googletest/src/gtest_main.cc
15: Note: Google Test filter = DistributedSortTest.MultiprocessPiecewiseSort
15: [==========] Running 1 test from 1 test suite.
15: [----------] Global test environment set-up.
15: [----------] 1 test from DistributedSortTest
15: [ RUN      ] DistributedSortTest.MultiprocessPiecewiseSort
15: Replica 3 connected.
15: [Primary] Pages Sent: 3671, Pages Received: 3670 | Avg Transfer Time: 2.54399 us | Avg Time Between Transfers: 230.952 us
15: [Replica 3] Pages Sent: 1312, Pages Received: 1313 | Avg Transfer Time: 2.83079 us | Avg Time Between Transfers: 1460.48 us
15: [Replica 1] Pages Sent: 1318, Pages Received: 1319 | Avg Transfer Time: 2.89302 us | Avg Time Between Transfers: 1465.39 us
15: [Replica 2] Pages Sent: 1315, Pages Received: 1316 | Avg Transfer Time: 2.57643 us | Avg Time Between Transfers: 1467.2 us
15: [       OK ] DistributedSortTest.MultiprocessPiecewiseSort (4639 ms)
15: [----------] 1 test from DistributedSortTest (4639 ms total)
15: 
15: [----------] Global test environment tear-down
15: [==========] 1 test from 1 test suite ran. (4639 ms total)
15: [  PASSED  ] 1 test.
15/15 Test #15: DistributedSortTest.MultiprocessPiecewiseSort ......   Passed    4.67 sec

100% tests passed, 0 tests failed out of 15

Total Test time (real) =  33.73 sec
macOS Run 19
Using Homebrew GCC 16: /opt/homebrew/bin/g++-16
CMake Warning (dev) at CMakeLists.txt:17 (find_package):
  Policy CMP0167 is not set: The FindBoost module is removed.  Run "cmake
  --help-policy CMP0167" for policy details.  Use the cmake_policy command to
  set the policy and suppress this warning.

This warning is for project developers.  Use -Wno-dev to suppress it.

-- git version: v1.8.3 normalized to 1.8.3
-- Google Benchmark version: 1.8.3
-- Performing Test HAVE_STD_REGEX -- success
-- Performing Test HAVE_GNU_POSIX_REGEX -- failed to compile
-- Performing Test HAVE_POSIX_REGEX -- success
-- Performing Test HAVE_STEADY_CLOCK -- success
-- Performing Test HAVE_PTHREAD_AFFINITY -- failed to compile
-- Configuring done (0.7s)
-- Generating done (0.0s)
-- Build files have been written to: /Users/zeeshanqazi/Desktop/projects/Geryon/build
[  4%] Built target gtest
[ 12%] Built target geryon
[ 17%] Built target gtest_main
[ 21%] Built target gmock
[ 63%] Built target benchmark
[ 72%] Built target gmock_main
[ 72%] Built target benchmark_main
[ 76%] Built target benchmark_page_transfer
[100%] Built target geryon_tests
Build complete. Executables are in build/tests/ and build/benchmarks/.
UpdateCTestConfiguration  from :/Users/zeeshanqazi/Desktop/projects/Geryon/build/DartConfiguration.tcl
Test project /Users/zeeshanqazi/Desktop/projects/Geryon/build
Constructing a list of tests
Done constructing a list of tests
Updating test list for fixtures
Added 0 tests to meet fixture requirements
Checking test dependency graph...
Checking test dependency graph end
test 1
      Start  1: MemoryRegionTest.AllocationAndPageSize

1: Test command: /Users/zeeshanqazi/Desktop/projects/Geryon/build/tests/geryon_tests "--gtest_filter=MemoryRegionTest.AllocationAndPageSize" "--gtest_also_run_disabled_tests"
1: Working Directory: /Users/zeeshanqazi/Desktop/projects/Geryon/build/tests
1: Test timeout computed to be: 10000000
1: Running main() from /Users/zeeshanqazi/Desktop/projects/Geryon/build/_deps/googletest-src/googletest/src/gtest_main.cc
1: Note: Google Test filter = MemoryRegionTest.AllocationAndPageSize
1: [==========] Running 1 test from 1 test suite.
1: [----------] Global test environment set-up.
1: [----------] 1 test from MemoryRegionTest
1: [ RUN      ] MemoryRegionTest.AllocationAndPageSize
1: [       OK ] MemoryRegionTest.AllocationAndPageSize (0 ms)
1: [----------] 1 test from MemoryRegionTest (0 ms total)
1: 
1: [----------] Global test environment tear-down
1: [==========] 1 test from 1 test suite ran. (0 ms total)
1: [  PASSED  ] 1 test.
 1/15 Test  #1: MemoryRegionTest.AllocationAndPageSize .............   Passed    0.01 sec
test 2
      Start  2: MemoryRegionTest.ProtectionChanges

2: Test command: /Users/zeeshanqazi/Desktop/projects/Geryon/build/tests/geryon_tests "--gtest_filter=MemoryRegionTest.ProtectionChanges" "--gtest_also_run_disabled_tests"
2: Working Directory: /Users/zeeshanqazi/Desktop/projects/Geryon/build/tests
2: Test timeout computed to be: 10000000
2: Running main() from /Users/zeeshanqazi/Desktop/projects/Geryon/build/_deps/googletest-src/googletest/src/gtest_main.cc
2: Note: Google Test filter = MemoryRegionTest.ProtectionChanges
2: [==========] Running 1 test from 1 test suite.
2: [----------] Global test environment set-up.
2: [----------] 1 test from MemoryRegionTest
2: [ RUN      ] MemoryRegionTest.ProtectionChanges
2: [       OK ] MemoryRegionTest.ProtectionChanges (31 ms)
2: [----------] 1 test from MemoryRegionTest (31 ms total)
2: 
2: [----------] Global test environment tear-down
2: [==========] 1 test from 1 test suite ran. (31 ms total)
2: [  PASSED  ] 1 test.
 2/15 Test  #2: MemoryRegionTest.ProtectionChanges .................   Passed    0.04 sec
test 3
      Start  3: FaultHandlerTest.SoftFaultHandling

3: Test command: /Users/zeeshanqazi/Desktop/projects/Geryon/build/tests/geryon_tests "--gtest_filter=FaultHandlerTest.SoftFaultHandling" "--gtest_also_run_disabled_tests"
3: Working Directory: /Users/zeeshanqazi/Desktop/projects/Geryon/build/tests
3: Test timeout computed to be: 10000000
3: Running main() from /Users/zeeshanqazi/Desktop/projects/Geryon/build/_deps/googletest-src/googletest/src/gtest_main.cc
3: Note: Google Test filter = FaultHandlerTest.SoftFaultHandling
3: [==========] Running 1 test from 1 test suite.
3: [----------] Global test environment set-up.
3: [----------] 1 test from FaultHandlerTest
3: [ RUN      ] FaultHandlerTest.SoftFaultHandling
3: [       OK ] FaultHandlerTest.SoftFaultHandling (0 ms)
3: [----------] 1 test from FaultHandlerTest (0 ms total)
3: 
3: [----------] Global test environment tear-down
3: [==========] 1 test from 1 test suite ran. (0 ms total)
3: [  PASSED  ] 1 test.
 3/15 Test  #3: FaultHandlerTest.SoftFaultHandling .................   Passed    0.01 sec
test 4
      Start  4: NetworkSyncTest.BouncingOwnership

4: Test command: /Users/zeeshanqazi/Desktop/projects/Geryon/build/tests/geryon_tests "--gtest_filter=NetworkSyncTest.BouncingOwnership" "--gtest_also_run_disabled_tests"
4: Working Directory: /Users/zeeshanqazi/Desktop/projects/Geryon/build/tests
4: Test timeout computed to be: 10000000
4: Running main() from /Users/zeeshanqazi/Desktop/projects/Geryon/build/_deps/googletest-src/googletest/src/gtest_main.cc
4: Note: Google Test filter = NetworkSyncTest.BouncingOwnership
4: [==========] Running 1 test from 1 test suite.
4: [----------] Global test environment set-up.
4: [----------] 1 test from NetworkSyncTest
4: [ RUN      ] NetworkSyncTest.BouncingOwnership
4: Replica 1 connected.
4: [       OK ] NetworkSyncTest.BouncingOwnership (2132 ms)
4: [----------] 1 test from NetworkSyncTest (2132 ms total)
4: 
4: [----------] Global test environment tear-down
4: [==========] 1 test from 1 test suite ran. (2132 ms total)
4: [  PASSED  ] 1 test.
 4/15 Test  #4: NetworkSyncTest.BouncingOwnership ..................   Passed    2.14 sec
test 5
      Start  5: NetworkSyncTest.StressTest

5: Test command: /Users/zeeshanqazi/Desktop/projects/Geryon/build/tests/geryon_tests "--gtest_filter=NetworkSyncTest.StressTest" "--gtest_also_run_disabled_tests"
5: Working Directory: /Users/zeeshanqazi/Desktop/projects/Geryon/build/tests
5: Test timeout computed to be: 10000000
5: Running main() from /Users/zeeshanqazi/Desktop/projects/Geryon/build/_deps/googletest-src/googletest/src/gtest_main.cc
5: Note: Google Test filter = NetworkSyncTest.StressTest
5: [==========] Running 1 test from 1 test suite.
5: [----------] Global test environment set-up.
5: [----------] 1 test from NetworkSyncTest
5: [ RUN      ] NetworkSyncTest.StressTest
5: Replica 1 connected.
5: [       OK ] NetworkSyncTest.StressTest (2150 ms)
5: [----------] 1 test from NetworkSyncTest (2150 ms total)
5: 
5: [----------] Global test environment tear-down
5: [==========] 1 test from 1 test suite ran. (2150 ms total)
5: [  PASSED  ] 1 test.
 5/15 Test  #5: NetworkSyncTest.StressTest .........................   Passed    2.18 sec
test 6
      Start  6: MultiClientTest.StarTopologyBouncing

6: Test command: /Users/zeeshanqazi/Desktop/projects/Geryon/build/tests/geryon_tests "--gtest_filter=MultiClientTest.StarTopologyBouncing" "--gtest_also_run_disabled_tests"
6: Working Directory: /Users/zeeshanqazi/Desktop/projects/Geryon/build/tests
6: Test timeout computed to be: 10000000
6: Running main() from /Users/zeeshanqazi/Desktop/projects/Geryon/build/_deps/googletest-src/googletest/src/gtest_main.cc
6: Note: Google Test filter = MultiClientTest.StarTopologyBouncing
6: [==========] Running 1 test from 1 test suite.
6: [----------] Global test environment set-up.
6: [----------] 1 test from MultiClientTest
6: [ RUN      ] MultiClientTest.StarTopologyBouncing
6: Replica 1 connected.
6: Replica 2 connected.
6: Replica 3 connected.
6: [       OK ] MultiClientTest.StarTopologyBouncing (6425 ms)
6: [----------] 1 test from MultiClientTest (6425 ms total)
6: 
6: [----------] Global test environment tear-down
6: [==========] 1 test from 1 test suite ran. (6425 ms total)
6: [  PASSED  ] 1 test.
 6/15 Test  #6: MultiClientTest.StarTopologyBouncing ...............   Passed    6.45 sec
test 7
      Start  7: SynchronizationTest.DistributedSpinLock

7: Test command: /Users/zeeshanqazi/Desktop/projects/Geryon/build/tests/geryon_tests "--gtest_filter=SynchronizationTest.DistributedSpinLock" "--gtest_also_run_disabled_tests"
7: Working Directory: /Users/zeeshanqazi/Desktop/projects/Geryon/build/tests
7: Test timeout computed to be: 10000000
7: Running main() from /Users/zeeshanqazi/Desktop/projects/Geryon/build/_deps/googletest-src/googletest/src/gtest_main.cc
7: Note: Google Test filter = SynchronizationTest.DistributedSpinLock
7: [==========] Running 1 test from 1 test suite.
7: [----------] Global test environment set-up.
7: [----------] 1 test from SynchronizationTest
7: [ RUN      ] SynchronizationTest.DistributedSpinLock
7: Replica 1 connected.
7: Primary finished.
7: Replica finished.
7: [       OK ] SynchronizationTest.DistributedSpinLock (2143 ms)
7: [----------] 1 test from SynchronizationTest (2143 ms total)
7: 
7: [----------] Global test environment tear-down
7: [==========] 1 test from 1 test suite ran. (2143 ms total)
7: [  PASSED  ] 1 test.
 7/15 Test  #7: SynchronizationTest.DistributedSpinLock ............   Passed    2.17 sec
test 8
      Start  8: InterprocessTest.SharedVector

8: Test command: /Users/zeeshanqazi/Desktop/projects/Geryon/build/tests/geryon_tests "--gtest_filter=InterprocessTest.SharedVector" "--gtest_also_run_disabled_tests"
8: Working Directory: /Users/zeeshanqazi/Desktop/projects/Geryon/build/tests
8: Test timeout computed to be: 10000000
8: Running main() from /Users/zeeshanqazi/Desktop/projects/Geryon/build/_deps/googletest-src/googletest/src/gtest_main.cc
8: Note: Google Test filter = InterprocessTest.SharedVector
8: [==========] Running 1 test from 1 test suite.
8: [----------] Global test environment set-up.
8: [----------] 1 test from InterprocessTest
8: [ RUN      ] InterprocessTest.SharedVector
8: Replica 1 connected.
8: [       OK ] InterprocessTest.SharedVector (2125 ms)
8: [----------] 1 test from InterprocessTest (2125 ms total)
8: 
8: [----------] Global test environment tear-down
8: [==========] 1 test from 1 test suite ran. (2125 ms total)
8: [  PASSED  ] 1 test.
 8/15 Test  #8: InterprocessTest.SharedVector ......................   Passed    2.15 sec
test 9
      Start  9: MemnonIntegrationTest.SegmentedInterprocess

9: Test command: /Users/zeeshanqazi/Desktop/projects/Geryon/build/tests/geryon_tests "--gtest_filter=MemnonIntegrationTest.SegmentedInterprocess" "--gtest_also_run_disabled_tests"
9: Working Directory: /Users/zeeshanqazi/Desktop/projects/Geryon/build/tests
9: Test timeout computed to be: 10000000
9: Running main() from /Users/zeeshanqazi/Desktop/projects/Geryon/build/_deps/googletest-src/googletest/src/gtest_main.cc
9: Note: Google Test filter = MemnonIntegrationTest.SegmentedInterprocess
9: [==========] Running 1 test from 1 test suite.
9: [----------] Global test environment set-up.
9: [----------] 1 test from MemnonIntegrationTest
9: [ RUN      ] MemnonIntegrationTest.SegmentedInterprocess
9: Replica 1 connected.
9: [       OK ] MemnonIntegrationTest.SegmentedInterprocess (2134 ms)
9: [----------] 1 test from MemnonIntegrationTest (2134 ms total)
9: 
9: [----------] Global test environment tear-down
9: [==========] 1 test from 1 test suite ran. (2134 ms total)
9: [  PASSED  ] 1 test.
 9/15 Test  #9: MemnonIntegrationTest.SegmentedInterprocess ........   Passed    2.16 sec
test 10
      Start 10: ConsistencyTest.TriggerSynchronization

10: Test command: /Users/zeeshanqazi/Desktop/projects/Geryon/build/tests/geryon_tests "--gtest_filter=ConsistencyTest.TriggerSynchronization" "--gtest_also_run_disabled_tests"
10: Working Directory: /Users/zeeshanqazi/Desktop/projects/Geryon/build/tests
10: Test timeout computed to be: 10000000
10: Running main() from /Users/zeeshanqazi/Desktop/projects/Geryon/build/_deps/googletest-src/googletest/src/gtest_main.cc
10: Note: Google Test filter = ConsistencyTest.TriggerSynchronization
10: [==========] Running 1 test from 1 test suite.
10: [----------] Global test environment set-up.
10: [----------] 1 test from ConsistencyTest
10: [ RUN      ] ConsistencyTest.TriggerSynchronization
10: Starting primary...
10: Primary started.
10: Starting replica...
10: Replica started.
10: Replica 1 connected.
10: Simulating replica page request 1
10: Simulating replica page request 2
10: Replica writing to pages
10: Primary triggering synchronization
10: Primary checking consistency
10: Stopping nodes
10: Test complete
10: [       OK ] ConsistencyTest.TriggerSynchronization (2168 ms)
10: [----------] 1 test from ConsistencyTest (2168 ms total)
10: 
10: [----------] Global test environment tear-down
10: [==========] 1 test from 1 test suite ran. (2168 ms total)
10: [  PASSED  ] 1 test.
10/15 Test #10: ConsistencyTest.TriggerSynchronization .............   Passed    2.19 sec
test 11
      Start 11: ConsistencyTest.ReplicaStopFlushesData

11: Test command: /Users/zeeshanqazi/Desktop/projects/Geryon/build/tests/geryon_tests "--gtest_filter=ConsistencyTest.ReplicaStopFlushesData" "--gtest_also_run_disabled_tests"
11: Working Directory: /Users/zeeshanqazi/Desktop/projects/Geryon/build/tests
11: Test timeout computed to be: 10000000
11: Running main() from /Users/zeeshanqazi/Desktop/projects/Geryon/build/_deps/googletest-src/googletest/src/gtest_main.cc
11: Note: Google Test filter = ConsistencyTest.ReplicaStopFlushesData
11: [==========] Running 1 test from 1 test suite.
11: [----------] Global test environment set-up.
11: [----------] 1 test from ConsistencyTest
11: [ RUN      ] ConsistencyTest.ReplicaStopFlushesData
11: Replica 1 connected.
11: [       OK ] ConsistencyTest.ReplicaStopFlushesData (2177 ms)
11: [----------] 1 test from ConsistencyTest (2177 ms total)
11: 
11: [----------] Global test environment tear-down
11: [==========] 1 test from 1 test suite ran. (2177 ms total)
11: [  PASSED  ] 1 test.
11/15 Test #11: ConsistencyTest.ReplicaStopFlushesData ...............   Passed    2.20 sec
test 12
      Start 12: ConsistencyTest.PrimaryStopInitiatesHandshake

12: Test command: /Users/zeeshanqazi/Desktop/projects/Geryon/build/tests/geryon_tests "--gtest_filter=ConsistencyTest.PrimaryStopInitiatesHandshake" "--gtest_also_run_disabled_tests"
12: Working Directory: /Users/zeeshanqazi/Desktop/projects/Geryon/build/tests
12: Test timeout computed to be: 10000000
12: Running main() from /Users/zeeshanqazi/Desktop/projects/Geryon/build/_deps/googletest-src/googletest/src/gtest_main.cc
12: Note: Google Test filter = ConsistencyTest.PrimaryStopInitiatesHandshake
12: [==========] Running 1 test from 1 test suite.
12: [----------] Global test environment set-up.
12: [----------] 1 test from ConsistencyTest
12: [ RUN      ] ConsistencyTest.PrimaryStopInitiatesHandshake
12: Replica 1 connected.
12: [       OK ] ConsistencyTest.PrimaryStopInitiatesHandshake (2055 ms)
12: [----------] 1 test from ConsistencyTest (2055 ms total)
12: 
12: [----------] Global test environment tear-down
12: [==========] 1 test from 1 test suite ran. (2055 ms total)
12: [  PASSED  ] 1 test.
12/15 Test #12: ConsistencyTest.PrimaryStopInitiatesHandshake .......   Passed    2.08 sec
test 13
      Start 13: CorrectnessTest.MultithreadMultipageCorrectness

13: Test command: /Users/zeeshanqazi/Desktop/projects/Geryon/build/tests/geryon_tests "--gtest_filter=CorrectnessTest.MultithreadMultipageCorrectness" "--gtest_also_run_disabled_tests"
13: Working Directory: /Users/zeeshanqazi/Desktop/projects/Geryon/build/tests
13: Test timeout computed to be: 10000000
13: Running main() from /Users/zeeshanqazi/Desktop/projects/Geryon/build/_deps/googletest-src/googletest/src/gtest_main.cc
13: Note: Google Test filter = CorrectnessTest.MultithreadMultipageCorrectness
13: [==========] Running 1 test from 1 test suite.
13: [----------] Global test environment set-up.
13: [----------] 1 test from CorrectnessTest
13: [ RUN      ] CorrectnessTest.MultithreadMultipageCorrectness
13: Replica 1 connected.
13: Replica 2 connected.
13: Replica 3 connected.
13: [       OK ] CorrectnessTest.MultithreadMultipageCorrectness (2978 ms)
13: [----------] 1 test from CorrectnessTest (2978 ms total)
13: 
13: [----------] Global test environment tear-down
13: [==========] 1 test from 1 test suite ran. (2978 ms total)
13: [  PASSED  ] 1 test.
13/15 Test #13: CorrectnessTest.MultithreadMultipageCorrectness ....   Passed    3.01 sec
test 14
      Start 14: CorrectnessTest.MultiprocessMultipageCorrectness

14: Test command: /Users/zeeshanqazi/Desktop/projects/Geryon/build/tests/geryon_tests "--gtest_filter=CorrectnessTest.MultiprocessMultipageCorrectness" "--gtest_also_run_disabled_tests"
14: Working Directory: /Users/zeeshanqazi/Desktop/projects/Geryon/build/tests
14: Test timeout computed to be: 10000000
14: Running main() from /Users/zeeshanqazi/Desktop/projects/Geryon/build/_deps/googletest-src/googletest/src/gtest_main.cc
14: Note: Google Test filter = CorrectnessTest.MultiprocessMultipageCorrectness
14: [==========] Running 1 test from 1 test suite.
14: [----------] Global test environment set-up.
14: [----------] 1 test from CorrectnessTest
14: [ RUN      ] CorrectnessTest.MultiprocessMultipageCorrectness
14: Running main() from /Users/zeeshanqazi/Desktop/projects/Geryon/build/_deps/googletest-src/googletest/src/gtest_main.cc
14: Note: Google Test filter = CorrectnessTest.MultiprocessMultipageCorrectness
14: [==========] Running 1 test from 1 test suite.
14: [----------] Global test environment set-up.
14: [----------] 1 test from CorrectnessTest
14: [ RUN      ] CorrectnessTest.MultiprocessMultipageCorrectness
14: Replica 1 connected.
14: Running main() from /Users/zeeshanqazi/Desktop/projects/Geryon/build/_deps/googletest-src/googletest/src/gtest_main.cc
14: Note: Google Test filter = CorrectnessTest.MultiprocessMultipageCorrectness
14: [==========] Running 1 test from 1 test suite.
14: [----------] Global test environment set-up.
14: [----------] 1 test from CorrectnessTest
14: [ RUN      ] CorrectnessTest.MultiprocessMultipageCorrectness
14: Replica 2 connected.
14: Running main() from /Users/zeeshanqazi/Desktop/projects/Geryon/build/_deps/googletest-src/googletest/src/gtest_main.cc
14: Note: Google Test filter = CorrectnessTest.MultiprocessMultipageCorrectness
14: [==========] Running 1 test from 1 test suite.
14: [----------] Global test environment set-up.
14: [----------] 1 test from CorrectnessTest
14: [ RUN      ] CorrectnessTest.MultiprocessMultipageCorrectness
14: Replica 3 connected.
14: [       OK ] CorrectnessTest.MultiprocessMultipageCorrectness (2174 ms)
14: [----------] 1 test from CorrectnessTest (2174 ms total)
14: 
14: [----------] Global test environment tear-down
14: [==========] 1 test from 1 test suite ran. (2174 ms total)
14: [  PASSED  ] 1 test.
14/15 Test #14: CorrectnessTest.MultiprocessMultipageCorrectness ...   Passed    2.20 sec
test 15
      Start 15: DistributedSortTest.MultiprocessPiecewiseSort

15: Test command: /Users/zeeshanqazi/Desktop/projects/Geryon/build/tests/geryon_tests "--gtest_filter=DistributedSortTest.MultiprocessPiecewiseSort" "--gtest_also_run_disabled_tests"
15: Working Directory: /Users/zeeshanqazi/Desktop/projects/Geryon/build/tests
15: Test timeout computed to be: 10000000
15: Running main() from /Users/zeeshanqazi/Desktop/projects/Geryon/build/_deps/googletest-src/googletest/src/gtest_main.cc
15: Note: Google Test filter = DistributedSortTest.MultiprocessPiecewiseSort
15: [==========] Running 1 test from 1 test suite.
15: [----------] Global test environment set-up.
15: [----------] 1 test from DistributedSortTest
15: [ RUN      ] DistributedSortTest.MultiprocessPiecewiseSort
15: Running main() from /Users/zeeshanqazi/Desktop/projects/Geryon/build/_deps/googletest-src/googletest/src/gtest_main.cc
15: Note: Google Test filter = DistributedSortTest.MultiprocessPiecewiseSort
15: [==========] Running 1 test from 1 test suite.
15: [----------] Global test environment set-up.
15: [----------] 1 test from DistributedSortTest
15: [ RUN      ] DistributedSortTest.MultiprocessPiecewiseSort
15: Replica 1 connected.
15: Running main() from /Users/zeeshanqazi/Desktop/projects/Geryon/build/_deps/googletest-src/googletest/src/gtest_main.cc
15: Note: Google Test filter = DistributedSortTest.MultiprocessPiecewiseSort
15: [==========] Running 1 test from 1 test suite.
15: [----------] Global test environment set-up.
15: [----------] 1 test from DistributedSortTest
15: [ RUN      ] DistributedSortTest.MultiprocessPiecewiseSort
15: Replica 2 connected.
15: Running main() from /Users/zeeshanqazi/Desktop/projects/Geryon/build/_deps/googletest-src/googletest/src/gtest_main.cc
15: Note: Google Test filter = DistributedSortTest.MultiprocessPiecewiseSort
15: [==========] Running 1 test from 1 test suite.
15: [----------] Global test environment set-up.
15: [----------] 1 test from DistributedSortTest
15: [ RUN      ] DistributedSortTest.MultiprocessPiecewiseSort
15: Replica 3 connected.
15: [Primary] Pages Sent: 3671, Pages Received: 3670 | Avg Transfer Time: 3.37728 us | Avg Time Between Transfers: 218.337 us
15: [Replica 2] Pages Sent: 1322, Pages Received: 1323 | Avg Transfer Time: 3.5 us | Avg Time Between Transfers: 1383.77 us
15: [Replica 1] Pages Sent: 1323, Pages Received: 1324 | Avg Transfer Time: 2.86243 us | Avg Time Between Transfers: 1383.88 us
15: [Replica 3] Pages Sent: 1323, Pages Received: 1324 | Avg Transfer Time: 3.80272 us | Avg Time Between Transfers: 1382.99 us
15: [       OK ] DistributedSortTest.MultiprocessPiecewiseSort (4536 ms)
15: [----------] 1 test from DistributedSortTest (4536 ms total)
15: 
15: [----------] Global test environment tear-down
15: [==========] 1 test from 1 test suite ran. (4536 ms total)
15: [  PASSED  ] 1 test.
15/15 Test #15: DistributedSortTest.MultiprocessPiecewiseSort ......   Passed    4.57 sec

100% tests passed, 0 tests failed out of 15

Total Test time (real) =  33.58 sec
macOS Run 20
Using Homebrew GCC 16: /opt/homebrew/bin/g++-16
CMake Warning (dev) at CMakeLists.txt:17 (find_package):
  Policy CMP0167 is not set: The FindBoost module is removed.  Run "cmake
  --help-policy CMP0167" for policy details.  Use the cmake_policy command to
  set the policy and suppress this warning.

This warning is for project developers.  Use -Wno-dev to suppress it.

-- git version: v1.8.3 normalized to 1.8.3
-- Google Benchmark version: 1.8.3
-- Performing Test HAVE_STD_REGEX -- success
-- Performing Test HAVE_GNU_POSIX_REGEX -- failed to compile
-- Performing Test HAVE_POSIX_REGEX -- success
-- Performing Test HAVE_STEADY_CLOCK -- success
-- Performing Test HAVE_PTHREAD_AFFINITY -- failed to compile
-- Configuring done (0.8s)
-- Generating done (0.0s)
-- Build files have been written to: /Users/zeeshanqazi/Desktop/projects/Geryon/build
[  4%] Built target gtest
[ 12%] Built target geryon
[ 17%] Built target gtest_main
[ 21%] Built target gmock
[ 63%] Built target benchmark
[ 68%] Built target gmock_main
[ 72%] Built target benchmark_main
[ 76%] Built target benchmark_page_transfer
[100%] Built target geryon_tests
Build complete. Executables are in build/tests/ and build/benchmarks/.
UpdateCTestConfiguration  from :/Users/zeeshanqazi/Desktop/projects/Geryon/build/DartConfiguration.tcl
Test project /Users/zeeshanqazi/Desktop/projects/Geryon/build
Constructing a list of tests
Done constructing a list of tests
Updating test list for fixtures
Added 0 tests to meet fixture requirements
Checking test dependency graph...
Checking test dependency graph end
test 1
      Start  1: MemoryRegionTest.AllocationAndPageSize

1: Test command: /Users/zeeshanqazi/Desktop/projects/Geryon/build/tests/geryon_tests "--gtest_filter=MemoryRegionTest.AllocationAndPageSize" "--gtest_also_run_disabled_tests"
1: Working Directory: /Users/zeeshanqazi/Desktop/projects/Geryon/build/tests
1: Test timeout computed to be: 10000000
1: Running main() from /Users/zeeshanqazi/Desktop/projects/Geryon/build/_deps/googletest-src/googletest/src/gtest_main.cc
1: Note: Google Test filter = MemoryRegionTest.AllocationAndPageSize
1: [==========] Running 1 test from 1 test suite.
1: [----------] Global test environment set-up.
1: [----------] 1 test from MemoryRegionTest
1: [ RUN      ] MemoryRegionTest.AllocationAndPageSize
1: [       OK ] MemoryRegionTest.AllocationAndPageSize (0 ms)
1: [----------] 1 test from MemoryRegionTest (0 ms total)
1: 
1: [----------] Global test environment tear-down
1: [==========] 1 test from 1 test suite ran. (0 ms total)
1: [  PASSED  ] 1 test.
 1/15 Test  #1: MemoryRegionTest.AllocationAndPageSize .............   Passed    0.01 sec
test 2
      Start  2: MemoryRegionTest.ProtectionChanges

2: Test command: /Users/zeeshanqazi/Desktop/projects/Geryon/build/tests/geryon_tests "--gtest_filter=MemoryRegionTest.ProtectionChanges" "--gtest_also_run_disabled_tests"
2: Working Directory: /Users/zeeshanqazi/Desktop/projects/Geryon/build/tests
2: Test timeout computed to be: 10000000
2: Running main() from /Users/zeeshanqazi/Desktop/projects/Geryon/build/_deps/googletest-src/googletest/src/gtest_main.cc
2: Note: Google Test filter = MemoryRegionTest.ProtectionChanges
2: [==========] Running 1 test from 1 test suite.
2: [----------] Global test environment set-up.
2: [----------] 1 test from MemoryRegionTest
2: [ RUN      ] MemoryRegionTest.ProtectionChanges
2: [       OK ] MemoryRegionTest.ProtectionChanges (31 ms)
2: [----------] 1 test from MemoryRegionTest (31 ms total)
2: 
2: [----------] Global test environment tear-down
2: [==========] 1 test from 1 test suite ran. (31 ms total)
2: [  PASSED  ] 1 test.
 2/15 Test  #2: MemoryRegionTest.ProtectionChanges .................   Passed    0.04 sec
test 3
      Start  3: FaultHandlerTest.SoftFaultHandling

3: Test command: /Users/zeeshanqazi/Desktop/projects/Geryon/build/tests/geryon_tests "--gtest_filter=FaultHandlerTest.SoftFaultHandling" "--gtest_also_run_disabled_tests"
3: Working Directory: /Users/zeeshanqazi/Desktop/projects/Geryon/build/tests
3: Test timeout computed to be: 10000000
3: Running main() from /Users/zeeshanqazi/Desktop/projects/Geryon/build/_deps/googletest-src/googletest/src/gtest_main.cc
3: Note: Google Test filter = FaultHandlerTest.SoftFaultHandling
3: [==========] Running 1 test from 1 test suite.
3: [----------] Global test environment set-up.
3: [----------] 1 test from FaultHandlerTest
3: [ RUN      ] FaultHandlerTest.SoftFaultHandling
3: [       OK ] FaultHandlerTest.SoftFaultHandling (0 ms)
3: [----------] 1 test from FaultHandlerTest (0 ms total)
3: 
3: [----------] Global test environment tear-down
3: [==========] 1 test from 1 test suite ran. (0 ms total)
3: [  PASSED  ] 1 test.
 3/15 Test  #3: FaultHandlerTest.SoftFaultHandling .................   Passed    0.01 sec
test 4
      Start  4: NetworkSyncTest.BouncingOwnership

4: Test command: /Users/zeeshanqazi/Desktop/projects/Geryon/build/tests/geryon_tests "--gtest_filter=NetworkSyncTest.BouncingOwnership" "--gtest_also_run_disabled_tests"
4: Working Directory: /Users/zeeshanqazi/Desktop/projects/Geryon/build/tests
4: Test timeout computed to be: 10000000
4: Running main() from /Users/zeeshanqazi/Desktop/projects/Geryon/build/_deps/googletest-src/googletest/src/gtest_main.cc
4: Note: Google Test filter = NetworkSyncTest.BouncingOwnership
4: [==========] Running 1 test from 1 test suite.
4: [----------] Global test environment set-up.
4: [----------] 1 test from NetworkSyncTest
4: [ RUN      ] NetworkSyncTest.BouncingOwnership
4: Replica 1 connected.
4: [       OK ] NetworkSyncTest.BouncingOwnership (2115 ms)
4: [----------] 1 test from NetworkSyncTest (2115 ms total)
4: 
4: [----------] Global test environment tear-down
4: [==========] 1 test from 1 test suite ran. (2115 ms total)
4: [  PASSED  ] 1 test.
 4/15 Test  #4: NetworkSyncTest.BouncingOwnership ..................   Passed    2.13 sec
test 5
      Start  5: NetworkSyncTest.StressTest

5: Test command: /Users/zeeshanqazi/Desktop/projects/Geryon/build/tests/geryon_tests "--gtest_filter=NetworkSyncTest.StressTest" "--gtest_also_run_disabled_tests"
5: Working Directory: /Users/zeeshanqazi/Desktop/projects/Geryon/build/tests
5: Test timeout computed to be: 10000000
5: Running main() from /Users/zeeshanqazi/Desktop/projects/Geryon/build/_deps/googletest-src/googletest/src/gtest_main.cc
5: Note: Google Test filter = NetworkSyncTest.StressTest
5: [==========] Running 1 test from 1 test suite.
5: [----------] Global test environment set-up.
5: [----------] 1 test from NetworkSyncTest
5: [ RUN      ] NetworkSyncTest.StressTest
5: Replica 1 connected.
5: [       OK ] NetworkSyncTest.StressTest (2134 ms)
5: [----------] 1 test from NetworkSyncTest (2134 ms total)
5: 
5: [----------] Global test environment tear-down
5: [==========] 1 test from 1 test suite ran. (2134 ms total)
5: [  PASSED  ] 1 test.
 5/15 Test  #5: NetworkSyncTest.StressTest .........................   Passed    2.16 sec
test 6
      Start  6: MultiClientTest.StarTopologyBouncing

6: Test command: /Users/zeeshanqazi/Desktop/projects/Geryon/build/tests/geryon_tests "--gtest_filter=MultiClientTest.StarTopologyBouncing" "--gtest_also_run_disabled_tests"
6: Working Directory: /Users/zeeshanqazi/Desktop/projects/Geryon/build/tests
6: Test timeout computed to be: 10000000
6: Running main() from /Users/zeeshanqazi/Desktop/projects/Geryon/build/_deps/googletest-src/googletest/src/gtest_main.cc
6: Note: Google Test filter = MultiClientTest.StarTopologyBouncing
6: [==========] Running 1 test from 1 test suite.
6: [----------] Global test environment set-up.
6: [----------] 1 test from MultiClientTest
6: [ RUN      ] MultiClientTest.StarTopologyBouncing
6: Replica 1 connected.
6: Replica 2 connected.
6: Replica 3 connected.
6: [       OK ] MultiClientTest.StarTopologyBouncing (6407 ms)
6: [----------] 1 test from MultiClientTest (6407 ms total)
6: 
6: [----------] Global test environment tear-down
6: [==========] 1 test from 1 test suite ran. (6407 ms total)
6: [  PASSED  ] 1 test.
 6/15 Test  #6: MultiClientTest.StarTopologyBouncing ...............   Passed    6.44 sec
test 7
      Start  7: SynchronizationTest.DistributedSpinLock

7: Test command: /Users/zeeshanqazi/Desktop/projects/Geryon/build/tests/geryon_tests "--gtest_filter=SynchronizationTest.DistributedSpinLock" "--gtest_also_run_disabled_tests"
7: Working Directory: /Users/zeeshanqazi/Desktop/projects/Geryon/build/tests
7: Test timeout computed to be: 10000000
7: Running main() from /Users/zeeshanqazi/Desktop/projects/Geryon/build/_deps/googletest-src/googletest/src/gtest_main.cc
7: Note: Google Test filter = SynchronizationTest.DistributedSpinLock
7: [==========] Running 1 test from 1 test suite.
7: [----------] Global test environment set-up.
7: [----------] 1 test from SynchronizationTest
7: [ RUN      ] SynchronizationTest.DistributedSpinLock
7: Replica 1 connected.
7: Primary finished.
7: Replica finished.
7: [       OK ] SynchronizationTest.DistributedSpinLock (2150 ms)
7: [----------] 1 test from SynchronizationTest (2150 ms total)
7: 
7: [----------] Global test environment tear-down
7: [==========] 1 test from 1 test suite ran. (2150 ms total)
7: [  PASSED  ] 1 test.
 7/15 Test  #7: SynchronizationTest.DistributedSpinLock ............   Passed    2.18 sec
test 8
      Start  8: InterprocessTest.SharedVector

8: Test command: /Users/zeeshanqazi/Desktop/projects/Geryon/build/tests/geryon_tests "--gtest_filter=InterprocessTest.SharedVector" "--gtest_also_run_disabled_tests"
8: Working Directory: /Users/zeeshanqazi/Desktop/projects/Geryon/build/tests
8: Test timeout computed to be: 10000000
8: Running main() from /Users/zeeshanqazi/Desktop/projects/Geryon/build/_deps/googletest-src/googletest/src/gtest_main.cc
8: Note: Google Test filter = InterprocessTest.SharedVector
8: [==========] Running 1 test from 1 test suite.
8: [----------] Global test environment set-up.
8: [----------] 1 test from InterprocessTest
8: [ RUN      ] InterprocessTest.SharedVector
8: Replica 1 connected.
8: [       OK ] InterprocessTest.SharedVector (2113 ms)
8: [----------] 1 test from InterprocessTest (2113 ms total)
8: 
8: [----------] Global test environment tear-down
8: [==========] 1 test from 1 test suite ran. (2113 ms total)
8: [  PASSED  ] 1 test.
 8/15 Test  #8: InterprocessTest.SharedVector ......................   Passed    2.13 sec
test 9
      Start  9: MemnonIntegrationTest.SegmentedInterprocess

9: Test command: /Users/zeeshanqazi/Desktop/projects/Geryon/build/tests/geryon_tests "--gtest_filter=MemnonIntegrationTest.SegmentedInterprocess" "--gtest_also_run_disabled_tests"
9: Working Directory: /Users/zeeshanqazi/Desktop/projects/Geryon/build/tests
9: Test timeout computed to be: 10000000
9: Running main() from /Users/zeeshanqazi/Desktop/projects/Geryon/build/_deps/googletest-src/googletest/src/gtest_main.cc
9: Note: Google Test filter = MemnonIntegrationTest.SegmentedInterprocess
9: [==========] Running 1 test from 1 test suite.
9: [----------] Global test environment set-up.
9: [----------] 1 test from MemnonIntegrationTest
9: [ RUN      ] MemnonIntegrationTest.SegmentedInterprocess
9: Replica 1 connected.
9: [       OK ] MemnonIntegrationTest.SegmentedInterprocess (2120 ms)
9: [----------] 1 test from MemnonIntegrationTest (2120 ms total)
9: 
9: [----------] Global test environment tear-down
9: [==========] 1 test from 1 test suite ran. (2120 ms total)
9: [  PASSED  ] 1 test.
 9/15 Test  #9: MemnonIntegrationTest.SegmentedInterprocess ........   Passed    2.13 sec
test 10
      Start 10: ConsistencyTest.TriggerSynchronization

10: Test command: /Users/zeeshanqazi/Desktop/projects/Geryon/build/tests/geryon_tests "--gtest_filter=ConsistencyTest.TriggerSynchronization" "--gtest_also_run_disabled_tests"
10: Working Directory: /Users/zeeshanqazi/Desktop/projects/Geryon/build/tests
10: Test timeout computed to be: 10000000
10: Running main() from /Users/zeeshanqazi/Desktop/projects/Geryon/build/_deps/googletest-src/googletest/src/gtest_main.cc
10: Note: Google Test filter = ConsistencyTest.TriggerSynchronization
10: [==========] Running 1 test from 1 test suite.
10: [----------] Global test environment set-up.
10: [----------] 1 test from ConsistencyTest
10: [ RUN      ] ConsistencyTest.TriggerSynchronization
10: Starting primary...
10: Primary started.
10: Starting replica...
10: Replica started.
10: Replica 1 connected.
10: Simulating replica page request 1
10: Simulating replica page request 2
10: Replica writing to pages
10: Primary triggering synchronization
10: Primary checking consistency
10: Stopping nodes
10: Test complete
10: [       OK ] ConsistencyTest.TriggerSynchronization (2165 ms)
10: [----------] 1 test from ConsistencyTest (2165 ms total)
10: 
10: [----------] Global test environment tear-down
10: [==========] 1 test from 1 test suite ran. (2166 ms total)
10: [  PASSED  ] 1 test.
10/15 Test #10: ConsistencyTest.TriggerSynchronization .............   Passed    2.19 sec
test 11
      Start 11: ConsistencyTest.ReplicaStopFlushesData

11: Test command: /Users/zeeshanqazi/Desktop/projects/Geryon/build/tests/geryon_tests "--gtest_filter=ConsistencyTest.ReplicaStopFlushesData" "--gtest_also_run_disabled_tests"
11: Working Directory: /Users/zeeshanqazi/Desktop/projects/Geryon/build/tests
11: Test timeout computed to be: 10000000
11: Running main() from /Users/zeeshanqazi/Desktop/projects/Geryon/build/_deps/googletest-src/googletest/src/gtest_main.cc
11: Note: Google Test filter = ConsistencyTest.ReplicaStopFlushesData
11: [==========] Running 1 test from 1 test suite.
11: [----------] Global test environment set-up.
11: [----------] 1 test from ConsistencyTest
11: [ RUN      ] ConsistencyTest.ReplicaStopFlushesData
11: Replica 1 connected.
11: [       OK ] ConsistencyTest.ReplicaStopFlushesData (2167 ms)
11: [----------] 1 test from ConsistencyTest (2167 ms total)
11: 
11: [----------] Global test environment tear-down
11: [==========] 1 test from 1 test suite ran. (2167 ms total)
11: [  PASSED  ] 1 test.
11/15 Test #11: ConsistencyTest.ReplicaStopFlushesData ...............   Passed    2.19 sec
test 12
      Start 12: ConsistencyTest.PrimaryStopInitiatesHandshake

12: Test command: /Users/zeeshanqazi/Desktop/projects/Geryon/build/tests/geryon_tests "--gtest_filter=ConsistencyTest.PrimaryStopInitiatesHandshake" "--gtest_also_run_disabled_tests"
12: Working Directory: /Users/zeeshanqazi/Desktop/projects/Geryon/build/tests
12: Test timeout computed to be: 10000000
12: Running main() from /Users/zeeshanqazi/Desktop/projects/Geryon/build/_deps/googletest-src/googletest/src/gtest_main.cc
12: Note: Google Test filter = ConsistencyTest.PrimaryStopInitiatesHandshake
12: [==========] Running 1 test from 1 test suite.
12: [----------] Global test environment set-up.
12: [----------] 1 test from ConsistencyTest
12: [ RUN      ] ConsistencyTest.PrimaryStopInitiatesHandshake
12: Replica 1 connected.
12: [       OK ] ConsistencyTest.PrimaryStopInitiatesHandshake (2061 ms)
12: [----------] 1 test from ConsistencyTest (2061 ms total)
12: 
12: [----------] Global test environment tear-down
12: [==========] 1 test from 1 test suite ran. (2061 ms total)
12: [  PASSED  ] 1 test.
12/15 Test #12: ConsistencyTest.PrimaryStopInitiatesHandshake .......   Passed    2.09 sec
test 13
      Start 13: CorrectnessTest.MultithreadMultipageCorrectness

13: Test command: /Users/zeeshanqazi/Desktop/projects/Geryon/build/tests/geryon_tests "--gtest_filter=CorrectnessTest.MultithreadMultipageCorrectness" "--gtest_also_run_disabled_tests"
13: Working Directory: /Users/zeeshanqazi/Desktop/projects/Geryon/build/tests
13: Test timeout computed to be: 10000000
13: Running main() from /Users/zeeshanqazi/Desktop/projects/Geryon/build/_deps/googletest-src/googletest/src/gtest_main.cc
13: Note: Google Test filter = CorrectnessTest.MultithreadMultipageCorrectness
13: [==========] Running 1 test from 1 test suite.
13: [----------] Global test environment set-up.
13: [----------] 1 test from CorrectnessTest
13: [ RUN      ] CorrectnessTest.MultithreadMultipageCorrectness
13: Replica 1 connected.
13: Replica 2 connected.
13: Replica 3 connected.
13: [       OK ] CorrectnessTest.MultithreadMultipageCorrectness (2965 ms)
13: [----------] 1 test from CorrectnessTest (2965 ms total)
13: 
13: [----------] Global test environment tear-down
13: [==========] 1 test from 1 test suite ran. (2965 ms total)
13: [  PASSED  ] 1 test.
13/15 Test #13: CorrectnessTest.MultithreadMultipageCorrectness ....   Passed    2.99 sec
test 14
      Start 14: CorrectnessTest.MultiprocessMultipageCorrectness

14: Test command: /Users/zeeshanqazi/Desktop/projects/Geryon/build/tests/geryon_tests "--gtest_filter=CorrectnessTest.MultiprocessMultipageCorrectness" "--gtest_also_run_disabled_tests"
14: Working Directory: /Users/zeeshanqazi/Desktop/projects/Geryon/build/tests
14: Test timeout computed to be: 10000000
14: Running main() from /Users/zeeshanqazi/Desktop/projects/Geryon/build/_deps/googletest-src/googletest/src/gtest_main.cc
14: Note: Google Test filter = CorrectnessTest.MultiprocessMultipageCorrectness
14: [==========] Running 1 test from 1 test suite.
14: [----------] Global test environment set-up.
14: [----------] 1 test from CorrectnessTest
14: [ RUN      ] CorrectnessTest.MultiprocessMultipageCorrectness
14: Running main() from /Users/zeeshanqazi/Desktop/projects/Geryon/build/_deps/googletest-src/googletest/src/gtest_main.cc
14: Note: Google Test filter = CorrectnessTest.MultiprocessMultipageCorrectness
14: [==========] Running 1 test from 1 test suite.
14: [----------] Global test environment set-up.
14: [----------] 1 test from CorrectnessTest
14: [ RUN      ] CorrectnessTest.MultiprocessMultipageCorrectness
14: Replica 1 connected.
14: Running main() from /Users/zeeshanqazi/Desktop/projects/Geryon/build/_deps/googletest-src/googletest/src/gtest_main.cc
14: Note: Google Test filter = CorrectnessTest.MultiprocessMultipageCorrectness
14: [==========] Running 1 test from 1 test suite.
14: [----------] Global test environment set-up.
14: [----------] 1 test from CorrectnessTest
14: [ RUN      ] CorrectnessTest.MultiprocessMultipageCorrectness
14: Replica 2 connected.
14: Running main() from /Users/zeeshanqazi/Desktop/projects/Geryon/build/_deps/googletest-src/googletest/src/gtest_main.cc
14: Note: Google Test filter = CorrectnessTest.MultiprocessMultipageCorrectness
14: [==========] Running 1 test from 1 test suite.
14: [----------] Global test environment set-up.
14: [----------] 1 test from CorrectnessTest
14: [ RUN      ] CorrectnessTest.MultiprocessMultipageCorrectness
14: Replica 3 connected.
14: [       OK ] CorrectnessTest.MultiprocessMultipageCorrectness (2168 ms)
14: [----------] 1 test from CorrectnessTest (2168 ms total)
14: 
14: [----------] Global test environment tear-down
14: [==========] 1 test from 1 test suite ran. (2168 ms total)
14: [  PASSED  ] 1 test.
14/15 Test #14: CorrectnessTest.MultiprocessMultipageCorrectness ...   Passed    2.20 sec
test 15
      Start 15: DistributedSortTest.MultiprocessPiecewiseSort

15: Test command: /Users/zeeshanqazi/Desktop/projects/Geryon/build/tests/geryon_tests "--gtest_filter=DistributedSortTest.MultiprocessPiecewiseSort" "--gtest_also_run_disabled_tests"
15: Working Directory: /Users/zeeshanqazi/Desktop/projects/Geryon/build/tests
15: Test timeout computed to be: 10000000
15: Running main() from /Users/zeeshanqazi/Desktop/projects/Geryon/build/_deps/googletest-src/googletest/src/gtest_main.cc
15: Note: Google Test filter = DistributedSortTest.MultiprocessPiecewiseSort
15: [==========] Running 1 test from 1 test suite.
15: [----------] Global test environment set-up.
15: [----------] 1 test from DistributedSortTest
15: [ RUN      ] DistributedSortTest.MultiprocessPiecewiseSort
15: Running main() from /Users/zeeshanqazi/Desktop/projects/Geryon/build/_deps/googletest-src/googletest/src/gtest_main.cc
15: Note: Google Test filter = DistributedSortTest.MultiprocessPiecewiseSort
15: [==========] Running 1 test from 1 test suite.
15: [----------] Global test environment set-up.
15: [----------] 1 test from DistributedSortTest
15: [ RUN      ] DistributedSortTest.MultiprocessPiecewiseSort
15: Replica 1 connected.
15: Running main() from /Users/zeeshanqazi/Desktop/projects/Geryon/build/_deps/googletest-src/googletest/src/gtest_main.cc
15: Note: Google Test filter = DistributedSortTest.MultiprocessPiecewiseSort
15: [==========] Running 1 test from 1 test suite.
15: [----------] Global test environment set-up.
15: [----------] 1 test from DistributedSortTest
15: [ RUN      ] DistributedSortTest.MultiprocessPiecewiseSort
15: Replica 2 connected.
15: Running main() from /Users/zeeshanqazi/Desktop/projects/Geryon/build/_deps/googletest-src/googletest/src/gtest_main.cc
15: Note: Google Test filter = DistributedSortTest.MultiprocessPiecewiseSort
15: [==========] Running 1 test from 1 test suite.
15: [----------] Global test environment set-up.
15: [----------] 1 test from DistributedSortTest
15: [ RUN      ] DistributedSortTest.MultiprocessPiecewiseSort
15: Replica 3 connected.
15: [Primary] Pages Sent: 3671, Pages Received: 3670 | Avg Transfer Time: 2.48652 us | Avg Time Between Transfers: 205.51 us
15: [Replica 3] Pages Sent: 1323, Pages Received: 1324 | Avg Transfer Time: 2.7876 us | Avg Time Between Transfers: 1308.88 us
15: [Replica 1] Pages Sent: 1322, Pages Received: 1323 | Avg Transfer Time: 3.07186 us | Avg Time Between Transfers: 1315.38 us
15: [Replica 2] Pages Sent: 1322, Pages Received: 1323 | Avg Transfer Time: 2.52269 us | Avg Time Between Transfers: 1317.08 us
15: [       OK ] DistributedSortTest.MultiprocessPiecewiseSort (4447 ms)
15: [----------] 1 test from DistributedSortTest (4447 ms total)
15: 
15: [----------] Global test environment tear-down
15: [==========] 1 test from 1 test suite ran. (4447 ms total)
15: [  PASSED  ] 1 test.
15/15 Test #15: DistributedSortTest.MultiprocessPiecewiseSort ......   Passed    4.47 sec

100% tests passed, 0 tests failed out of 15

Total Test time (real) =  33.39 sec
macOS Run 21
Using Homebrew GCC 16: /opt/homebrew/bin/g++-16
CMake Warning (dev) at CMakeLists.txt:17 (find_package):
  Policy CMP0167 is not set: The FindBoost module is removed.  Run "cmake
  --help-policy CMP0167" for policy details.  Use the cmake_policy command to
  set the policy and suppress this warning.

This warning is for project developers.  Use -Wno-dev to suppress it.

-- git version: v1.8.3 normalized to 1.8.3
-- Google Benchmark version: 1.8.3
-- Performing Test HAVE_STD_REGEX -- success
-- Performing Test HAVE_GNU_POSIX_REGEX -- failed to compile
-- Performing Test HAVE_POSIX_REGEX -- success
-- Performing Test HAVE_STEADY_CLOCK -- success
-- Performing Test HAVE_PTHREAD_AFFINITY -- failed to compile
-- Configuring done (0.8s)
-- Generating done (0.0s)
-- Build files have been written to: /Users/zeeshanqazi/Desktop/projects/Geryon/build
[  4%] Built target gtest
[ 12%] Built target geryon
[ 21%] Built target gtest_main
[ 21%] Built target gmock
[ 63%] Built target benchmark
[ 68%] Built target gmock_main
[ 72%] Built target benchmark_main
[ 76%] Built target benchmark_page_transfer
[100%] Built target geryon_tests
Build complete. Executables are in build/tests/ and build/benchmarks/.
UpdateCTestConfiguration  from :/Users/zeeshanqazi/Desktop/projects/Geryon/build/DartConfiguration.tcl
Test project /Users/zeeshanqazi/Desktop/projects/Geryon/build
Constructing a list of tests
Done constructing a list of tests
Updating test list for fixtures
Added 0 tests to meet fixture requirements
Checking test dependency graph...
Checking test dependency graph end
test 1
      Start  1: MemoryRegionTest.AllocationAndPageSize

1: Test command: /Users/zeeshanqazi/Desktop/projects/Geryon/build/tests/geryon_tests "--gtest_filter=MemoryRegionTest.AllocationAndPageSize" "--gtest_also_run_disabled_tests"
1: Working Directory: /Users/zeeshanqazi/Desktop/projects/Geryon/build/tests
1: Test timeout computed to be: 10000000
1: Running main() from /Users/zeeshanqazi/Desktop/projects/Geryon/build/_deps/googletest-src/googletest/src/gtest_main.cc
1: Note: Google Test filter = MemoryRegionTest.AllocationAndPageSize
1: [==========] Running 1 test from 1 test suite.
1: [----------] Global test environment set-up.
1: [----------] 1 test from MemoryRegionTest
1: [ RUN      ] MemoryRegionTest.AllocationAndPageSize
1: [       OK ] MemoryRegionTest.AllocationAndPageSize (0 ms)
1: [----------] 1 test from MemoryRegionTest (0 ms total)
1: 
1: [----------] Global test environment tear-down
1: [==========] 1 test from 1 test suite ran. (0 ms total)
1: [  PASSED  ] 1 test.
 1/15 Test  #1: MemoryRegionTest.AllocationAndPageSize .............   Passed    0.01 sec
test 2
      Start  2: MemoryRegionTest.ProtectionChanges

2: Test command: /Users/zeeshanqazi/Desktop/projects/Geryon/build/tests/geryon_tests "--gtest_filter=MemoryRegionTest.ProtectionChanges" "--gtest_also_run_disabled_tests"
2: Working Directory: /Users/zeeshanqazi/Desktop/projects/Geryon/build/tests
2: Test timeout computed to be: 10000000
2: Running main() from /Users/zeeshanqazi/Desktop/projects/Geryon/build/_deps/googletest-src/googletest/src/gtest_main.cc
2: Note: Google Test filter = MemoryRegionTest.ProtectionChanges
2: [==========] Running 1 test from 1 test suite.
2: [----------] Global test environment set-up.
2: [----------] 1 test from MemoryRegionTest
2: [ RUN      ] MemoryRegionTest.ProtectionChanges
2: [       OK ] MemoryRegionTest.ProtectionChanges (32 ms)
2: [----------] 1 test from MemoryRegionTest (32 ms total)
2: 
2: [----------] Global test environment tear-down
2: [==========] 1 test from 1 test suite ran. (32 ms total)
2: [  PASSED  ] 1 test.
 2/15 Test  #2: MemoryRegionTest.ProtectionChanges .................   Passed    0.04 sec
test 3
      Start  3: FaultHandlerTest.SoftFaultHandling

3: Test command: /Users/zeeshanqazi/Desktop/projects/Geryon/build/tests/geryon_tests "--gtest_filter=FaultHandlerTest.SoftFaultHandling" "--gtest_also_run_disabled_tests"
3: Working Directory: /Users/zeeshanqazi/Desktop/projects/Geryon/build/tests
3: Test timeout computed to be: 10000000
3: Running main() from /Users/zeeshanqazi/Desktop/projects/Geryon/build/_deps/googletest-src/googletest/src/gtest_main.cc
3: Note: Google Test filter = FaultHandlerTest.SoftFaultHandling
3: [==========] Running 1 test from 1 test suite.
3: [----------] Global test environment set-up.
3: [----------] 1 test from FaultHandlerTest
3: [ RUN      ] FaultHandlerTest.SoftFaultHandling
3: [       OK ] FaultHandlerTest.SoftFaultHandling (0 ms)
3: [----------] 1 test from FaultHandlerTest (0 ms total)
3: 
3: [----------] Global test environment tear-down
3: [==========] 1 test from 1 test suite ran. (0 ms total)
3: [  PASSED  ] 1 test.
 3/15 Test  #3: FaultHandlerTest.SoftFaultHandling .................   Passed    0.01 sec
test 4
      Start  4: NetworkSyncTest.BouncingOwnership

4: Test command: /Users/zeeshanqazi/Desktop/projects/Geryon/build/tests/geryon_tests "--gtest_filter=NetworkSyncTest.BouncingOwnership" "--gtest_also_run_disabled_tests"
4: Working Directory: /Users/zeeshanqazi/Desktop/projects/Geryon/build/tests
4: Test timeout computed to be: 10000000
4: Running main() from /Users/zeeshanqazi/Desktop/projects/Geryon/build/_deps/googletest-src/googletest/src/gtest_main.cc
4: Note: Google Test filter = NetworkSyncTest.BouncingOwnership
4: [==========] Running 1 test from 1 test suite.
4: [----------] Global test environment set-up.
4: [----------] 1 test from NetworkSyncTest
4: [ RUN      ] NetworkSyncTest.BouncingOwnership
4: Replica 1 connected.
4: [       OK ] NetworkSyncTest.BouncingOwnership (2113 ms)
4: [----------] 1 test from NetworkSyncTest (2113 ms total)
4: 
4: [----------] Global test environment tear-down
4: [==========] 1 test from 1 test suite ran. (2113 ms total)
4: [  PASSED  ] 1 test.
 4/15 Test  #4: NetworkSyncTest.BouncingOwnership ..................   Passed    2.12 sec
test 5
      Start  5: NetworkSyncTest.StressTest

5: Test command: /Users/zeeshanqazi/Desktop/projects/Geryon/build/tests/geryon_tests "--gtest_filter=NetworkSyncTest.StressTest" "--gtest_also_run_disabled_tests"
5: Working Directory: /Users/zeeshanqazi/Desktop/projects/Geryon/build/tests
5: Test timeout computed to be: 10000000
5: Running main() from /Users/zeeshanqazi/Desktop/projects/Geryon/build/_deps/googletest-src/googletest/src/gtest_main.cc
5: Note: Google Test filter = NetworkSyncTest.StressTest
5: [==========] Running 1 test from 1 test suite.
5: [----------] Global test environment set-up.
5: [----------] 1 test from NetworkSyncTest
5: [ RUN      ] NetworkSyncTest.StressTest
5: Replica 1 connected.
5: [       OK ] NetworkSyncTest.StressTest (2134 ms)
5: [----------] 1 test from NetworkSyncTest (2134 ms total)
5: 
5: [----------] Global test environment tear-down
5: [==========] 1 test from 1 test suite ran. (2134 ms total)
5: [  PASSED  ] 1 test.
 5/15 Test  #5: NetworkSyncTest.StressTest .........................   Passed    2.16 sec
test 6
      Start  6: MultiClientTest.StarTopologyBouncing

6: Test command: /Users/zeeshanqazi/Desktop/projects/Geryon/build/tests/geryon_tests "--gtest_filter=MultiClientTest.StarTopologyBouncing" "--gtest_also_run_disabled_tests"
6: Working Directory: /Users/zeeshanqazi/Desktop/projects/Geryon/build/tests
6: Test timeout computed to be: 10000000
6: Running main() from /Users/zeeshanqazi/Desktop/projects/Geryon/build/_deps/googletest-src/googletest/src/gtest_main.cc
6: Note: Google Test filter = MultiClientTest.StarTopologyBouncing
6: [==========] Running 1 test from 1 test suite.
6: [----------] Global test environment set-up.
6: [----------] 1 test from MultiClientTest
6: [ RUN      ] MultiClientTest.StarTopologyBouncing
6: Replica 1 connected.
6: Replica 2 connected.
6: Replica 3 connected.
6: [       OK ] MultiClientTest.StarTopologyBouncing (6406 ms)
6: [----------] 1 test from MultiClientTest (6406 ms total)
6: 
6: [----------] Global test environment tear-down
6: [==========] 1 test from 1 test suite ran. (6406 ms total)
6: [  PASSED  ] 1 test.
 6/15 Test  #6: MultiClientTest.StarTopologyBouncing ...............   Passed    6.43 sec
test 7
      Start  7: SynchronizationTest.DistributedSpinLock

7: Test command: /Users/zeeshanqazi/Desktop/projects/Geryon/build/tests/geryon_tests "--gtest_filter=SynchronizationTest.DistributedSpinLock" "--gtest_also_run_disabled_tests"
7: Working Directory: /Users/zeeshanqazi/Desktop/projects/Geryon/build/tests
7: Test timeout computed to be: 10000000
7: Running main() from /Users/zeeshanqazi/Desktop/projects/Geryon/build/_deps/googletest-src/googletest/src/gtest_main.cc
7: Note: Google Test filter = SynchronizationTest.DistributedSpinLock
7: [==========] Running 1 test from 1 test suite.
7: [----------] Global test environment set-up.
7: [----------] 1 test from SynchronizationTest
7: [ RUN      ] SynchronizationTest.DistributedSpinLock
7: Replica 1 connected.
7: Primary finished.
7: Replica finished.
7: [       OK ] SynchronizationTest.DistributedSpinLock (2135 ms)
7: [----------] 1 test from SynchronizationTest (2135 ms total)
7: 
7: [----------] Global test environment tear-down
7: [==========] 1 test from 1 test suite ran. (2135 ms total)
7: [  PASSED  ] 1 test.
 7/15 Test  #7: SynchronizationTest.DistributedSpinLock ............   Passed    2.16 sec
test 8
      Start  8: InterprocessTest.SharedVector

8: Test command: /Users/zeeshanqazi/Desktop/projects/Geryon/build/tests/geryon_tests "--gtest_filter=InterprocessTest.SharedVector" "--gtest_also_run_disabled_tests"
8: Working Directory: /Users/zeeshanqazi/Desktop/projects/Geryon/build/tests
8: Test timeout computed to be: 10000000
8: Running main() from /Users/zeeshanqazi/Desktop/projects/Geryon/build/_deps/googletest-src/googletest/src/gtest_main.cc
8: Note: Google Test filter = InterprocessTest.SharedVector
8: [==========] Running 1 test from 1 test suite.
8: [----------] Global test environment set-up.
8: [----------] 1 test from InterprocessTest
8: [ RUN      ] InterprocessTest.SharedVector
8: Replica 1 connected.
8: [       OK ] InterprocessTest.SharedVector (2112 ms)
8: [----------] 1 test from InterprocessTest (2112 ms total)
8: 
8: [----------] Global test environment tear-down
8: [==========] 1 test from 1 test suite ran. (2112 ms total)
8: [  PASSED  ] 1 test.
 8/15 Test  #8: InterprocessTest.SharedVector ......................   Passed    2.14 sec
test 9
      Start  9: MemnonIntegrationTest.SegmentedInterprocess

9: Test command: /Users/zeeshanqazi/Desktop/projects/Geryon/build/tests/geryon_tests "--gtest_filter=MemnonIntegrationTest.SegmentedInterprocess" "--gtest_also_run_disabled_tests"
9: Working Directory: /Users/zeeshanqazi/Desktop/projects/Geryon/build/tests
9: Test timeout computed to be: 10000000
9: Running main() from /Users/zeeshanqazi/Desktop/projects/Geryon/build/_deps/googletest-src/googletest/src/gtest_main.cc
9: Note: Google Test filter = MemnonIntegrationTest.SegmentedInterprocess
9: [==========] Running 1 test from 1 test suite.
9: [----------] Global test environment set-up.
9: [----------] 1 test from MemnonIntegrationTest
9: [ RUN      ] MemnonIntegrationTest.SegmentedInterprocess
9: Replica 1 connected.
9: [       OK ] MemnonIntegrationTest.SegmentedInterprocess (2121 ms)
9: [----------] 1 test from MemnonIntegrationTest (2121 ms total)
9: 
9: [----------] Global test environment tear-down
9: [==========] 1 test from 1 test suite ran. (2122 ms total)
9: [  PASSED  ] 1 test.
 9/15 Test  #9: MemnonIntegrationTest.SegmentedInterprocess ........   Passed    2.15 sec
test 10
      Start 10: ConsistencyTest.TriggerSynchronization

10: Test command: /Users/zeeshanqazi/Desktop/projects/Geryon/build/tests/geryon_tests "--gtest_filter=ConsistencyTest.TriggerSynchronization" "--gtest_also_run_disabled_tests"
10: Working Directory: /Users/zeeshanqazi/Desktop/projects/Geryon/build/tests
10: Test timeout computed to be: 10000000
10: Running main() from /Users/zeeshanqazi/Desktop/projects/Geryon/build/_deps/googletest-src/googletest/src/gtest_main.cc
10: Note: Google Test filter = ConsistencyTest.TriggerSynchronization
10: [==========] Running 1 test from 1 test suite.
10: [----------] Global test environment set-up.
10: [----------] 1 test from ConsistencyTest
10: [ RUN      ] ConsistencyTest.TriggerSynchronization
10: Starting primary...
10: Primary started.
10: Starting replica...
10: Replica started.
10: Replica 1 connected.
10: Simulating replica page request 1
10: Simulating replica page request 2
10: Replica writing to pages
10: Primary triggering synchronization
10: Primary checking consistency
10: Stopping nodes
10: Test complete
10: [       OK ] ConsistencyTest.TriggerSynchronization (2164 ms)
10: [----------] 1 test from ConsistencyTest (2164 ms total)
10: 
10: [----------] Global test environment tear-down
10: [==========] 1 test from 1 test suite ran. (2164 ms total)
10: [  PASSED  ] 1 test.
10/15 Test #10: ConsistencyTest.TriggerSynchronization .............   Passed    2.19 sec
test 11
      Start 11: ConsistencyTest.ReplicaStopFlushesData

11: Test command: /Users/zeeshanqazi/Desktop/projects/Geryon/build/tests/geryon_tests "--gtest_filter=ConsistencyTest.ReplicaStopFlushesData" "--gtest_also_run_disabled_tests"
11: Working Directory: /Users/zeeshanqazi/Desktop/projects/Geryon/build/tests
11: Test timeout computed to be: 10000000
11: Running main() from /Users/zeeshanqazi/Desktop/projects/Geryon/build/_deps/googletest-src/googletest/src/gtest_main.cc
11: Note: Google Test filter = ConsistencyTest.ReplicaStopFlushesData
11: [==========] Running 1 test from 1 test suite.
11: [----------] Global test environment set-up.
11: [----------] 1 test from ConsistencyTest
11: [ RUN      ] ConsistencyTest.ReplicaStopFlushesData
11: Replica 1 connected.
11: [       OK ] ConsistencyTest.ReplicaStopFlushesData (2164 ms)
11: [----------] 1 test from ConsistencyTest (2164 ms total)
11: 
11: [----------] Global test environment tear-down
11: [==========] 1 test from 1 test suite ran. (2164 ms total)
11: [  PASSED  ] 1 test.
11/15 Test #11: ConsistencyTest.ReplicaStopFlushesData ...............   Passed    2.19 sec
test 12
      Start 12: ConsistencyTest.PrimaryStopInitiatesHandshake

12: Test command: /Users/zeeshanqazi/Desktop/projects/Geryon/build/tests/geryon_tests "--gtest_filter=ConsistencyTest.PrimaryStopInitiatesHandshake" "--gtest_also_run_disabled_tests"
12: Working Directory: /Users/zeeshanqazi/Desktop/projects/Geryon/build/tests
12: Test timeout computed to be: 10000000
12: Running main() from /Users/zeeshanqazi/Desktop/projects/Geryon/build/_deps/googletest-src/googletest/src/gtest_main.cc
12: Note: Google Test filter = ConsistencyTest.PrimaryStopInitiatesHandshake
12: [==========] Running 1 test from 1 test suite.
12: [----------] Global test environment set-up.
12: [----------] 1 test from ConsistencyTest
12: [ RUN      ] ConsistencyTest.PrimaryStopInitiatesHandshake
12: Replica 1 connected.
12: [       OK ] ConsistencyTest.PrimaryStopInitiatesHandshake (2061 ms)
12: [----------] 1 test from ConsistencyTest (2061 ms total)
12: 
12: [----------] Global test environment tear-down
12: [==========] 1 test from 1 test suite ran. (2061 ms total)
12: [  PASSED  ] 1 test.
12/15 Test #12: ConsistencyTest.PrimaryStopInitiatesHandshake .......   Passed    2.08 sec
test 13
      Start 13: CorrectnessTest.MultithreadMultipageCorrectness

13: Test command: /Users/zeeshanqazi/Desktop/projects/Geryon/build/tests/geryon_tests "--gtest_filter=CorrectnessTest.MultithreadMultipageCorrectness" "--gtest_also_run_disabled_tests"
13: Working Directory: /Users/zeeshanqazi/Desktop/projects/Geryon/build/tests
13: Test timeout computed to be: 10000000
13: Running main() from /Users/zeeshanqazi/Desktop/projects/Geryon/build/_deps/googletest-src/googletest/src/gtest_main.cc
13: Note: Google Test filter = CorrectnessTest.MultithreadMultipageCorrectness
13: [==========] Running 1 test from 1 test suite.
13: [----------] Global test environment set-up.
13: [----------] 1 test from CorrectnessTest
13: [ RUN      ] CorrectnessTest.MultithreadMultipageCorrectness
13: Replica 1 connected.
13: Replica 2 connected.
13: Replica 3 connected.
13: [       OK ] CorrectnessTest.MultithreadMultipageCorrectness (2972 ms)
13: [----------] 1 test from CorrectnessTest (2972 ms total)
13: 
13: [----------] Global test environment tear-down
13: [==========] 1 test from 1 test suite ran. (2972 ms total)
13: [  PASSED  ] 1 test.
13/15 Test #13: CorrectnessTest.MultithreadMultipageCorrectness ....   Passed    3.00 sec
test 14
      Start 14: CorrectnessTest.MultiprocessMultipageCorrectness

14: Test command: /Users/zeeshanqazi/Desktop/projects/Geryon/build/tests/geryon_tests "--gtest_filter=CorrectnessTest.MultiprocessMultipageCorrectness" "--gtest_also_run_disabled_tests"
14: Working Directory: /Users/zeeshanqazi/Desktop/projects/Geryon/build/tests
14: Test timeout computed to be: 10000000
14: Running main() from /Users/zeeshanqazi/Desktop/projects/Geryon/build/_deps/googletest-src/googletest/src/gtest_main.cc
14: Note: Google Test filter = CorrectnessTest.MultiprocessMultipageCorrectness
14: [==========] Running 1 test from 1 test suite.
14: [----------] Global test environment set-up.
14: [----------] 1 test from CorrectnessTest
14: [ RUN      ] CorrectnessTest.MultiprocessMultipageCorrectness
14: Running main() from /Users/zeeshanqazi/Desktop/projects/Geryon/build/_deps/googletest-src/googletest/src/gtest_main.cc
14: Note: Google Test filter = CorrectnessTest.MultiprocessMultipageCorrectness
14: [==========] Running 1 test from 1 test suite.
14: [----------] Global test environment set-up.
14: [----------] 1 test from CorrectnessTest
14: [ RUN      ] CorrectnessTest.MultiprocessMultipageCorrectness
14: Replica 1 connected.
14: Running main() from /Users/zeeshanqazi/Desktop/projects/Geryon/build/_deps/googletest-src/googletest/src/gtest_main.cc
14: Note: Google Test filter = CorrectnessTest.MultiprocessMultipageCorrectness
14: [==========] Running 1 test from 1 test suite.
14: [----------] Global test environment set-up.
14: [----------] 1 test from CorrectnessTest
14: [ RUN      ] CorrectnessTest.MultiprocessMultipageCorrectness
14: Replica 2 connected.
14: Running main() from /Users/zeeshanqazi/Desktop/projects/Geryon/build/_deps/googletest-src/googletest/src/gtest_main.cc
14: Note: Google Test filter = CorrectnessTest.MultiprocessMultipageCorrectness
14: [==========] Running 1 test from 1 test suite.
14: [----------] Global test environment set-up.
14: [----------] 1 test from CorrectnessTest
14: [ RUN      ] CorrectnessTest.MultiprocessMultipageCorrectness
14: Replica 3 connected.
14: [       OK ] CorrectnessTest.MultiprocessMultipageCorrectness (2171 ms)
14: [----------] 1 test from CorrectnessTest (2171 ms total)
14: 
14: [----------] Global test environment tear-down
14: [==========] 1 test from 1 test suite ran. (2171 ms total)
14: [  PASSED  ] 1 test.
14/15 Test #14: CorrectnessTest.MultiprocessMultipageCorrectness ...   Passed    2.20 sec
test 15
      Start 15: DistributedSortTest.MultiprocessPiecewiseSort

15: Test command: /Users/zeeshanqazi/Desktop/projects/Geryon/build/tests/geryon_tests "--gtest_filter=DistributedSortTest.MultiprocessPiecewiseSort" "--gtest_also_run_disabled_tests"
15: Working Directory: /Users/zeeshanqazi/Desktop/projects/Geryon/build/tests
15: Test timeout computed to be: 10000000
15: Running main() from /Users/zeeshanqazi/Desktop/projects/Geryon/build/_deps/googletest-src/googletest/src/gtest_main.cc
15: Note: Google Test filter = DistributedSortTest.MultiprocessPiecewiseSort
15: [==========] Running 1 test from 1 test suite.
15: [----------] Global test environment set-up.
15: [----------] 1 test from DistributedSortTest
15: [ RUN      ] DistributedSortTest.MultiprocessPiecewiseSort
15: Running main() from /Users/zeeshanqazi/Desktop/projects/Geryon/build/_deps/googletest-src/googletest/src/gtest_main.cc
15: Note: Google Test filter = DistributedSortTest.MultiprocessPiecewiseSort
15: [==========] Running 1 test from 1 test suite.
15: [----------] Global test environment set-up.
15: [----------] 1 test from DistributedSortTest
15: [ RUN      ] DistributedSortTest.MultiprocessPiecewiseSort
15: Replica 1 connected.
15: Running main() from /Users/zeeshanqazi/Desktop/projects/Geryon/build/_deps/googletest-src/googletest/src/gtest_main.cc
15: Note: Google Test filter = DistributedSortTest.MultiprocessPiecewiseSort
15: [==========] Running 1 test from 1 test suite.
15: [----------] Global test environment set-up.
15: [----------] 1 test from DistributedSortTest
15: [ RUN      ] DistributedSortTest.MultiprocessPiecewiseSort
15: Replica 2 connected.
15: Running main() from /Users/zeeshanqazi/Desktop/projects/Geryon/build/_deps/googletest-src/googletest/src/gtest_main.cc
15: Note: Google Test filter = DistributedSortTest.MultiprocessPiecewiseSort
15: [==========] Running 1 test from 1 test suite.
15: [----------] Global test environment set-up.
15: [----------] 1 test from DistributedSortTest
15: [ RUN      ] DistributedSortTest.MultiprocessPiecewiseSort
15: Replica 3 connected.
15: [Primary] Pages Sent: 3671, Pages Received: 3670 | Avg Transfer Time: 2.46227 us | Avg Time Between Transfers: 203.624 us
15: [Replica 2] Pages Sent: 1317, Pages Received: 1318 | Avg Transfer Time: 2.48216 us | Avg Time Between Transfers: 1311.27 us
15: [Replica 3] Pages Sent: 1320, Pages Received: 1321 | Avg Transfer Time: 2.61212 us | Avg Time Between Transfers: 1316.29 us
15: [Replica 1] Pages Sent: 1319, Pages Received: 1320 | Avg Transfer Time: 2.72555 us | Avg Time Between Transfers: 1309.77 us
15: [       OK ] DistributedSortTest.MultiprocessPiecewiseSort (4433 ms)
15: [----------] 1 test from DistributedSortTest (4433 ms total)
15: 
15: [----------] Global test environment tear-down
15: [==========] 1 test from 1 test suite ran. (4433 ms total)
15: [  PASSED  ] 1 test.
15/15 Test #15: DistributedSortTest.MultiprocessPiecewiseSort ......   Passed    4.46 sec

100% tests passed, 0 tests failed out of 15

Total Test time (real) =  33.35 sec
macOS Run 22
Using Homebrew GCC 16: /opt/homebrew/bin/g++-16
CMake Warning (dev) at CMakeLists.txt:17 (find_package):
  Policy CMP0167 is not set: The FindBoost module is removed.  Run "cmake
  --help-policy CMP0167" for policy details.  Use the cmake_policy command to
  set the policy and suppress this warning.

This warning is for project developers.  Use -Wno-dev to suppress it.

-- git version: v1.8.3 normalized to 1.8.3
-- Google Benchmark version: 1.8.3
-- Performing Test HAVE_STD_REGEX -- success
-- Performing Test HAVE_GNU_POSIX_REGEX -- failed to compile
-- Performing Test HAVE_POSIX_REGEX -- success
-- Performing Test HAVE_STEADY_CLOCK -- success
-- Performing Test HAVE_PTHREAD_AFFINITY -- failed to compile
-- Configuring done (0.7s)
-- Generating done (0.0s)
-- Build files have been written to: /Users/zeeshanqazi/Desktop/projects/Geryon/build
[  4%] Built target gtest
[ 12%] Built target geryon
[ 21%] Built target gmock
[ 21%] Built target gtest_main
[ 63%] Built target benchmark
[ 68%] Built target gmock_main
[ 72%] Built target benchmark_main
[ 76%] Built target benchmark_page_transfer
[100%] Built target geryon_tests
Build complete. Executables are in build/tests/ and build/benchmarks/.
UpdateCTestConfiguration  from :/Users/zeeshanqazi/Desktop/projects/Geryon/build/DartConfiguration.tcl
Test project /Users/zeeshanqazi/Desktop/projects/Geryon/build
Constructing a list of tests
Done constructing a list of tests
Updating test list for fixtures
Added 0 tests to meet fixture requirements
Checking test dependency graph...
Checking test dependency graph end
test 1
      Start  1: MemoryRegionTest.AllocationAndPageSize

1: Test command: /Users/zeeshanqazi/Desktop/projects/Geryon/build/tests/geryon_tests "--gtest_filter=MemoryRegionTest.AllocationAndPageSize" "--gtest_also_run_disabled_tests"
1: Working Directory: /Users/zeeshanqazi/Desktop/projects/Geryon/build/tests
1: Test timeout computed to be: 10000000
1: Running main() from /Users/zeeshanqazi/Desktop/projects/Geryon/build/_deps/googletest-src/googletest/src/gtest_main.cc
1: Note: Google Test filter = MemoryRegionTest.AllocationAndPageSize
1: [==========] Running 1 test from 1 test suite.
1: [----------] Global test environment set-up.
1: [----------] 1 test from MemoryRegionTest
1: [ RUN      ] MemoryRegionTest.AllocationAndPageSize
1: [       OK ] MemoryRegionTest.AllocationAndPageSize (0 ms)
1: [----------] 1 test from MemoryRegionTest (0 ms total)
1: 
1: [----------] Global test environment tear-down
1: [==========] 1 test from 1 test suite ran. (0 ms total)
1: [  PASSED  ] 1 test.
 1/15 Test  #1: MemoryRegionTest.AllocationAndPageSize .............   Passed    0.01 sec
test 2
      Start  2: MemoryRegionTest.ProtectionChanges

2: Test command: /Users/zeeshanqazi/Desktop/projects/Geryon/build/tests/geryon_tests "--gtest_filter=MemoryRegionTest.ProtectionChanges" "--gtest_also_run_disabled_tests"
2: Working Directory: /Users/zeeshanqazi/Desktop/projects/Geryon/build/tests
2: Test timeout computed to be: 10000000
2: Running main() from /Users/zeeshanqazi/Desktop/projects/Geryon/build/_deps/googletest-src/googletest/src/gtest_main.cc
2: Note: Google Test filter = MemoryRegionTest.ProtectionChanges
2: [==========] Running 1 test from 1 test suite.
2: [----------] Global test environment set-up.
2: [----------] 1 test from MemoryRegionTest
2: [ RUN      ] MemoryRegionTest.ProtectionChanges
2: [       OK ] MemoryRegionTest.ProtectionChanges (29 ms)
2: [----------] 1 test from MemoryRegionTest (29 ms total)
2: 
2: [----------] Global test environment tear-down
2: [==========] 1 test from 1 test suite ran. (29 ms total)
2: [  PASSED  ] 1 test.
 2/15 Test  #2: MemoryRegionTest.ProtectionChanges .................   Passed    0.04 sec
test 3
      Start  3: FaultHandlerTest.SoftFaultHandling

3: Test command: /Users/zeeshanqazi/Desktop/projects/Geryon/build/tests/geryon_tests "--gtest_filter=FaultHandlerTest.SoftFaultHandling" "--gtest_also_run_disabled_tests"
3: Working Directory: /Users/zeeshanqazi/Desktop/projects/Geryon/build/tests
3: Test timeout computed to be: 10000000
3: Running main() from /Users/zeeshanqazi/Desktop/projects/Geryon/build/_deps/googletest-src/googletest/src/gtest_main.cc
3: Note: Google Test filter = FaultHandlerTest.SoftFaultHandling
3: [==========] Running 1 test from 1 test suite.
3: [----------] Global test environment set-up.
3: [----------] 1 test from FaultHandlerTest
3: [ RUN      ] FaultHandlerTest.SoftFaultHandling
3: [       OK ] FaultHandlerTest.SoftFaultHandling (0 ms)
3: [----------] 1 test from FaultHandlerTest (0 ms total)
3: 
3: [----------] Global test environment tear-down
3: [==========] 1 test from 1 test suite ran. (0 ms total)
3: [  PASSED  ] 1 test.
 3/15 Test  #3: FaultHandlerTest.SoftFaultHandling .................   Passed    0.01 sec
test 4
      Start  4: NetworkSyncTest.BouncingOwnership

4: Test command: /Users/zeeshanqazi/Desktop/projects/Geryon/build/tests/geryon_tests "--gtest_filter=NetworkSyncTest.BouncingOwnership" "--gtest_also_run_disabled_tests"
4: Working Directory: /Users/zeeshanqazi/Desktop/projects/Geryon/build/tests
4: Test timeout computed to be: 10000000
4: Running main() from /Users/zeeshanqazi/Desktop/projects/Geryon/build/_deps/googletest-src/googletest/src/gtest_main.cc
4: Note: Google Test filter = NetworkSyncTest.BouncingOwnership
4: [==========] Running 1 test from 1 test suite.
4: [----------] Global test environment set-up.
4: [----------] 1 test from NetworkSyncTest
4: [ RUN      ] NetworkSyncTest.BouncingOwnership
4: Replica 1 connected.
4: [       OK ] NetworkSyncTest.BouncingOwnership (2111 ms)
4: [----------] 1 test from NetworkSyncTest (2111 ms total)
4: 
4: [----------] Global test environment tear-down
4: [==========] 1 test from 1 test suite ran. (2111 ms total)
4: [  PASSED  ] 1 test.
 4/15 Test  #4: NetworkSyncTest.BouncingOwnership ..................   Passed    2.12 sec
test 5
      Start  5: NetworkSyncTest.StressTest

5: Test command: /Users/zeeshanqazi/Desktop/projects/Geryon/build/tests/geryon_tests "--gtest_filter=NetworkSyncTest.StressTest" "--gtest_also_run_disabled_tests"
5: Working Directory: /Users/zeeshanqazi/Desktop/projects/Geryon/build/tests
5: Test timeout computed to be: 10000000
5: Running main() from /Users/zeeshanqazi/Desktop/projects/Geryon/build/_deps/googletest-src/googletest/src/gtest_main.cc
5: Note: Google Test filter = NetworkSyncTest.StressTest
5: [==========] Running 1 test from 1 test suite.
5: [----------] Global test environment set-up.
5: [----------] 1 test from NetworkSyncTest
5: [ RUN      ] NetworkSyncTest.StressTest
5: Replica 1 connected.
5: [       OK ] NetworkSyncTest.StressTest (2130 ms)
5: [----------] 1 test from NetworkSyncTest (2130 ms total)
5: 
5: [----------] Global test environment tear-down
5: [==========] 1 test from 1 test suite ran. (2130 ms total)
5: [  PASSED  ] 1 test.
 5/15 Test  #5: NetworkSyncTest.StressTest .........................   Passed    2.15 sec
test 6
      Start  6: MultiClientTest.StarTopologyBouncing

6: Test command: /Users/zeeshanqazi/Desktop/projects/Geryon/build/tests/geryon_tests "--gtest_filter=MultiClientTest.StarTopologyBouncing" "--gtest_also_run_disabled_tests"
6: Working Directory: /Users/zeeshanqazi/Desktop/projects/Geryon/build/tests
6: Test timeout computed to be: 10000000
6: Running main() from /Users/zeeshanqazi/Desktop/projects/Geryon/build/_deps/googletest-src/googletest/src/gtest_main.cc
6: Note: Google Test filter = MultiClientTest.StarTopologyBouncing
6: [==========] Running 1 test from 1 test suite.
6: [----------] Global test environment set-up.
6: [----------] 1 test from MultiClientTest
6: [ RUN      ] MultiClientTest.StarTopologyBouncing
6: Replica 1 connected.
6: Replica 2 connected.
6: Replica 3 connected.
6: [       OK ] MultiClientTest.StarTopologyBouncing (6401 ms)
6: [----------] 1 test from MultiClientTest (6401 ms total)
6: 
6: [----------] Global test environment tear-down
6: [==========] 1 test from 1 test suite ran. (6401 ms total)
6: [  PASSED  ] 1 test.
 6/15 Test  #6: MultiClientTest.StarTopologyBouncing ...............   Passed    6.43 sec
test 7
      Start  7: SynchronizationTest.DistributedSpinLock

7: Test command: /Users/zeeshanqazi/Desktop/projects/Geryon/build/tests/geryon_tests "--gtest_filter=SynchronizationTest.DistributedSpinLock" "--gtest_also_run_disabled_tests"
7: Working Directory: /Users/zeeshanqazi/Desktop/projects/Geryon/build/tests
7: Test timeout computed to be: 10000000
7: Running main() from /Users/zeeshanqazi/Desktop/projects/Geryon/build/_deps/googletest-src/googletest/src/gtest_main.cc
7: Note: Google Test filter = SynchronizationTest.DistributedSpinLock
7: [==========] Running 1 test from 1 test suite.
7: [----------] Global test environment set-up.
7: [----------] 1 test from SynchronizationTest
7: [ RUN      ] SynchronizationTest.DistributedSpinLock
7: Replica 1 connected.
7: Primary finished.
7: Replica finished.
7: [       OK ] SynchronizationTest.DistributedSpinLock (2128 ms)
7: [----------] 1 test from SynchronizationTest (2128 ms total)
7: 
7: [----------] Global test environment tear-down
7: [==========] 1 test from 1 test suite ran. (2128 ms total)
7: [  PASSED  ] 1 test.
 7/15 Test  #7: SynchronizationTest.DistributedSpinLock ............   Passed    2.15 sec
test 8
      Start  8: InterprocessTest.SharedVector

8: Test command: /Users/zeeshanqazi/Desktop/projects/Geryon/build/tests/geryon_tests "--gtest_filter=InterprocessTest.SharedVector" "--gtest_also_run_disabled_tests"
8: Working Directory: /Users/zeeshanqazi/Desktop/projects/Geryon/build/tests
8: Test timeout computed to be: 10000000
8: Running main() from /Users/zeeshanqazi/Desktop/projects/Geryon/build/_deps/googletest-src/googletest/src/gtest_main.cc
8: Note: Google Test filter = InterprocessTest.SharedVector
8: [==========] Running 1 test from 1 test suite.
8: [----------] Global test environment set-up.
8: [----------] 1 test from InterprocessTest
8: [ RUN      ] InterprocessTest.SharedVector
8: Replica 1 connected.
8: [       OK ] InterprocessTest.SharedVector (2116 ms)
8: [----------] 1 test from InterprocessTest (2116 ms total)
8: 
8: [----------] Global test environment tear-down
8: [==========] 1 test from 1 test suite ran. (2116 ms total)
8: [  PASSED  ] 1 test.
 8/15 Test  #8: InterprocessTest.SharedVector ......................   Passed    2.13 sec
test 9
      Start  9: MemnonIntegrationTest.SegmentedInterprocess

9: Test command: /Users/zeeshanqazi/Desktop/projects/Geryon/build/tests/geryon_tests "--gtest_filter=MemnonIntegrationTest.SegmentedInterprocess" "--gtest_also_run_disabled_tests"
9: Working Directory: /Users/zeeshanqazi/Desktop/projects/Geryon/build/tests
9: Test timeout computed to be: 10000000
9: Running main() from /Users/zeeshanqazi/Desktop/projects/Geryon/build/_deps/googletest-src/googletest/src/gtest_main.cc
9: Note: Google Test filter = MemnonIntegrationTest.SegmentedInterprocess
9: [==========] Running 1 test from 1 test suite.
9: [----------] Global test environment set-up.
9: [----------] 1 test from MemnonIntegrationTest
9: [ RUN      ] MemnonIntegrationTest.SegmentedInterprocess
9: Replica 1 connected.
9: [       OK ] MemnonIntegrationTest.SegmentedInterprocess (2122 ms)
9: [----------] 1 test from MemnonIntegrationTest (2122 ms total)
9: 
9: [----------] Global test environment tear-down
9: [==========] 1 test from 1 test suite ran. (2122 ms total)
9: [  PASSED  ] 1 test.
 9/15 Test  #9: MemnonIntegrationTest.SegmentedInterprocess ........   Passed    2.15 sec
test 10
      Start 10: ConsistencyTest.TriggerSynchronization

10: Test command: /Users/zeeshanqazi/Desktop/projects/Geryon/build/tests/geryon_tests "--gtest_filter=ConsistencyTest.TriggerSynchronization" "--gtest_also_run_disabled_tests"
10: Working Directory: /Users/zeeshanqazi/Desktop/projects/Geryon/build/tests
10: Test timeout computed to be: 10000000
10: Running main() from /Users/zeeshanqazi/Desktop/projects/Geryon/build/_deps/googletest-src/googletest/src/gtest_main.cc
10: Note: Google Test filter = ConsistencyTest.TriggerSynchronization
10: [==========] Running 1 test from 1 test suite.
10: [----------] Global test environment set-up.
10: [----------] 1 test from ConsistencyTest
10: [ RUN      ] ConsistencyTest.TriggerSynchronization
10: Starting primary...
10: Primary started.
10: Starting replica...
10: Replica started.
10: Replica 1 connected.
10: Simulating replica page request 1
10: Simulating replica page request 2
10: Replica writing to pages
10: Primary triggering synchronization
10: Primary checking consistency
10: Stopping nodes
10: Test complete
10: [       OK ] ConsistencyTest.TriggerSynchronization (2164 ms)
10: [----------] 1 test from ConsistencyTest (2164 ms total)
10: 
10: [----------] Global test environment tear-down
10: [==========] 1 test from 1 test suite ran. (2164 ms total)
10: [  PASSED  ] 1 test.
10/15 Test #10: ConsistencyTest.TriggerSynchronization .............   Passed    2.18 sec
test 11
      Start 11: ConsistencyTest.ReplicaStopFlushesData

11: Test command: /Users/zeeshanqazi/Desktop/projects/Geryon/build/tests/geryon_tests "--gtest_filter=ConsistencyTest.ReplicaStopFlushesData" "--gtest_also_run_disabled_tests"
11: Working Directory: /Users/zeeshanqazi/Desktop/projects/Geryon/build/tests
11: Test timeout computed to be: 10000000
11: Running main() from /Users/zeeshanqazi/Desktop/projects/Geryon/build/_deps/googletest-src/googletest/src/gtest_main.cc
11: Note: Google Test filter = ConsistencyTest.ReplicaStopFlushesData
11: [==========] Running 1 test from 1 test suite.
11: [----------] Global test environment set-up.
11: [----------] 1 test from ConsistencyTest
11: [ RUN      ] ConsistencyTest.ReplicaStopFlushesData
11: Replica 1 connected.
11: [       OK ] ConsistencyTest.ReplicaStopFlushesData (2163 ms)
11: [----------] 1 test from ConsistencyTest (2163 ms total)
11: 
11: [----------] Global test environment tear-down
11: [==========] 1 test from 1 test suite ran. (2163 ms total)
11: [  PASSED  ] 1 test.
11/15 Test #11: ConsistencyTest.ReplicaStopFlushesData ...............   Passed    2.19 sec
test 12
      Start 12: ConsistencyTest.PrimaryStopInitiatesHandshake

12: Test command: /Users/zeeshanqazi/Desktop/projects/Geryon/build/tests/geryon_tests "--gtest_filter=ConsistencyTest.PrimaryStopInitiatesHandshake" "--gtest_also_run_disabled_tests"
12: Working Directory: /Users/zeeshanqazi/Desktop/projects/Geryon/build/tests
12: Test timeout computed to be: 10000000
12: Running main() from /Users/zeeshanqazi/Desktop/projects/Geryon/build/_deps/googletest-src/googletest/src/gtest_main.cc
12: Note: Google Test filter = ConsistencyTest.PrimaryStopInitiatesHandshake
12: [==========] Running 1 test from 1 test suite.
12: [----------] Global test environment set-up.
12: [----------] 1 test from ConsistencyTest
12: [ RUN      ] ConsistencyTest.PrimaryStopInitiatesHandshake
12: Replica 1 connected.
12: [       OK ] ConsistencyTest.PrimaryStopInitiatesHandshake (2061 ms)
12: [----------] 1 test from ConsistencyTest (2061 ms total)
12: 
12: [----------] Global test environment tear-down
12: [==========] 1 test from 1 test suite ran. (2062 ms total)
12: [  PASSED  ] 1 test.
12/15 Test #12: ConsistencyTest.PrimaryStopInitiatesHandshake .......   Passed    2.09 sec
test 13
      Start 13: CorrectnessTest.MultithreadMultipageCorrectness

13: Test command: /Users/zeeshanqazi/Desktop/projects/Geryon/build/tests/geryon_tests "--gtest_filter=CorrectnessTest.MultithreadMultipageCorrectness" "--gtest_also_run_disabled_tests"
13: Working Directory: /Users/zeeshanqazi/Desktop/projects/Geryon/build/tests
13: Test timeout computed to be: 10000000
13: Running main() from /Users/zeeshanqazi/Desktop/projects/Geryon/build/_deps/googletest-src/googletest/src/gtest_main.cc
13: Note: Google Test filter = CorrectnessTest.MultithreadMultipageCorrectness
13: [==========] Running 1 test from 1 test suite.
13: [----------] Global test environment set-up.
13: [----------] 1 test from CorrectnessTest
13: [ RUN      ] CorrectnessTest.MultithreadMultipageCorrectness
13: Replica 1 connected.
13: Replica 2 connected.
13: Replica 3 connected.
13: [       OK ] CorrectnessTest.MultithreadMultipageCorrectness (2967 ms)
13: [----------] 1 test from CorrectnessTest (2967 ms total)
13: 
13: [----------] Global test environment tear-down
13: [==========] 1 test from 1 test suite ran. (2967 ms total)
13: [  PASSED  ] 1 test.
13/15 Test #13: CorrectnessTest.MultithreadMultipageCorrectness ....   Passed    2.99 sec
test 14
      Start 14: CorrectnessTest.MultiprocessMultipageCorrectness

14: Test command: /Users/zeeshanqazi/Desktop/projects/Geryon/build/tests/geryon_tests "--gtest_filter=CorrectnessTest.MultiprocessMultipageCorrectness" "--gtest_also_run_disabled_tests"
14: Working Directory: /Users/zeeshanqazi/Desktop/projects/Geryon/build/tests
14: Test timeout computed to be: 10000000
14: Running main() from /Users/zeeshanqazi/Desktop/projects/Geryon/build/_deps/googletest-src/googletest/src/gtest_main.cc
14: Note: Google Test filter = CorrectnessTest.MultiprocessMultipageCorrectness
14: [==========] Running 1 test from 1 test suite.
14: [----------] Global test environment set-up.
14: [----------] 1 test from CorrectnessTest
14: [ RUN      ] CorrectnessTest.MultiprocessMultipageCorrectness
14: Running main() from /Users/zeeshanqazi/Desktop/projects/Geryon/build/_deps/googletest-src/googletest/src/gtest_main.cc
14: Note: Google Test filter = CorrectnessTest.MultiprocessMultipageCorrectness
14: [==========] Running 1 test from 1 test suite.
14: [----------] Global test environment set-up.
14: [----------] 1 test from CorrectnessTest
14: [ RUN      ] CorrectnessTest.MultiprocessMultipageCorrectness
14: Replica 1 connected.
14: Running main() from /Users/zeeshanqazi/Desktop/projects/Geryon/build/_deps/googletest-src/googletest/src/gtest_main.cc
14: Note: Google Test filter = CorrectnessTest.MultiprocessMultipageCorrectness
14: [==========] Running 1 test from 1 test suite.
14: [----------] Global test environment set-up.
14: [----------] 1 test from CorrectnessTest
14: [ RUN      ] CorrectnessTest.MultiprocessMultipageCorrectness
14: Replica 2 connected.
14: Running main() from /Users/zeeshanqazi/Desktop/projects/Geryon/build/_deps/googletest-src/googletest/src/gtest_main.cc
14: Note: Google Test filter = CorrectnessTest.MultiprocessMultipageCorrectness
14: [==========] Running 1 test from 1 test suite.
14: [----------] Global test environment set-up.
14: [----------] 1 test from CorrectnessTest
14: [ RUN      ] CorrectnessTest.MultiprocessMultipageCorrectness
14: Replica 3 connected.
14: [       OK ] CorrectnessTest.MultiprocessMultipageCorrectness (2168 ms)
14: [----------] 1 test from CorrectnessTest (2169 ms total)
14: 
14: [----------] Global test environment tear-down
14: [==========] 1 test from 1 test suite ran. (2169 ms total)
14: [  PASSED  ] 1 test.
14/15 Test #14: CorrectnessTest.MultiprocessMultipageCorrectness ...   Passed    2.20 sec
test 15
      Start 15: DistributedSortTest.MultiprocessPiecewiseSort

15: Test command: /Users/zeeshanqazi/Desktop/projects/Geryon/build/tests/geryon_tests "--gtest_filter=DistributedSortTest.MultiprocessPiecewiseSort" "--gtest_also_run_disabled_tests"
15: Working Directory: /Users/zeeshanqazi/Desktop/projects/Geryon/build/tests
15: Test timeout computed to be: 10000000
15: Running main() from /Users/zeeshanqazi/Desktop/projects/Geryon/build/_deps/googletest-src/googletest/src/gtest_main.cc
15: Note: Google Test filter = DistributedSortTest.MultiprocessPiecewiseSort
15: [==========] Running 1 test from 1 test suite.
15: [----------] Global test environment set-up.
15: [----------] 1 test from DistributedSortTest
15: [ RUN      ] DistributedSortTest.MultiprocessPiecewiseSort
15: Running main() from /Users/zeeshanqazi/Desktop/projects/Geryon/build/_deps/googletest-src/googletest/src/gtest_main.cc
15: Note: Google Test filter = DistributedSortTest.MultiprocessPiecewiseSort
15: [==========] Running 1 test from 1 test suite.
15: [----------] Global test environment set-up.
15: [----------] 1 test from DistributedSortTest
15: [ RUN      ] DistributedSortTest.MultiprocessPiecewiseSort
15: Replica 1 connected.
15: Running main() from /Users/zeeshanqazi/Desktop/projects/Geryon/build/_deps/googletest-src/googletest/src/gtest_main.cc
15: Note: Google Test filter = DistributedSortTest.MultiprocessPiecewiseSort
15: [==========] Running 1 test from 1 test suite.
15: [----------] Global test environment set-up.
15: [----------] 1 test from DistributedSortTest
15: [ RUN      ] DistributedSortTest.MultiprocessPiecewiseSort
15: Replica 2 connected.
15: Running main() from /Users/zeeshanqazi/Desktop/projects/Geryon/build/_deps/googletest-src/googletest/src/gtest_main.cc
15: Note: Google Test filter = DistributedSortTest.MultiprocessPiecewiseSort
15: [==========] Running 1 test from 1 test suite.
15: [----------] Global test environment set-up.
15: [----------] 1 test from DistributedSortTest
15: [ RUN      ] DistributedSortTest.MultiprocessPiecewiseSort
15: Replica 3 connected.
15: [Primary] Pages Sent: 3671, Pages Received: 3670 | Avg Transfer Time: 2.46636 us | Avg Time Between Transfers: 204.941 us
15: [Replica 2] Pages Sent: 1325, Pages Received: 1326 | Avg Transfer Time: 2.53208 us | Avg Time Between Transfers: 1308.27 us
15: [Replica 1] Pages Sent: 1323, Pages Received: 1324 | Avg Transfer Time: 2.74225 us | Avg Time Between Transfers: 1312.3 us
15: [Replica 3] Pages Sent: 1324, Pages Received: 1325 | Avg Transfer Time: 2.8142 us | Avg Time Between Transfers: 1314.75 us
15: [       OK ] DistributedSortTest.MultiprocessPiecewiseSort (4448 ms)
15: [----------] 1 test from DistributedSortTest (4448 ms total)
15: 
15: [----------] Global test environment tear-down
15: [==========] 1 test from 1 test suite ran. (4448 ms total)
15: [  PASSED  ] 1 test.
15/15 Test #15: DistributedSortTest.MultiprocessPiecewiseSort ......   Passed    4.47 sec

100% tests passed, 0 tests failed out of 15

Total Test time (real) =  33.33 sec
macOS Run 23
Using Homebrew GCC 16: /opt/homebrew/bin/g++-16
CMake Warning (dev) at CMakeLists.txt:17 (find_package):
  Policy CMP0167 is not set: The FindBoost module is removed.  Run "cmake
  --help-policy CMP0167" for policy details.  Use the cmake_policy command to
  set the policy and suppress this warning.

This warning is for project developers.  Use -Wno-dev to suppress it.

-- git version: v1.8.3 normalized to 1.8.3
-- Google Benchmark version: 1.8.3
-- Performing Test HAVE_STD_REGEX -- success
-- Performing Test HAVE_GNU_POSIX_REGEX -- failed to compile
-- Performing Test HAVE_POSIX_REGEX -- success
-- Performing Test HAVE_STEADY_CLOCK -- success
-- Performing Test HAVE_PTHREAD_AFFINITY -- failed to compile
-- Configuring done (0.7s)
-- Generating done (0.0s)
-- Build files have been written to: /Users/zeeshanqazi/Desktop/projects/Geryon/build
[  4%] Built target gtest
[ 12%] Built target geryon
[ 21%] Built target gtest_main
[ 21%] Built target gmock
[ 63%] Built target benchmark
[ 68%] Built target gmock_main
[ 72%] Built target benchmark_main
[ 76%] Built target benchmark_page_transfer
[100%] Built target geryon_tests
Build complete. Executables are in build/tests/ and build/benchmarks/.
UpdateCTestConfiguration  from :/Users/zeeshanqazi/Desktop/projects/Geryon/build/DartConfiguration.tcl
Test project /Users/zeeshanqazi/Desktop/projects/Geryon/build
Constructing a list of tests
Done constructing a list of tests
Updating test list for fixtures
Added 0 tests to meet fixture requirements
Checking test dependency graph...
Checking test dependency graph end
test 1
      Start  1: MemoryRegionTest.AllocationAndPageSize

1: Test command: /Users/zeeshanqazi/Desktop/projects/Geryon/build/tests/geryon_tests "--gtest_filter=MemoryRegionTest.AllocationAndPageSize" "--gtest_also_run_disabled_tests"
1: Working Directory: /Users/zeeshanqazi/Desktop/projects/Geryon/build/tests
1: Test timeout computed to be: 10000000
1: Running main() from /Users/zeeshanqazi/Desktop/projects/Geryon/build/_deps/googletest-src/googletest/src/gtest_main.cc
1: Note: Google Test filter = MemoryRegionTest.AllocationAndPageSize
1: [==========] Running 1 test from 1 test suite.
1: [----------] Global test environment set-up.
1: [----------] 1 test from MemoryRegionTest
1: [ RUN      ] MemoryRegionTest.AllocationAndPageSize
1: [       OK ] MemoryRegionTest.AllocationAndPageSize (0 ms)
1: [----------] 1 test from MemoryRegionTest (0 ms total)
1: 
1: [----------] Global test environment tear-down
1: [==========] 1 test from 1 test suite ran. (0 ms total)
1: [  PASSED  ] 1 test.
 1/15 Test  #1: MemoryRegionTest.AllocationAndPageSize .............   Passed    0.01 sec
test 2
      Start  2: MemoryRegionTest.ProtectionChanges

2: Test command: /Users/zeeshanqazi/Desktop/projects/Geryon/build/tests/geryon_tests "--gtest_filter=MemoryRegionTest.ProtectionChanges" "--gtest_also_run_disabled_tests"
2: Working Directory: /Users/zeeshanqazi/Desktop/projects/Geryon/build/tests
2: Test timeout computed to be: 10000000
2: Running main() from /Users/zeeshanqazi/Desktop/projects/Geryon/build/_deps/googletest-src/googletest/src/gtest_main.cc
2: Note: Google Test filter = MemoryRegionTest.ProtectionChanges
2: [==========] Running 1 test from 1 test suite.
2: [----------] Global test environment set-up.
2: [----------] 1 test from MemoryRegionTest
2: [ RUN      ] MemoryRegionTest.ProtectionChanges
2: [       OK ] MemoryRegionTest.ProtectionChanges (29 ms)
2: [----------] 1 test from MemoryRegionTest (29 ms total)
2: 
2: [----------] Global test environment tear-down
2: [==========] 1 test from 1 test suite ran. (29 ms total)
2: [  PASSED  ] 1 test.
 2/15 Test  #2: MemoryRegionTest.ProtectionChanges .................   Passed    0.04 sec
test 3
      Start  3: FaultHandlerTest.SoftFaultHandling

3: Test command: /Users/zeeshanqazi/Desktop/projects/Geryon/build/tests/geryon_tests "--gtest_filter=FaultHandlerTest.SoftFaultHandling" "--gtest_also_run_disabled_tests"
3: Working Directory: /Users/zeeshanqazi/Desktop/projects/Geryon/build/tests
3: Test timeout computed to be: 10000000
3: Running main() from /Users/zeeshanqazi/Desktop/projects/Geryon/build/_deps/googletest-src/googletest/src/gtest_main.cc
3: Note: Google Test filter = FaultHandlerTest.SoftFaultHandling
3: [==========] Running 1 test from 1 test suite.
3: [----------] Global test environment set-up.
3: [----------] 1 test from FaultHandlerTest
3: [ RUN      ] FaultHandlerTest.SoftFaultHandling
3: [       OK ] FaultHandlerTest.SoftFaultHandling (0 ms)
3: [----------] 1 test from FaultHandlerTest (0 ms total)
3: 
3: [----------] Global test environment tear-down
3: [==========] 1 test from 1 test suite ran. (0 ms total)
3: [  PASSED  ] 1 test.
 3/15 Test  #3: FaultHandlerTest.SoftFaultHandling .................   Passed    0.01 sec
test 4
      Start  4: NetworkSyncTest.BouncingOwnership

4: Test command: /Users/zeeshanqazi/Desktop/projects/Geryon/build/tests/geryon_tests "--gtest_filter=NetworkSyncTest.BouncingOwnership" "--gtest_also_run_disabled_tests"
4: Working Directory: /Users/zeeshanqazi/Desktop/projects/Geryon/build/tests
4: Test timeout computed to be: 10000000
4: Running main() from /Users/zeeshanqazi/Desktop/projects/Geryon/build/_deps/googletest-src/googletest/src/gtest_main.cc
4: Note: Google Test filter = NetworkSyncTest.BouncingOwnership
4: [==========] Running 1 test from 1 test suite.
4: [----------] Global test environment set-up.
4: [----------] 1 test from NetworkSyncTest
4: [ RUN      ] NetworkSyncTest.BouncingOwnership
4: Replica 1 connected.
4: [       OK ] NetworkSyncTest.BouncingOwnership (2114 ms)
4: [----------] 1 test from NetworkSyncTest (2114 ms total)
4: 
4: [----------] Global test environment tear-down
4: [==========] 1 test from 1 test suite ran. (2114 ms total)
4: [  PASSED  ] 1 test.
 4/15 Test  #4: NetworkSyncTest.BouncingOwnership ..................   Passed    2.12 sec
test 5
      Start  5: NetworkSyncTest.StressTest

5: Test command: /Users/zeeshanqazi/Desktop/projects/Geryon/build/tests/geryon_tests "--gtest_filter=NetworkSyncTest.StressTest" "--gtest_also_run_disabled_tests"
5: Working Directory: /Users/zeeshanqazi/Desktop/projects/Geryon/build/tests
5: Test timeout computed to be: 10000000
5: Running main() from /Users/zeeshanqazi/Desktop/projects/Geryon/build/_deps/googletest-src/googletest/src/gtest_main.cc
5: Note: Google Test filter = NetworkSyncTest.StressTest
5: [==========] Running 1 test from 1 test suite.
5: [----------] Global test environment set-up.
5: [----------] 1 test from NetworkSyncTest
5: [ RUN      ] NetworkSyncTest.StressTest
5: Replica 1 connected.
5: [       OK ] NetworkSyncTest.StressTest (2135 ms)
5: [----------] 1 test from NetworkSyncTest (2135 ms total)
5: 
5: [----------] Global test environment tear-down
5: [==========] 1 test from 1 test suite ran. (2135 ms total)
5: [  PASSED  ] 1 test.
 5/15 Test  #5: NetworkSyncTest.StressTest .........................   Passed    2.17 sec
test 6
      Start  6: MultiClientTest.StarTopologyBouncing

6: Test command: /Users/zeeshanqazi/Desktop/projects/Geryon/build/tests/geryon_tests "--gtest_filter=MultiClientTest.StarTopologyBouncing" "--gtest_also_run_disabled_tests"
6: Working Directory: /Users/zeeshanqazi/Desktop/projects/Geryon/build/tests
6: Test timeout computed to be: 10000000
6: Running main() from /Users/zeeshanqazi/Desktop/projects/Geryon/build/_deps/googletest-src/googletest/src/gtest_main.cc
6: Note: Google Test filter = MultiClientTest.StarTopologyBouncing
6: [==========] Running 1 test from 1 test suite.
6: [----------] Global test environment set-up.
6: [----------] 1 test from MultiClientTest
6: [ RUN      ] MultiClientTest.StarTopologyBouncing
6: Replica 1 connected.
6: Replica 2 connected.
6: Replica 3 connected.
6: [       OK ] MultiClientTest.StarTopologyBouncing (6402 ms)
6: [----------] 1 test from MultiClientTest (6402 ms total)
6: 
6: [----------] Global test environment tear-down
6: [==========] 1 test from 1 test suite ran. (6402 ms total)
6: [  PASSED  ] 1 test.
 6/15 Test  #6: MultiClientTest.StarTopologyBouncing ...............   Passed    6.43 sec
test 7
      Start  7: SynchronizationTest.DistributedSpinLock

7: Test command: /Users/zeeshanqazi/Desktop/projects/Geryon/build/tests/geryon_tests "--gtest_filter=SynchronizationTest.DistributedSpinLock" "--gtest_also_run_disabled_tests"
7: Working Directory: /Users/zeeshanqazi/Desktop/projects/Geryon/build/tests
7: Test timeout computed to be: 10000000
7: Running main() from /Users/zeeshanqazi/Desktop/projects/Geryon/build/_deps/googletest-src/googletest/src/gtest_main.cc
7: Note: Google Test filter = SynchronizationTest.DistributedSpinLock
7: [==========] Running 1 test from 1 test suite.
7: [----------] Global test environment set-up.
7: [----------] 1 test from SynchronizationTest
7: [ RUN      ] SynchronizationTest.DistributedSpinLock
7: Replica 1 connected.
7: Primary finished.
7: Replica finished.
7: [       OK ] SynchronizationTest.DistributedSpinLock (2136 ms)
7: [----------] 1 test from SynchronizationTest (2136 ms total)
7: 
7: [----------] Global test environment tear-down
7: [==========] 1 test from 1 test suite ran. (2136 ms total)
7: [  PASSED  ] 1 test.
 7/15 Test  #7: SynchronizationTest.DistributedSpinLock ............   Passed    2.16 sec
test 8
      Start  8: InterprocessTest.SharedVector

8: Test command: /Users/zeeshanqazi/Desktop/projects/Geryon/build/tests/geryon_tests "--gtest_filter=InterprocessTest.SharedVector" "--gtest_also_run_disabled_tests"
8: Working Directory: /Users/zeeshanqazi/Desktop/projects/Geryon/build/tests
8: Test timeout computed to be: 10000000
8: Running main() from /Users/zeeshanqazi/Desktop/projects/Geryon/build/_deps/googletest-src/googletest/src/gtest_main.cc
8: Note: Google Test filter = InterprocessTest.SharedVector
8: [==========] Running 1 test from 1 test suite.
8: [----------] Global test environment set-up.
8: [----------] 1 test from InterprocessTest
8: [ RUN      ] InterprocessTest.SharedVector
8: Replica 1 connected.
8: [       OK ] InterprocessTest.SharedVector (2117 ms)
8: [----------] 1 test from InterprocessTest (2117 ms total)
8: 
8: [----------] Global test environment tear-down
8: [==========] 1 test from 1 test suite ran. (2117 ms total)
8: [  PASSED  ] 1 test.
 8/15 Test  #8: InterprocessTest.SharedVector ......................   Passed    2.14 sec
test 9
      Start  9: MemnonIntegrationTest.SegmentedInterprocess

9: Test command: /Users/zeeshanqazi/Desktop/projects/Geryon/build/tests/geryon_tests "--gtest_filter=MemnonIntegrationTest.SegmentedInterprocess" "--gtest_also_run_disabled_tests"
9: Working Directory: /Users/zeeshanqazi/Desktop/projects/Geryon/build/tests
9: Test timeout computed to be: 10000000
9: Running main() from /Users/zeeshanqazi/Desktop/projects/Geryon/build/_deps/googletest-src/googletest/src/gtest_main.cc
9: Note: Google Test filter = MemnonIntegrationTest.SegmentedInterprocess
9: [==========] Running 1 test from 1 test suite.
9: [----------] Global test environment set-up.
9: [----------] 1 test from MemnonIntegrationTest
9: [ RUN      ] MemnonIntegrationTest.SegmentedInterprocess
9: Replica 1 connected.
9: [       OK ] MemnonIntegrationTest.SegmentedInterprocess (2121 ms)
9: [----------] 1 test from MemnonIntegrationTest (2121 ms total)
9: 
9: [----------] Global test environment tear-down
9: [==========] 1 test from 1 test suite ran. (2121 ms total)
9: [  PASSED  ] 1 test.
 9/15 Test  #9: MemnonIntegrationTest.SegmentedInterprocess ........   Passed    2.15 sec
test 10
      Start 10: ConsistencyTest.TriggerSynchronization

10: Test command: /Users/zeeshanqazi/Desktop/projects/Geryon/build/tests/geryon_tests "--gtest_filter=ConsistencyTest.TriggerSynchronization" "--gtest_also_run_disabled_tests"
10: Working Directory: /Users/zeeshanqazi/Desktop/projects/Geryon/build/tests
10: Test timeout computed to be: 10000000
10: Running main() from /Users/zeeshanqazi/Desktop/projects/Geryon/build/_deps/googletest-src/googletest/src/gtest_main.cc
10: Note: Google Test filter = ConsistencyTest.TriggerSynchronization
10: [==========] Running 1 test from 1 test suite.
10: [----------] Global test environment set-up.
10: [----------] 1 test from ConsistencyTest
10: [ RUN      ] ConsistencyTest.TriggerSynchronization
10: Starting primary...
10: Primary started.
10: Starting replica...
10: Replica started.
10: Replica 1 connected.
10: Simulating replica page request 1
10: Simulating replica page request 2
10: Replica writing to pages
10: Primary triggering synchronization
10: Primary checking consistency
10: Stopping nodes
10: Test complete
10: [       OK ] ConsistencyTest.TriggerSynchronization (2165 ms)
10: [----------] 1 test from ConsistencyTest (2165 ms total)
10: 
10: [----------] Global test environment tear-down
10: [==========] 1 test from 1 test suite ran. (2165 ms total)
10: [  PASSED  ] 1 test.
10/15 Test #10: ConsistencyTest.TriggerSynchronization .............   Passed    2.19 sec
test 11
      Start 11: ConsistencyTest.ReplicaStopFlushesData

11: Test command: /Users/zeeshanqazi/Desktop/projects/Geryon/build/tests/geryon_tests "--gtest_filter=ConsistencyTest.ReplicaStopFlushesData" "--gtest_also_run_disabled_tests"
11: Working Directory: /Users/zeeshanqazi/Desktop/projects/Geryon/build/tests
11: Test timeout computed to be: 10000000
11: Running main() from /Users/zeeshanqazi/Desktop/projects/Geryon/build/_deps/googletest-src/googletest/src/gtest_main.cc
11: Note: Google Test filter = ConsistencyTest.ReplicaStopFlushesData
11: [==========] Running 1 test from 1 test suite.
11: [----------] Global test environment set-up.
11: [----------] 1 test from ConsistencyTest
11: [ RUN      ] ConsistencyTest.ReplicaStopFlushesData
11: Replica 1 connected.
11: [       OK ] ConsistencyTest.ReplicaStopFlushesData (2159 ms)
11: [----------] 1 test from ConsistencyTest (2159 ms total)
11: 
11: [----------] Global test environment tear-down
11: [==========] 1 test from 1 test suite ran. (2159 ms total)
11: [  PASSED  ] 1 test.
11/15 Test #11: ConsistencyTest.ReplicaStopFlushesData ...............   Passed    2.18 sec
test 12
      Start 12: ConsistencyTest.PrimaryStopInitiatesHandshake

12: Test command: /Users/zeeshanqazi/Desktop/projects/Geryon/build/tests/geryon_tests "--gtest_filter=ConsistencyTest.PrimaryStopInitiatesHandshake" "--gtest_also_run_disabled_tests"
12: Working Directory: /Users/zeeshanqazi/Desktop/projects/Geryon/build/tests
12: Test timeout computed to be: 10000000
12: Running main() from /Users/zeeshanqazi/Desktop/projects/Geryon/build/_deps/googletest-src/googletest/src/gtest_main.cc
12: Note: Google Test filter = ConsistencyTest.PrimaryStopInitiatesHandshake
12: [==========] Running 1 test from 1 test suite.
12: [----------] Global test environment set-up.
12: [----------] 1 test from ConsistencyTest
12: [ RUN      ] ConsistencyTest.PrimaryStopInitiatesHandshake
12: Replica 1 connected.
12: [       OK ] ConsistencyTest.PrimaryStopInitiatesHandshake (2058 ms)
12: [----------] 1 test from ConsistencyTest (2058 ms total)
12: 
12: [----------] Global test environment tear-down
12: [==========] 1 test from 1 test suite ran. (2058 ms total)
12: [  PASSED  ] 1 test.
12/15 Test #12: ConsistencyTest.PrimaryStopInitiatesHandshake .......   Passed    2.08 sec
test 13
      Start 13: CorrectnessTest.MultithreadMultipageCorrectness

13: Test command: /Users/zeeshanqazi/Desktop/projects/Geryon/build/tests/geryon_tests "--gtest_filter=CorrectnessTest.MultithreadMultipageCorrectness" "--gtest_also_run_disabled_tests"
13: Working Directory: /Users/zeeshanqazi/Desktop/projects/Geryon/build/tests
13: Test timeout computed to be: 10000000
13: Running main() from /Users/zeeshanqazi/Desktop/projects/Geryon/build/_deps/googletest-src/googletest/src/gtest_main.cc
13: Note: Google Test filter = CorrectnessTest.MultithreadMultipageCorrectness
13: [==========] Running 1 test from 1 test suite.
13: [----------] Global test environment set-up.
13: [----------] 1 test from CorrectnessTest
13: [ RUN      ] CorrectnessTest.MultithreadMultipageCorrectness
13: Replica 1 connected.
13: Replica 2 connected.
13: Replica 3 connected.
13: [       OK ] CorrectnessTest.MultithreadMultipageCorrectness (2975 ms)
13: [----------] 1 test from CorrectnessTest (2975 ms total)
13: 
13: [----------] Global test environment tear-down
13: [==========] 1 test from 1 test suite ran. (2975 ms total)
13: [  PASSED  ] 1 test.
13/15 Test #13: CorrectnessTest.MultithreadMultipageCorrectness ....   Passed    3.00 sec
test 14
      Start 14: CorrectnessTest.MultiprocessMultipageCorrectness

14: Test command: /Users/zeeshanqazi/Desktop/projects/Geryon/build/tests/geryon_tests "--gtest_filter=CorrectnessTest.MultiprocessMultipageCorrectness" "--gtest_also_run_disabled_tests"
14: Working Directory: /Users/zeeshanqazi/Desktop/projects/Geryon/build/tests
14: Test timeout computed to be: 10000000
14: Running main() from /Users/zeeshanqazi/Desktop/projects/Geryon/build/_deps/googletest-src/googletest/src/gtest_main.cc
14: Note: Google Test filter = CorrectnessTest.MultiprocessMultipageCorrectness
14: [==========] Running 1 test from 1 test suite.
14: [----------] Global test environment set-up.
14: [----------] 1 test from CorrectnessTest
14: [ RUN      ] CorrectnessTest.MultiprocessMultipageCorrectness
14: Running main() from /Users/zeeshanqazi/Desktop/projects/Geryon/build/_deps/googletest-src/googletest/src/gtest_main.cc
14: Note: Google Test filter = CorrectnessTest.MultiprocessMultipageCorrectness
14: [==========] Running 1 test from 1 test suite.
14: [----------] Global test environment set-up.
14: [----------] 1 test from CorrectnessTest
14: [ RUN      ] CorrectnessTest.MultiprocessMultipageCorrectness
14: Replica 1 connected.
14: Running main() from /Users/zeeshanqazi/Desktop/projects/Geryon/build/_deps/googletest-src/googletest/src/gtest_main.cc
14: Note: Google Test filter = CorrectnessTest.MultiprocessMultipageCorrectness
14: [==========] Running 1 test from 1 test suite.
14: [----------] Global test environment set-up.
14: [----------] 1 test from CorrectnessTest
14: [ RUN      ] CorrectnessTest.MultiprocessMultipageCorrectness
14: Replica 2 connected.
14: Running main() from /Users/zeeshanqazi/Desktop/projects/Geryon/build/_deps/googletest-src/googletest/src/gtest_main.cc
14: Note: Google Test filter = CorrectnessTest.MultiprocessMultipageCorrectness
14: [==========] Running 1 test from 1 test suite.
14: [----------] Global test environment set-up.
14: [----------] 1 test from CorrectnessTest
14: [ RUN      ] CorrectnessTest.MultiprocessMultipageCorrectness
14: Replica 3 connected.
14: [       OK ] CorrectnessTest.MultiprocessMultipageCorrectness (2167 ms)
14: [----------] 1 test from CorrectnessTest (2167 ms total)
14: 
14: [----------] Global test environment tear-down
14: [==========] 1 test from 1 test suite ran. (2167 ms total)
14: [  PASSED  ] 1 test.
14/15 Test #14: CorrectnessTest.MultiprocessMultipageCorrectness ...   Passed    2.19 sec
test 15
      Start 15: DistributedSortTest.MultiprocessPiecewiseSort

15: Test command: /Users/zeeshanqazi/Desktop/projects/Geryon/build/tests/geryon_tests "--gtest_filter=DistributedSortTest.MultiprocessPiecewiseSort" "--gtest_also_run_disabled_tests"
15: Working Directory: /Users/zeeshanqazi/Desktop/projects/Geryon/build/tests
15: Test timeout computed to be: 10000000
15: Running main() from /Users/zeeshanqazi/Desktop/projects/Geryon/build/_deps/googletest-src/googletest/src/gtest_main.cc
15: Note: Google Test filter = DistributedSortTest.MultiprocessPiecewiseSort
15: [==========] Running 1 test from 1 test suite.
15: [----------] Global test environment set-up.
15: [----------] 1 test from DistributedSortTest
15: [ RUN      ] DistributedSortTest.MultiprocessPiecewiseSort
15: Running main() from /Users/zeeshanqazi/Desktop/projects/Geryon/build/_deps/googletest-src/googletest/src/gtest_main.cc
15: Note: Google Test filter = DistributedSortTest.MultiprocessPiecewiseSort
15: [==========] Running 1 test from 1 test suite.
15: [----------] Global test environment set-up.
15: [----------] 1 test from DistributedSortTest
15: [ RUN      ] DistributedSortTest.MultiprocessPiecewiseSort
15: Replica 1 connected.
15: Running main() from /Users/zeeshanqazi/Desktop/projects/Geryon/build/_deps/googletest-src/googletest/src/gtest_main.cc
15: Note: Google Test filter = DistributedSortTest.MultiprocessPiecewiseSort
15: [==========] Running 1 test from 1 test suite.
15: [----------] Global test environment set-up.
15: [----------] 1 test from DistributedSortTest
15: [ RUN      ] DistributedSortTest.MultiprocessPiecewiseSort
15: Replica 2 connected.
15: Running main() from /Users/zeeshanqazi/Desktop/projects/Geryon/build/_deps/googletest-src/googletest/src/gtest_main.cc
15: Note: Google Test filter = DistributedSortTest.MultiprocessPiecewiseSort
15: [==========] Running 1 test from 1 test suite.
15: [----------] Global test environment set-up.
15: [----------] 1 test from DistributedSortTest
15: [ RUN      ] DistributedSortTest.MultiprocessPiecewiseSort
15: Replica 3 connected.
15: [Primary] Pages Sent: 3671, Pages Received: 3670 | Avg Transfer Time: 2.42495 us | Avg Time Between Transfers: 204.384 us
15: [Replica 1] Pages Sent: 1320, Pages Received: 1321 | Avg Transfer Time: 2.63333 us | Avg Time Between Transfers: 1306.54 us
15: [Replica 2] Pages Sent: 1321, Pages Received: 1322 | Avg Transfer Time: 2.52233 us | Avg Time Between Transfers: 1305.47 us
15: [Replica 3] Pages Sent: 1321, Pages Received: 1322 | Avg Transfer Time: 2.43301 us | Avg Time Between Transfers: 1312.21 us
15: [       OK ] DistributedSortTest.MultiprocessPiecewiseSort (4427 ms)
15: [----------] 1 test from DistributedSortTest (4427 ms total)
15: 
15: [----------] Global test environment tear-down
15: [==========] 1 test from 1 test suite ran. (4427 ms total)
15: [  PASSED  ] 1 test.
15/15 Test #15: DistributedSortTest.MultiprocessPiecewiseSort ......   Passed    4.45 sec

100% tests passed, 0 tests failed out of 15

Total Test time (real) =  33.35 sec
macOS Run 24
Using Homebrew GCC 16: /opt/homebrew/bin/g++-16
CMake Warning (dev) at CMakeLists.txt:17 (find_package):
  Policy CMP0167 is not set: The FindBoost module is removed.  Run "cmake
  --help-policy CMP0167" for policy details.  Use the cmake_policy command to
  set the policy and suppress this warning.

This warning is for project developers.  Use -Wno-dev to suppress it.

-- git version: v1.8.3 normalized to 1.8.3
-- Google Benchmark version: 1.8.3
-- Performing Test HAVE_STD_REGEX -- success
-- Performing Test HAVE_GNU_POSIX_REGEX -- failed to compile
-- Performing Test HAVE_POSIX_REGEX -- success
-- Performing Test HAVE_STEADY_CLOCK -- success
-- Performing Test HAVE_PTHREAD_AFFINITY -- failed to compile
-- Configuring done (0.7s)
-- Generating done (0.0s)
-- Build files have been written to: /Users/zeeshanqazi/Desktop/projects/Geryon/build
[  4%] Built target gtest
[ 12%] Built target geryon
[ 17%] Built target gtest_main
[ 21%] Built target gmock
[ 63%] Built target benchmark
[ 68%] Built target gmock_main
[ 72%] Built target benchmark_main
[ 76%] Built target benchmark_page_transfer
[100%] Built target geryon_tests
Build complete. Executables are in build/tests/ and build/benchmarks/.
UpdateCTestConfiguration  from :/Users/zeeshanqazi/Desktop/projects/Geryon/build/DartConfiguration.tcl
Test project /Users/zeeshanqazi/Desktop/projects/Geryon/build
Constructing a list of tests
Done constructing a list of tests
Updating test list for fixtures
Added 0 tests to meet fixture requirements
Checking test dependency graph...
Checking test dependency graph end
test 1
      Start  1: MemoryRegionTest.AllocationAndPageSize

1: Test command: /Users/zeeshanqazi/Desktop/projects/Geryon/build/tests/geryon_tests "--gtest_filter=MemoryRegionTest.AllocationAndPageSize" "--gtest_also_run_disabled_tests"
1: Working Directory: /Users/zeeshanqazi/Desktop/projects/Geryon/build/tests
1: Test timeout computed to be: 10000000
1: Running main() from /Users/zeeshanqazi/Desktop/projects/Geryon/build/_deps/googletest-src/googletest/src/gtest_main.cc
1: Note: Google Test filter = MemoryRegionTest.AllocationAndPageSize
1: [==========] Running 1 test from 1 test suite.
1: [----------] Global test environment set-up.
1: [----------] 1 test from MemoryRegionTest
1: [ RUN      ] MemoryRegionTest.AllocationAndPageSize
1: [       OK ] MemoryRegionTest.AllocationAndPageSize (0 ms)
1: [----------] 1 test from MemoryRegionTest (0 ms total)
1: 
1: [----------] Global test environment tear-down
1: [==========] 1 test from 1 test suite ran. (0 ms total)
1: [  PASSED  ] 1 test.
 1/15 Test  #1: MemoryRegionTest.AllocationAndPageSize .............   Passed    0.01 sec
test 2
      Start  2: MemoryRegionTest.ProtectionChanges

2: Test command: /Users/zeeshanqazi/Desktop/projects/Geryon/build/tests/geryon_tests "--gtest_filter=MemoryRegionTest.ProtectionChanges" "--gtest_also_run_disabled_tests"
2: Working Directory: /Users/zeeshanqazi/Desktop/projects/Geryon/build/tests
2: Test timeout computed to be: 10000000
2: Running main() from /Users/zeeshanqazi/Desktop/projects/Geryon/build/_deps/googletest-src/googletest/src/gtest_main.cc
2: Note: Google Test filter = MemoryRegionTest.ProtectionChanges
2: [==========] Running 1 test from 1 test suite.
2: [----------] Global test environment set-up.
2: [----------] 1 test from MemoryRegionTest
2: [ RUN      ] MemoryRegionTest.ProtectionChanges
2: [       OK ] MemoryRegionTest.ProtectionChanges (29 ms)
2: [----------] 1 test from MemoryRegionTest (29 ms total)
2: 
2: [----------] Global test environment tear-down
2: [==========] 1 test from 1 test suite ran. (29 ms total)
2: [  PASSED  ] 1 test.
 2/15 Test  #2: MemoryRegionTest.ProtectionChanges .................   Passed    0.04 sec
test 3
      Start  3: FaultHandlerTest.SoftFaultHandling

3: Test command: /Users/zeeshanqazi/Desktop/projects/Geryon/build/tests/geryon_tests "--gtest_filter=FaultHandlerTest.SoftFaultHandling" "--gtest_also_run_disabled_tests"
3: Working Directory: /Users/zeeshanqazi/Desktop/projects/Geryon/build/tests
3: Test timeout computed to be: 10000000
3: Running main() from /Users/zeeshanqazi/Desktop/projects/Geryon/build/_deps/googletest-src/googletest/src/gtest_main.cc
3: Note: Google Test filter = FaultHandlerTest.SoftFaultHandling
3: [==========] Running 1 test from 1 test suite.
3: [----------] Global test environment set-up.
3: [----------] 1 test from FaultHandlerTest
3: [ RUN      ] FaultHandlerTest.SoftFaultHandling
3: [       OK ] FaultHandlerTest.SoftFaultHandling (0 ms)
3: [----------] 1 test from FaultHandlerTest (0 ms total)
3: 
3: [----------] Global test environment tear-down
3: [==========] 1 test from 1 test suite ran. (0 ms total)
3: [  PASSED  ] 1 test.
 3/15 Test  #3: FaultHandlerTest.SoftFaultHandling .................   Passed    0.01 sec
test 4
      Start  4: NetworkSyncTest.BouncingOwnership

4: Test command: /Users/zeeshanqazi/Desktop/projects/Geryon/build/tests/geryon_tests "--gtest_filter=NetworkSyncTest.BouncingOwnership" "--gtest_also_run_disabled_tests"
4: Working Directory: /Users/zeeshanqazi/Desktop/projects/Geryon/build/tests
4: Test timeout computed to be: 10000000
4: Running main() from /Users/zeeshanqazi/Desktop/projects/Geryon/build/_deps/googletest-src/googletest/src/gtest_main.cc
4: Note: Google Test filter = NetworkSyncTest.BouncingOwnership
4: [==========] Running 1 test from 1 test suite.
4: [----------] Global test environment set-up.
4: [----------] 1 test from NetworkSyncTest
4: [ RUN      ] NetworkSyncTest.BouncingOwnership
4: Replica 1 connected.
4: [       OK ] NetworkSyncTest.BouncingOwnership (2113 ms)
4: [----------] 1 test from NetworkSyncTest (2113 ms total)
4: 
4: [----------] Global test environment tear-down
4: [==========] 1 test from 1 test suite ran. (2113 ms total)
4: [  PASSED  ] 1 test.
 4/15 Test  #4: NetworkSyncTest.BouncingOwnership ..................   Passed    2.12 sec
test 5
      Start  5: NetworkSyncTest.StressTest

5: Test command: /Users/zeeshanqazi/Desktop/projects/Geryon/build/tests/geryon_tests "--gtest_filter=NetworkSyncTest.StressTest" "--gtest_also_run_disabled_tests"
5: Working Directory: /Users/zeeshanqazi/Desktop/projects/Geryon/build/tests
5: Test timeout computed to be: 10000000
5: Running main() from /Users/zeeshanqazi/Desktop/projects/Geryon/build/_deps/googletest-src/googletest/src/gtest_main.cc
5: Note: Google Test filter = NetworkSyncTest.StressTest
5: [==========] Running 1 test from 1 test suite.
5: [----------] Global test environment set-up.
5: [----------] 1 test from NetworkSyncTest
5: [ RUN      ] NetworkSyncTest.StressTest
5: Replica 1 connected.
5: [       OK ] NetworkSyncTest.StressTest (2134 ms)
5: [----------] 1 test from NetworkSyncTest (2134 ms total)
5: 
5: [----------] Global test environment tear-down
5: [==========] 1 test from 1 test suite ran. (2134 ms total)
5: [  PASSED  ] 1 test.
 5/15 Test  #5: NetworkSyncTest.StressTest .........................   Passed    2.16 sec
test 6
      Start  6: MultiClientTest.StarTopologyBouncing

6: Test command: /Users/zeeshanqazi/Desktop/projects/Geryon/build/tests/geryon_tests "--gtest_filter=MultiClientTest.StarTopologyBouncing" "--gtest_also_run_disabled_tests"
6: Working Directory: /Users/zeeshanqazi/Desktop/projects/Geryon/build/tests
6: Test timeout computed to be: 10000000
6: Running main() from /Users/zeeshanqazi/Desktop/projects/Geryon/build/_deps/googletest-src/googletest/src/gtest_main.cc
6: Note: Google Test filter = MultiClientTest.StarTopologyBouncing
6: [==========] Running 1 test from 1 test suite.
6: [----------] Global test environment set-up.
6: [----------] 1 test from MultiClientTest
6: [ RUN      ] MultiClientTest.StarTopologyBouncing
6: Replica 1 connected.
6: Replica 2 connected.
6: Replica 3 connected.
6: [       OK ] MultiClientTest.StarTopologyBouncing (6409 ms)
6: [----------] 1 test from MultiClientTest (6409 ms total)
6: 
6: [----------] Global test environment tear-down
6: [==========] 1 test from 1 test suite ran. (6409 ms total)
6: [  PASSED  ] 1 test.
 6/15 Test  #6: MultiClientTest.StarTopologyBouncing ...............   Passed    6.44 sec
test 7
      Start  7: SynchronizationTest.DistributedSpinLock

7: Test command: /Users/zeeshanqazi/Desktop/projects/Geryon/build/tests/geryon_tests "--gtest_filter=SynchronizationTest.DistributedSpinLock" "--gtest_also_run_disabled_tests"
7: Working Directory: /Users/zeeshanqazi/Desktop/projects/Geryon/build/tests
7: Test timeout computed to be: 10000000
7: Running main() from /Users/zeeshanqazi/Desktop/projects/Geryon/build/_deps/googletest-src/googletest/src/gtest_main.cc
7: Note: Google Test filter = SynchronizationTest.DistributedSpinLock
7: [==========] Running 1 test from 1 test suite.
7: [----------] Global test environment set-up.
7: [----------] 1 test from SynchronizationTest
7: [ RUN      ] SynchronizationTest.DistributedSpinLock
7: Replica 1 connected.
7: Primary finished.
7: Replica finished.
7: [       OK ] SynchronizationTest.DistributedSpinLock (2140 ms)
7: [----------] 1 test from SynchronizationTest (2140 ms total)
7: 
7: [----------] Global test environment tear-down
7: [==========] 1 test from 1 test suite ran. (2140 ms total)
7: [  PASSED  ] 1 test.
 7/15 Test  #7: SynchronizationTest.DistributedSpinLock ............   Passed    2.17 sec
test 8
      Start  8: InterprocessTest.SharedVector

8: Test command: /Users/zeeshanqazi/Desktop/projects/Geryon/build/tests/geryon_tests "--gtest_filter=InterprocessTest.SharedVector" "--gtest_also_run_disabled_tests"
8: Working Directory: /Users/zeeshanqazi/Desktop/projects/Geryon/build/tests
8: Test timeout computed to be: 10000000
8: Running main() from /Users/zeeshanqazi/Desktop/projects/Geryon/build/_deps/googletest-src/googletest/src/gtest_main.cc
8: Note: Google Test filter = InterprocessTest.SharedVector
8: [==========] Running 1 test from 1 test suite.
8: [----------] Global test environment set-up.
8: [----------] 1 test from InterprocessTest
8: [ RUN      ] InterprocessTest.SharedVector
8: Replica 1 connected.
8: [       OK ] InterprocessTest.SharedVector (2116 ms)
8: [----------] 1 test from InterprocessTest (2116 ms total)
8: 
8: [----------] Global test environment tear-down
8: [==========] 1 test from 1 test suite ran. (2116 ms total)
8: [  PASSED  ] 1 test.
 8/15 Test  #8: InterprocessTest.SharedVector ......................   Passed    2.14 sec
test 9
      Start  9: MemnonIntegrationTest.SegmentedInterprocess

9: Test command: /Users/zeeshanqazi/Desktop/projects/Geryon/build/tests/geryon_tests "--gtest_filter=MemnonIntegrationTest.SegmentedInterprocess" "--gtest_also_run_disabled_tests"
9: Working Directory: /Users/zeeshanqazi/Desktop/projects/Geryon/build/tests
9: Test timeout computed to be: 10000000
9: Running main() from /Users/zeeshanqazi/Desktop/projects/Geryon/build/_deps/googletest-src/googletest/src/gtest_main.cc
9: Note: Google Test filter = MemnonIntegrationTest.SegmentedInterprocess
9: [==========] Running 1 test from 1 test suite.
9: [----------] Global test environment set-up.
9: [----------] 1 test from MemnonIntegrationTest
9: [ RUN      ] MemnonIntegrationTest.SegmentedInterprocess
9: Replica 1 connected.
9: [       OK ] MemnonIntegrationTest.SegmentedInterprocess (2119 ms)
9: [----------] 1 test from MemnonIntegrationTest (2119 ms total)
9: 
9: [----------] Global test environment tear-down
9: [==========] 1 test from 1 test suite ran. (2119 ms total)
9: [  PASSED  ] 1 test.
 9/15 Test  #9: MemnonIntegrationTest.SegmentedInterprocess ........   Passed    2.15 sec
test 10
      Start 10: ConsistencyTest.TriggerSynchronization

10: Test command: /Users/zeeshanqazi/Desktop/projects/Geryon/build/tests/geryon_tests "--gtest_filter=ConsistencyTest.TriggerSynchronization" "--gtest_also_run_disabled_tests"
10: Working Directory: /Users/zeeshanqazi/Desktop/projects/Geryon/build/tests
10: Test timeout computed to be: 10000000
10: Running main() from /Users/zeeshanqazi/Desktop/projects/Geryon/build/_deps/googletest-src/googletest/src/gtest_main.cc
10: Note: Google Test filter = ConsistencyTest.TriggerSynchronization
10: [==========] Running 1 test from 1 test suite.
10: [----------] Global test environment set-up.
10: [----------] 1 test from ConsistencyTest
10: [ RUN      ] ConsistencyTest.TriggerSynchronization
10: Starting primary...
10: Primary started.
10: Starting replica...
10: Replica started.Replica 1 connected.
10: 
10: Simulating replica page request 1
10: Simulating replica page request 2
10: Replica writing to pages
10: Primary triggering synchronization
10: Primary checking consistency
10: Stopping nodes
10: Test complete
10: [       OK ] ConsistencyTest.TriggerSynchronization (2161 ms)
10: [----------] 1 test from ConsistencyTest (2161 ms total)
10: 
10: [----------] Global test environment tear-down
10: [==========] 1 test from 1 test suite ran. (2161 ms total)
10: [  PASSED  ] 1 test.
10/15 Test #10: ConsistencyTest.TriggerSynchronization .............   Passed    2.19 sec
test 11
      Start 11: ConsistencyTest.ReplicaStopFlushesData

11: Test command: /Users/zeeshanqazi/Desktop/projects/Geryon/build/tests/geryon_tests "--gtest_filter=ConsistencyTest.ReplicaStopFlushesData" "--gtest_also_run_disabled_tests"
11: Working Directory: /Users/zeeshanqazi/Desktop/projects/Geryon/build/tests
11: Test timeout computed to be: 10000000
11: Running main() from /Users/zeeshanqazi/Desktop/projects/Geryon/build/_deps/googletest-src/googletest/src/gtest_main.cc
11: Note: Google Test filter = ConsistencyTest.ReplicaStopFlushesData
11: [==========] Running 1 test from 1 test suite.
11: [----------] Global test environment set-up.
11: [----------] 1 test from ConsistencyTest
11: [ RUN      ] ConsistencyTest.ReplicaStopFlushesData
11: Replica 1 connected.
11: [       OK ] ConsistencyTest.ReplicaStopFlushesData (2163 ms)
11: [----------] 1 test from ConsistencyTest (2163 ms total)
11: 
11: [----------] Global test environment tear-down
11: [==========] 1 test from 1 test suite ran. (2163 ms total)
11: [  PASSED  ] 1 test.
11/15 Test #11: ConsistencyTest.ReplicaStopFlushesData ...............   Passed    2.19 sec
test 12
      Start 12: ConsistencyTest.PrimaryStopInitiatesHandshake

12: Test command: /Users/zeeshanqazi/Desktop/projects/Geryon/build/tests/geryon_tests "--gtest_filter=ConsistencyTest.PrimaryStopInitiatesHandshake" "--gtest_also_run_disabled_tests"
12: Working Directory: /Users/zeeshanqazi/Desktop/projects/Geryon/build/tests
12: Test timeout computed to be: 10000000
12: Running main() from /Users/zeeshanqazi/Desktop/projects/Geryon/build/_deps/googletest-src/googletest/src/gtest_main.cc
12: Note: Google Test filter = ConsistencyTest.PrimaryStopInitiatesHandshake
12: [==========] Running 1 test from 1 test suite.
12: [----------] Global test environment set-up.
12: [----------] 1 test from ConsistencyTest
12: [ RUN      ] ConsistencyTest.PrimaryStopInitiatesHandshake
12: Replica 1 connected.
12: [       OK ] ConsistencyTest.PrimaryStopInitiatesHandshake (2062 ms)
12: [----------] 1 test from ConsistencyTest (2062 ms total)
12: 
12: [----------] Global test environment tear-down
12: [==========] 1 test from 1 test suite ran. (2062 ms total)
12: [  PASSED  ] 1 test.
12/15 Test #12: ConsistencyTest.PrimaryStopInitiatesHandshake .......   Passed    2.09 sec
test 13
      Start 13: CorrectnessTest.MultithreadMultipageCorrectness

13: Test command: /Users/zeeshanqazi/Desktop/projects/Geryon/build/tests/geryon_tests "--gtest_filter=CorrectnessTest.MultithreadMultipageCorrectness" "--gtest_also_run_disabled_tests"
13: Working Directory: /Users/zeeshanqazi/Desktop/projects/Geryon/build/tests
13: Test timeout computed to be: 10000000
13: Running main() from /Users/zeeshanqazi/Desktop/projects/Geryon/build/_deps/googletest-src/googletest/src/gtest_main.cc
13: Note: Google Test filter = CorrectnessTest.MultithreadMultipageCorrectness
13: [==========] Running 1 test from 1 test suite.
13: [----------] Global test environment set-up.
13: [----------] 1 test from CorrectnessTest
13: [ RUN      ] CorrectnessTest.MultithreadMultipageCorrectness
13: Replica 1 connected.
13: Replica 2 connected.
13: Replica 3 connected.
13: [       OK ] CorrectnessTest.MultithreadMultipageCorrectness (2967 ms)
13: [----------] 1 test from CorrectnessTest (2967 ms total)
13: 
13: [----------] Global test environment tear-down
13: [==========] 1 test from 1 test suite ran. (2967 ms total)
13: [  PASSED  ] 1 test.
13/15 Test #13: CorrectnessTest.MultithreadMultipageCorrectness ....   Passed    2.99 sec
test 14
      Start 14: CorrectnessTest.MultiprocessMultipageCorrectness

14: Test command: /Users/zeeshanqazi/Desktop/projects/Geryon/build/tests/geryon_tests "--gtest_filter=CorrectnessTest.MultiprocessMultipageCorrectness" "--gtest_also_run_disabled_tests"
14: Working Directory: /Users/zeeshanqazi/Desktop/projects/Geryon/build/tests
14: Test timeout computed to be: 10000000
14: Running main() from /Users/zeeshanqazi/Desktop/projects/Geryon/build/_deps/googletest-src/googletest/src/gtest_main.cc
14: Note: Google Test filter = CorrectnessTest.MultiprocessMultipageCorrectness
14: [==========] Running 1 test from 1 test suite.
14: [----------] Global test environment set-up.
14: [----------] 1 test from CorrectnessTest
14: [ RUN      ] CorrectnessTest.MultiprocessMultipageCorrectness
14: Running main() from /Users/zeeshanqazi/Desktop/projects/Geryon/build/_deps/googletest-src/googletest/src/gtest_main.cc
14: Note: Google Test filter = CorrectnessTest.MultiprocessMultipageCorrectness
14: [==========] Running 1 test from 1 test suite.
14: [----------] Global test environment set-up.
14: [----------] 1 test from CorrectnessTest
14: [ RUN      ] CorrectnessTest.MultiprocessMultipageCorrectness
14: Replica 1 connected.
14: Running main() from /Users/zeeshanqazi/Desktop/projects/Geryon/build/_deps/googletest-src/googletest/src/gtest_main.cc
14: Note: Google Test filter = CorrectnessTest.MultiprocessMultipageCorrectness
14: [==========] Running 1 test from 1 test suite.
14: [----------] Global test environment set-up.
14: [----------] 1 test from CorrectnessTest
14: [ RUN      ] CorrectnessTest.MultiprocessMultipageCorrectness
14: Replica 2 connected.
14: Running main() from /Users/zeeshanqazi/Desktop/projects/Geryon/build/_deps/googletest-src/googletest/src/gtest_main.cc
14: Note: Google Test filter = CorrectnessTest.MultiprocessMultipageCorrectness
14: [==========] Running 1 test from 1 test suite.
14: [----------] Global test environment set-up.
14: [----------] 1 test from CorrectnessTest
14: [ RUN      ] CorrectnessTest.MultiprocessMultipageCorrectness
14: Replica 3 connected.
14: [       OK ] CorrectnessTest.MultiprocessMultipageCorrectness (2172 ms)
14: [----------] 1 test from CorrectnessTest (2172 ms total)
14: 
14: [----------] Global test environment tear-down
14: [==========] 1 test from 1 test suite ran. (2172 ms total)
14: [  PASSED  ] 1 test.
14/15 Test #14: CorrectnessTest.MultiprocessMultipageCorrectness ...   Passed    2.20 sec
test 15
      Start 15: DistributedSortTest.MultiprocessPiecewiseSort

15: Test command: /Users/zeeshanqazi/Desktop/projects/Geryon/build/tests/geryon_tests "--gtest_filter=DistributedSortTest.MultiprocessPiecewiseSort" "--gtest_also_run_disabled_tests"
15: Working Directory: /Users/zeeshanqazi/Desktop/projects/Geryon/build/tests
15: Test timeout computed to be: 10000000
15: Running main() from /Users/zeeshanqazi/Desktop/projects/Geryon/build/_deps/googletest-src/googletest/src/gtest_main.cc
15: Note: Google Test filter = DistributedSortTest.MultiprocessPiecewiseSort
15: [==========] Running 1 test from 1 test suite.
15: [----------] Global test environment set-up.
15: [----------] 1 test from DistributedSortTest
15: [ RUN      ] DistributedSortTest.MultiprocessPiecewiseSort
15: Running main() from /Users/zeeshanqazi/Desktop/projects/Geryon/build/_deps/googletest-src/googletest/src/gtest_main.cc
15: Note: Google Test filter = DistributedSortTest.MultiprocessPiecewiseSort
15: [==========] Running 1 test from 1 test suite.
15: [----------] Global test environment set-up.
15: [----------] 1 test from DistributedSortTest
15: [ RUN      ] DistributedSortTest.MultiprocessPiecewiseSort
15: Replica 1 connected.
15: Running main() from /Users/zeeshanqazi/Desktop/projects/Geryon/build/_deps/googletest-src/googletest/src/gtest_main.cc
15: Note: Google Test filter = DistributedSortTest.MultiprocessPiecewiseSort
15: [==========] Running 1 test from 1 test suite.
15: [----------] Global test environment set-up.
15: [----------] 1 test from DistributedSortTest
15: [ RUN      ] DistributedSortTest.MultiprocessPiecewiseSort
15: Replica 2 connected.
15: Running main() from /Users/zeeshanqazi/Desktop/projects/Geryon/build/_deps/googletest-src/googletest/src/gtest_main.cc
15: Note: Google Test filter = DistributedSortTest.MultiprocessPiecewiseSort
15: [==========] Running 1 test from 1 test suite.
15: [----------] Global test environment set-up.
15: [----------] 1 test from DistributedSortTest
15: [ RUN      ] DistributedSortTest.MultiprocessPiecewiseSort
15: Replica 3 connected.
15: [Primary] Pages Sent: 3671, Pages Received: 3670 | Avg Transfer Time: 2.63825 us | Avg Time Between Transfers: 205.396 us
15: [Replica 3] Pages Sent: 1319, Pages Received: 1320 | Avg Transfer Time: 2.73768 us | Avg Time Between Transfers: 1327.1 us
15: [Replica 2] Pages Sent: 1322, Pages Received: 1323 | Avg Transfer Time: 2.68986 us | Avg Time Between Transfers: 1324.69 us
15: [Replica 1] Pages Sent: 1320, Pages Received: 1321 | Avg Transfer Time: 2.91591 us | Avg Time Between Transfers: 1330.6 us
15: [       OK ] DistributedSortTest.MultiprocessPiecewiseSort (4453 ms)
15: [----------] 1 test from DistributedSortTest (4454 ms total)
15: 
15: [----------] Global test environment tear-down
15: [==========] 1 test from 1 test suite ran. (4454 ms total)
15: [  PASSED  ] 1 test.
15/15 Test #15: DistributedSortTest.MultiprocessPiecewiseSort ......   Passed    4.47 sec

100% tests passed, 0 tests failed out of 15

Total Test time (real) =  33.37 sec
macOS Run 25
Using Homebrew GCC 16: /opt/homebrew/bin/g++-16
CMake Warning (dev) at CMakeLists.txt:17 (find_package):
  Policy CMP0167 is not set: The FindBoost module is removed.  Run "cmake
  --help-policy CMP0167" for policy details.  Use the cmake_policy command to
  set the policy and suppress this warning.

This warning is for project developers.  Use -Wno-dev to suppress it.

-- git version: v1.8.3 normalized to 1.8.3
-- Google Benchmark version: 1.8.3
-- Performing Test HAVE_STD_REGEX -- success
-- Performing Test HAVE_GNU_POSIX_REGEX -- failed to compile
-- Performing Test HAVE_POSIX_REGEX -- success
-- Performing Test HAVE_STEADY_CLOCK -- success
-- Performing Test HAVE_PTHREAD_AFFINITY -- failed to compile
-- Configuring done (0.7s)
-- Generating done (0.0s)
-- Build files have been written to: /Users/zeeshanqazi/Desktop/projects/Geryon/build
[  4%] Built target gtest
[ 12%] Built target geryon
[ 21%] Built target gmock
[ 21%] Built target gtest_main
[ 63%] Built target benchmark
[ 68%] Built target gmock_main
[ 72%] Built target benchmark_main
[ 76%] Built target benchmark_page_transfer
[100%] Built target geryon_tests
Build complete. Executables are in build/tests/ and build/benchmarks/.
UpdateCTestConfiguration  from :/Users/zeeshanqazi/Desktop/projects/Geryon/build/DartConfiguration.tcl
Test project /Users/zeeshanqazi/Desktop/projects/Geryon/build
Constructing a list of tests
Done constructing a list of tests
Updating test list for fixtures
Added 0 tests to meet fixture requirements
Checking test dependency graph...
Checking test dependency graph end
test 1
      Start  1: MemoryRegionTest.AllocationAndPageSize

1: Test command: /Users/zeeshanqazi/Desktop/projects/Geryon/build/tests/geryon_tests "--gtest_filter=MemoryRegionTest.AllocationAndPageSize" "--gtest_also_run_disabled_tests"
1: Working Directory: /Users/zeeshanqazi/Desktop/projects/Geryon/build/tests
1: Test timeout computed to be: 10000000
1: Running main() from /Users/zeeshanqazi/Desktop/projects/Geryon/build/_deps/googletest-src/googletest/src/gtest_main.cc
1: Note: Google Test filter = MemoryRegionTest.AllocationAndPageSize
1: [==========] Running 1 test from 1 test suite.
1: [----------] Global test environment set-up.
1: [----------] 1 test from MemoryRegionTest
1: [ RUN      ] MemoryRegionTest.AllocationAndPageSize
1: [       OK ] MemoryRegionTest.AllocationAndPageSize (0 ms)
1: [----------] 1 test from MemoryRegionTest (0 ms total)
1: 
1: [----------] Global test environment tear-down
1: [==========] 1 test from 1 test suite ran. (0 ms total)
1: [  PASSED  ] 1 test.
 1/15 Test  #1: MemoryRegionTest.AllocationAndPageSize .............   Passed    0.01 sec
test 2
      Start  2: MemoryRegionTest.ProtectionChanges

2: Test command: /Users/zeeshanqazi/Desktop/projects/Geryon/build/tests/geryon_tests "--gtest_filter=MemoryRegionTest.ProtectionChanges" "--gtest_also_run_disabled_tests"
2: Working Directory: /Users/zeeshanqazi/Desktop/projects/Geryon/build/tests
2: Test timeout computed to be: 10000000
2: Running main() from /Users/zeeshanqazi/Desktop/projects/Geryon/build/_deps/googletest-src/googletest/src/gtest_main.cc
2: Note: Google Test filter = MemoryRegionTest.ProtectionChanges
2: [==========] Running 1 test from 1 test suite.
2: [----------] Global test environment set-up.
2: [----------] 1 test from MemoryRegionTest
2: [ RUN      ] MemoryRegionTest.ProtectionChanges
2: [       OK ] MemoryRegionTest.ProtectionChanges (29 ms)
2: [----------] 1 test from MemoryRegionTest (29 ms total)
2: 
2: [----------] Global test environment tear-down
2: [==========] 1 test from 1 test suite ran. (29 ms total)
2: [  PASSED  ] 1 test.
 2/15 Test  #2: MemoryRegionTest.ProtectionChanges .................   Passed    0.04 sec
test 3
      Start  3: FaultHandlerTest.SoftFaultHandling

3: Test command: /Users/zeeshanqazi/Desktop/projects/Geryon/build/tests/geryon_tests "--gtest_filter=FaultHandlerTest.SoftFaultHandling" "--gtest_also_run_disabled_tests"
3: Working Directory: /Users/zeeshanqazi/Desktop/projects/Geryon/build/tests
3: Test timeout computed to be: 10000000
3: Running main() from /Users/zeeshanqazi/Desktop/projects/Geryon/build/_deps/googletest-src/googletest/src/gtest_main.cc
3: Note: Google Test filter = FaultHandlerTest.SoftFaultHandling
3: [==========] Running 1 test from 1 test suite.
3: [----------] Global test environment set-up.
3: [----------] 1 test from FaultHandlerTest
3: [ RUN      ] FaultHandlerTest.SoftFaultHandling
3: [       OK ] FaultHandlerTest.SoftFaultHandling (0 ms)
3: [----------] 1 test from FaultHandlerTest (0 ms total)
3: 
3: [----------] Global test environment tear-down
3: [==========] 1 test from 1 test suite ran. (0 ms total)
3: [  PASSED  ] 1 test.
 3/15 Test  #3: FaultHandlerTest.SoftFaultHandling .................   Passed    0.01 sec
test 4
      Start  4: NetworkSyncTest.BouncingOwnership

4: Test command: /Users/zeeshanqazi/Desktop/projects/Geryon/build/tests/geryon_tests "--gtest_filter=NetworkSyncTest.BouncingOwnership" "--gtest_also_run_disabled_tests"
4: Working Directory: /Users/zeeshanqazi/Desktop/projects/Geryon/build/tests
4: Test timeout computed to be: 10000000
4: Running main() from /Users/zeeshanqazi/Desktop/projects/Geryon/build/_deps/googletest-src/googletest/src/gtest_main.cc
4: Note: Google Test filter = NetworkSyncTest.BouncingOwnership
4: [==========] Running 1 test from 1 test suite.
4: [----------] Global test environment set-up.
4: [----------] 1 test from NetworkSyncTest
4: [ RUN      ] NetworkSyncTest.BouncingOwnership
4: Replica 1 connected.
4: [       OK ] NetworkSyncTest.BouncingOwnership (2116 ms)
4: [----------] 1 test from NetworkSyncTest (2116 ms total)
4: 
4: [----------] Global test environment tear-down
4: [==========] 1 test from 1 test suite ran. (2116 ms total)
4: [  PASSED  ] 1 test.
 4/15 Test  #4: NetworkSyncTest.BouncingOwnership ..................   Passed    2.13 sec
test 5
      Start  5: NetworkSyncTest.StressTest

5: Test command: /Users/zeeshanqazi/Desktop/projects/Geryon/build/tests/geryon_tests "--gtest_filter=NetworkSyncTest.StressTest" "--gtest_also_run_disabled_tests"
5: Working Directory: /Users/zeeshanqazi/Desktop/projects/Geryon/build/tests
5: Test timeout computed to be: 10000000
5: Running main() from /Users/zeeshanqazi/Desktop/projects/Geryon/build/_deps/googletest-src/googletest/src/gtest_main.cc
5: Note: Google Test filter = NetworkSyncTest.StressTest
5: [==========] Running 1 test from 1 test suite.
5: [----------] Global test environment set-up.
5: [----------] 1 test from NetworkSyncTest
5: [ RUN      ] NetworkSyncTest.StressTest
5: Replica 1 connected.
5: [       OK ] NetworkSyncTest.StressTest (2135 ms)
5: [----------] 1 test from NetworkSyncTest (2135 ms total)
5: 
5: [----------] Global test environment tear-down
5: [==========] 1 test from 1 test suite ran. (2135 ms total)
5: [  PASSED  ] 1 test.
 5/15 Test  #5: NetworkSyncTest.StressTest .........................   Passed    2.17 sec
test 6
      Start  6: MultiClientTest.StarTopologyBouncing

6: Test command: /Users/zeeshanqazi/Desktop/projects/Geryon/build/tests/geryon_tests "--gtest_filter=MultiClientTest.StarTopologyBouncing" "--gtest_also_run_disabled_tests"
6: Working Directory: /Users/zeeshanqazi/Desktop/projects/Geryon/build/tests
6: Test timeout computed to be: 10000000
6: Running main() from /Users/zeeshanqazi/Desktop/projects/Geryon/build/_deps/googletest-src/googletest/src/gtest_main.cc
6: Note: Google Test filter = MultiClientTest.StarTopologyBouncing
6: [==========] Running 1 test from 1 test suite.
6: [----------] Global test environment set-up.
6: [----------] 1 test from MultiClientTest
6: [ RUN      ] MultiClientTest.StarTopologyBouncing
6: Replica 1 connected.
6: Replica 2 connected.
6: Replica 3 connected.
6: [       OK ] MultiClientTest.StarTopologyBouncing (6403 ms)
6: [----------] 1 test from MultiClientTest (6403 ms total)
6: 
6: [----------] Global test environment tear-down
6: [==========] 1 test from 1 test suite ran. (6403 ms total)
6: [  PASSED  ] 1 test.
 6/15 Test  #6: MultiClientTest.StarTopologyBouncing ...............   Passed    6.43 sec
test 7
      Start  7: SynchronizationTest.DistributedSpinLock

7: Test command: /Users/zeeshanqazi/Desktop/projects/Geryon/build/tests/geryon_tests "--gtest_filter=SynchronizationTest.DistributedSpinLock" "--gtest_also_run_disabled_tests"
7: Working Directory: /Users/zeeshanqazi/Desktop/projects/Geryon/build/tests
7: Test timeout computed to be: 10000000
7: Running main() from /Users/zeeshanqazi/Desktop/projects/Geryon/build/_deps/googletest-src/googletest/src/gtest_main.cc
7: Note: Google Test filter = SynchronizationTest.DistributedSpinLock
7: [==========] Running 1 test from 1 test suite.
7: [----------] Global test environment set-up.
7: [----------] 1 test from SynchronizationTest
7: [ RUN      ] SynchronizationTest.DistributedSpinLock
7: Replica 1 connected.
7: Primary finished.
7: Replica finished.
7: [       OK ] SynchronizationTest.DistributedSpinLock (2140 ms)
7: [----------] 1 test from SynchronizationTest (2140 ms total)
7: 
7: [----------] Global test environment tear-down
7: [==========] 1 test from 1 test suite ran. (2140 ms total)
7: [  PASSED  ] 1 test.
 7/15 Test  #7: SynchronizationTest.DistributedSpinLock ............   Passed    2.17 sec
test 8
      Start  8: InterprocessTest.SharedVector

8: Test command: /Users/zeeshanqazi/Desktop/projects/Geryon/build/tests/geryon_tests "--gtest_filter=InterprocessTest.SharedVector" "--gtest_also_run_disabled_tests"
8: Working Directory: /Users/zeeshanqazi/Desktop/projects/Geryon/build/tests
8: Test timeout computed to be: 10000000
8: Running main() from /Users/zeeshanqazi/Desktop/projects/Geryon/build/_deps/googletest-src/googletest/src/gtest_main.cc
8: Note: Google Test filter = InterprocessTest.SharedVector
8: [==========] Running 1 test from 1 test suite.
8: [----------] Global test environment set-up.
8: [----------] 1 test from InterprocessTest
8: [ RUN      ] InterprocessTest.SharedVector
8: Replica 1 connected.
8: [       OK ] InterprocessTest.SharedVector (2116 ms)
8: [----------] 1 test from InterprocessTest (2116 ms total)
8: 
8: [----------] Global test environment tear-down
8: [==========] 1 test from 1 test suite ran. (2116 ms total)
8: [  PASSED  ] 1 test.
 8/15 Test  #8: InterprocessTest.SharedVector ......................   Passed    2.14 sec
test 9
      Start  9: MemnonIntegrationTest.SegmentedInterprocess

9: Test command: /Users/zeeshanqazi/Desktop/projects/Geryon/build/tests/geryon_tests "--gtest_filter=MemnonIntegrationTest.SegmentedInterprocess" "--gtest_also_run_disabled_tests"
9: Working Directory: /Users/zeeshanqazi/Desktop/projects/Geryon/build/tests
9: Test timeout computed to be: 10000000
9: Running main() from /Users/zeeshanqazi/Desktop/projects/Geryon/build/_deps/googletest-src/googletest/src/gtest_main.cc
9: Note: Google Test filter = MemnonIntegrationTest.SegmentedInterprocess
9: [==========] Running 1 test from 1 test suite.
9: [----------] Global test environment set-up.
9: [----------] 1 test from MemnonIntegrationTest
9: [ RUN      ] MemnonIntegrationTest.SegmentedInterprocess
9: Replica 1 connected.
9: [       OK ] MemnonIntegrationTest.SegmentedInterprocess (2122 ms)
9: [----------] 1 test from MemnonIntegrationTest (2122 ms total)
9: 
9: [----------] Global test environment tear-down
9: [==========] 1 test from 1 test suite ran. (2122 ms total)
9: [  PASSED  ] 1 test.
 9/15 Test  #9: MemnonIntegrationTest.SegmentedInterprocess ........   Passed    2.14 sec
test 10
      Start 10: ConsistencyTest.TriggerSynchronization

10: Test command: /Users/zeeshanqazi/Desktop/projects/Geryon/build/tests/geryon_tests "--gtest_filter=ConsistencyTest.TriggerSynchronization" "--gtest_also_run_disabled_tests"
10: Working Directory: /Users/zeeshanqazi/Desktop/projects/Geryon/build/tests
10: Test timeout computed to be: 10000000
10: Running main() from /Users/zeeshanqazi/Desktop/projects/Geryon/build/_deps/googletest-src/googletest/src/gtest_main.cc
10: Note: Google Test filter = ConsistencyTest.TriggerSynchronization
10: [==========] Running 1 test from 1 test suite.
10: [----------] Global test environment set-up.
10: [----------] 1 test from ConsistencyTest
10: [ RUN      ] ConsistencyTest.TriggerSynchronization
10: Starting primary...
10: Primary started.
10: Starting replica...
10: Replica started.
10: Replica 1 connected.
10: Simulating replica page request 1
10: Simulating replica page request 2
10: Replica writing to pages
10: Primary triggering synchronization
10: Primary checking consistency
10: Stopping nodes
10: Test complete
10: [       OK ] ConsistencyTest.TriggerSynchronization (2160 ms)
10: [----------] 1 test from ConsistencyTest (2160 ms total)
10: 
10: [----------] Global test environment tear-down
10: [==========] 1 test from 1 test suite ran. (2161 ms total)
10: [  PASSED  ] 1 test.
10/15 Test #10: ConsistencyTest.TriggerSynchronization .............   Passed    2.19 sec
test 11
      Start 11: ConsistencyTest.ReplicaStopFlushesData

11: Test command: /Users/zeeshanqazi/Desktop/projects/Geryon/build/tests/geryon_tests "--gtest_filter=ConsistencyTest.ReplicaStopFlushesData" "--gtest_also_run_disabled_tests"
11: Working Directory: /Users/zeeshanqazi/Desktop/projects/Geryon/build/tests
11: Test timeout computed to be: 10000000
11: Running main() from /Users/zeeshanqazi/Desktop/projects/Geryon/build/_deps/googletest-src/googletest/src/gtest_main.cc
11: Note: Google Test filter = ConsistencyTest.ReplicaStopFlushesData
11: [==========] Running 1 test from 1 test suite.
11: [----------] Global test environment set-up.
11: [----------] 1 test from ConsistencyTest
11: [ RUN      ] ConsistencyTest.ReplicaStopFlushesData
11: Replica 1 connected.
11: [       OK ] ConsistencyTest.ReplicaStopFlushesData (2167 ms)
11: [----------] 1 test from ConsistencyTest (2167 ms total)
11: 
11: [----------] Global test environment tear-down
11: [==========] 1 test from 1 test suite ran. (2167 ms total)
11: [  PASSED  ] 1 test.
11/15 Test #11: ConsistencyTest.ReplicaStopFlushesData ...............   Passed    2.19 sec
test 12
      Start 12: ConsistencyTest.PrimaryStopInitiatesHandshake

12: Test command: /Users/zeeshanqazi/Desktop/projects/Geryon/build/tests/geryon_tests "--gtest_filter=ConsistencyTest.PrimaryStopInitiatesHandshake" "--gtest_also_run_disabled_tests"
12: Working Directory: /Users/zeeshanqazi/Desktop/projects/Geryon/build/tests
12: Test timeout computed to be: 10000000
12: Running main() from /Users/zeeshanqazi/Desktop/projects/Geryon/build/_deps/googletest-src/googletest/src/gtest_main.cc
12: Note: Google Test filter = ConsistencyTest.PrimaryStopInitiatesHandshake
12: [==========] Running 1 test from 1 test suite.
12: [----------] Global test environment set-up.
12: [----------] 1 test from ConsistencyTest
12: [ RUN      ] ConsistencyTest.PrimaryStopInitiatesHandshake
12: Replica 1 connected.
12: [       OK ] ConsistencyTest.PrimaryStopInitiatesHandshake (2062 ms)
12: [----------] 1 test from ConsistencyTest (2062 ms total)
12: 
12: [----------] Global test environment tear-down
12: [==========] 1 test from 1 test suite ran. (2062 ms total)
12: [  PASSED  ] 1 test.
12/15 Test #12: ConsistencyTest.PrimaryStopInitiatesHandshake .......   Passed    2.09 sec
test 13
      Start 13: CorrectnessTest.MultithreadMultipageCorrectness

13: Test command: /Users/zeeshanqazi/Desktop/projects/Geryon/build/tests/geryon_tests "--gtest_filter=CorrectnessTest.MultithreadMultipageCorrectness" "--gtest_also_run_disabled_tests"
13: Working Directory: /Users/zeeshanqazi/Desktop/projects/Geryon/build/tests
13: Test timeout computed to be: 10000000
13: Running main() from /Users/zeeshanqazi/Desktop/projects/Geryon/build/_deps/googletest-src/googletest/src/gtest_main.cc
13: Note: Google Test filter = CorrectnessTest.MultithreadMultipageCorrectness
13: [==========] Running 1 test from 1 test suite.
13: [----------] Global test environment set-up.
13: [----------] 1 test from CorrectnessTest
13: [ RUN      ] CorrectnessTest.MultithreadMultipageCorrectness
13: Replica 1 connected.
13: Replica 2 connected.
13: Replica 3 connected.
13: [       OK ] CorrectnessTest.MultithreadMultipageCorrectness (2982 ms)
13: [----------] 1 test from CorrectnessTest (2982 ms total)
13: 
13: [----------] Global test environment tear-down
13: [==========] 1 test from 1 test suite ran. (2982 ms total)
13: [  PASSED  ] 1 test.
13/15 Test #13: CorrectnessTest.MultithreadMultipageCorrectness ....   Passed    3.01 sec
test 14
      Start 14: CorrectnessTest.MultiprocessMultipageCorrectness

14: Test command: /Users/zeeshanqazi/Desktop/projects/Geryon/build/tests/geryon_tests "--gtest_filter=CorrectnessTest.MultiprocessMultipageCorrectness" "--gtest_also_run_disabled_tests"
14: Working Directory: /Users/zeeshanqazi/Desktop/projects/Geryon/build/tests
14: Test timeout computed to be: 10000000
14: Running main() from /Users/zeeshanqazi/Desktop/projects/Geryon/build/_deps/googletest-src/googletest/src/gtest_main.cc
14: Note: Google Test filter = CorrectnessTest.MultiprocessMultipageCorrectness
14: [==========] Running 1 test from 1 test suite.
14: [----------] Global test environment set-up.
14: [----------] 1 test from CorrectnessTest
14: [ RUN      ] CorrectnessTest.MultiprocessMultipageCorrectness
14: Running main() from /Users/zeeshanqazi/Desktop/projects/Geryon/build/_deps/googletest-src/googletest/src/gtest_main.cc
14: Note: Google Test filter = CorrectnessTest.MultiprocessMultipageCorrectness
14: [==========] Running 1 test from 1 test suite.
14: [----------] Global test environment set-up.
14: [----------] 1 test from CorrectnessTest
14: [ RUN      ] CorrectnessTest.MultiprocessMultipageCorrectness
14: Replica 1 connected.
14: Running main() from /Users/zeeshanqazi/Desktop/projects/Geryon/build/_deps/googletest-src/googletest/src/gtest_main.cc
14: Note: Google Test filter = CorrectnessTest.MultiprocessMultipageCorrectness
14: [==========] Running 1 test from 1 test suite.
14: [----------] Global test environment set-up.
14: [----------] 1 test from CorrectnessTest
14: [ RUN      ] CorrectnessTest.MultiprocessMultipageCorrectness
14: Replica 2 connected.
14: Running main() from /Users/zeeshanqazi/Desktop/projects/Geryon/build/_deps/googletest-src/googletest/src/gtest_main.cc
14: Note: Google Test filter = CorrectnessTest.MultiprocessMultipageCorrectness
14: [==========] Running 1 test from 1 test suite.
14: [----------] Global test environment set-up.
14: [----------] 1 test from CorrectnessTest
14: [ RUN      ] CorrectnessTest.MultiprocessMultipageCorrectness
14: Replica 3 connected.
14: [       OK ] CorrectnessTest.MultiprocessMultipageCorrectness (2166 ms)
14: [----------] 1 test from CorrectnessTest (2166 ms total)
14: 
14: [----------] Global test environment tear-down
14: [==========] 1 test from 1 test suite ran. (2166 ms total)
14: [  PASSED  ] 1 test.
14/15 Test #14: CorrectnessTest.MultiprocessMultipageCorrectness ...   Passed    2.19 sec
test 15
      Start 15: DistributedSortTest.MultiprocessPiecewiseSort

15: Test command: /Users/zeeshanqazi/Desktop/projects/Geryon/build/tests/geryon_tests "--gtest_filter=DistributedSortTest.MultiprocessPiecewiseSort" "--gtest_also_run_disabled_tests"
15: Working Directory: /Users/zeeshanqazi/Desktop/projects/Geryon/build/tests
15: Test timeout computed to be: 10000000
15: Running main() from /Users/zeeshanqazi/Desktop/projects/Geryon/build/_deps/googletest-src/googletest/src/gtest_main.cc
15: Note: Google Test filter = DistributedSortTest.MultiprocessPiecewiseSort
15: [==========] Running 1 test from 1 test suite.
15: [----------] Global test environment set-up.
15: [----------] 1 test from DistributedSortTest
15: [ RUN      ] DistributedSortTest.MultiprocessPiecewiseSort
15: Running main() from /Users/zeeshanqazi/Desktop/projects/Geryon/build/_deps/googletest-src/googletest/src/gtest_main.cc
15: Note: Google Test filter = DistributedSortTest.MultiprocessPiecewiseSort
15: [==========] Running 1 test from 1 test suite.
15: [----------] Global test environment set-up.
15: [----------] 1 test from DistributedSortTest
15: [ RUN      ] DistributedSortTest.MultiprocessPiecewiseSort
15: Replica 1 connected.
15: Running main() from /Users/zeeshanqazi/Desktop/projects/Geryon/build/_deps/googletest-src/googletest/src/gtest_main.cc
15: Note: Google Test filter = DistributedSortTest.MultiprocessPiecewiseSort
15: [==========] Running 1 test from 1 test suite.
15: [----------] Global test environment set-up.
15: [----------] 1 test from DistributedSortTest
15: [ RUN      ] DistributedSortTest.MultiprocessPiecewiseSort
15: Replica 2 connected.
15: Running main() from /Users/zeeshanqazi/Desktop/projects/Geryon/build/_deps/googletest-src/googletest/src/gtest_main.cc
15: Note: Google Test filter = DistributedSortTest.MultiprocessPiecewiseSort
15: [==========] Running 1 test from 1 test suite.
15: [----------] Global test environment set-up.
15: [----------] 1 test from DistributedSortTest
15: [ RUN      ] DistributedSortTest.MultiprocessPiecewiseSort
15: Replica 3 connected.
15: [Primary] Pages Sent: 3671, Pages Received: 3670 | Avg Transfer Time: 2.43857 us | Avg Time Between Transfers: 207.063 us
15: [Replica 2] Pages Sent: 1323, Pages Received: 1324 | Avg Transfer Time: 2.74452 us | Avg Time Between Transfers: 1318.15 us
15: [Replica 3] Pages Sent: 1323, Pages Received: 1324 | Avg Transfer Time: 2.61073 us | Avg Time Between Transfers: 1317.98 us
15: [Replica 1] Pages Sent: 1324, Pages Received: 1325 | Avg Transfer Time: 2.81949 us | Avg Time Between Transfers: 1320.26 us
15: [       OK ] DistributedSortTest.MultiprocessPiecewiseSort (4449 ms)
15: [----------] 1 test from DistributedSortTest (4449 ms total)
15: 
15: [----------] Global test environment tear-down
15: [==========] 1 test from 1 test suite ran. (4449 ms total)
15: [  PASSED  ] 1 test.
15/15 Test #15: DistributedSortTest.MultiprocessPiecewiseSort ......   Passed    4.48 sec

100% tests passed, 0 tests failed out of 15

Total Test time (real) =  33.39 sec
macOS loop done
